{
"type": "FeatureCollection",
"name": "All Wards",
"crs": { "type": "name", "properties": { "name": "urn:ogc:def:crs:OGC:1.3:CRS84" } },
"features": [
{ "type": "Feature", "properties": { "name": "EB 0080", "visibility": false, "descriptio": "EB Number 0080\nEB Total Population   625\nEB Sc Population       157\nEB ST Population        00", "styleUrl": "#msn_ylw-pushpin7", "fill_opaci": 0, "fill": "#ffffff", "stroke_opa": 1, "stroke": "#00aa00", "stroke_wid": 5, "icon_scale": 1.1, "icon_offse": null, "icon_off_1": null, "icon": "http://maps.google.com/mapfiles/kml/pushpin/ylw-pushpin.png" }, "geometry": { "type": "MultiPolygon", "coordinates": [ [ [ [ 73.236287560312732, 18.52045068001464 ], [ 73.236171977750843, 18.520450618232459 ], [ 73.236027768469214, 18.520406465436832 ], [ 73.235891393873089, 18.52032944856035 ], [ 73.235793076677254, 18.520373333332341 ], [ 73.23565109694654, 18.52034038060189 ], [ 73.235543294501653, 18.520406358806241 ], [ 73.235488213018627, 18.520529178489799 ], [ 73.235397738192276, 18.520653209370678 ], [ 73.235284685281044, 18.520790399077089 ], [ 73.235298353106728, 18.520917175988689 ], [ 73.235233783900995, 18.52108119821164 ], [ 73.235128897048995, 18.521330543905329 ], [ 73.235109268988055, 18.52162012535608 ], [ 73.235098967774391, 18.521880559207741 ], [ 73.235123127888386, 18.522131646111241 ], [ 73.235071453513882, 18.522514371815419 ], [ 73.234964146012643, 18.52273534219059 ], [ 73.234899840003223, 18.523014258836099 ], [ 73.234660176758112, 18.523123191405851 ], [ 73.234459454353541, 18.52309043248162 ], [ 73.234226371305795, 18.5231235442611 ], [ 73.233975753944193, 18.52314367292562 ], [ 73.233809287005641, 18.52310060993598 ], [ 73.233537464390167, 18.523178284189591 ], [ 73.233380285396308, 18.523200199384931 ], [ 73.233190229508935, 18.523291332394908 ], [ 73.23295529170116, 18.523435436266961 ], [ 73.232634133452208, 18.523558988792018 ], [ 73.232399982307214, 18.52354750405803 ], [ 73.232108277341212, 18.523660089419209 ], [ 73.231850642983673, 18.52378541596477 ], [ 73.231563062380118, 18.52386504121603 ], [ 73.231219049717794, 18.523993852306489 ], [ 73.231050269800633, 18.524053068800441 ], [ 73.230904936588885, 18.52403061389257 ], [ 73.230795736236445, 18.524137330179322 ], [ 73.23062962315386, 18.52412746604162 ], [ 73.230462818017642, 18.524117081528829 ], [ 73.230332863463218, 18.524188634038659 ], [ 73.230149651938433, 18.5242360705697 ], [ 73.229994151114511, 18.524235929165439 ], [ 73.229761509470563, 18.524282911094371 ], [ 73.229611997657514, 18.524319743765972 ], [ 73.229466747218723, 18.52430802492529 ], [ 73.229282326250839, 18.52427219225353 ], [ 73.229087583105354, 18.524440313896871 ], [ 73.228880558024571, 18.524525117865341 ], [ 73.228642540482795, 18.52467199491133 ], [ 73.228535042562328, 18.524808125989608 ], [ 73.228382434029399, 18.524996301433681 ], [ 73.228448530097864, 18.524920547556 ], [ 73.22843508982065, 18.524783516284071 ], [ 73.228386628275771, 18.524660214158491 ], [ 73.228245227354677, 18.524574527346239 ], [ 73.228321070392624, 18.52448809705583 ], [ 73.228503551288497, 18.524281216879821 ], [ 73.228674246320708, 18.524295660936911 ], [ 73.228815639346038, 18.524175754933982 ], [ 73.228904593497802, 18.524012179610491 ], [ 73.229010573756113, 18.52390755242752 ], [ 73.229089224370711, 18.523780585666959 ], [ 73.229121660029051, 18.523666065877809 ], [ 73.229003257205051, 18.52356337192019 ], [ 73.228895556690645, 18.523349694171841 ], [ 73.228793395239876, 18.523073949206388 ], [ 73.228572057233364, 18.522942763126942 ], [ 73.228282530076129, 18.522781462948569 ], [ 73.227909727335231, 18.52265402024101 ], [ 73.227672665110745, 18.522811148835199 ], [ 73.227662156204019, 18.52266348197897 ], [ 73.227571865268374, 18.522496461605989 ], [ 73.227275286987521, 18.522402703816841 ], [ 73.226913172972459, 18.522298194357539 ], [ 73.226611926490961, 18.522227606383609 ], [ 73.226313989615946, 18.522248243655181 ], [ 73.226016949459805, 18.522411873000859 ], [ 73.225682248411758, 18.522759739533221 ], [ 73.225574476213311, 18.5232078545625 ], [ 73.225532202185121, 18.523501219690711 ], [ 73.225438476486659, 18.52393667633503 ], [ 73.225421261619459, 18.524020838110658 ], [ 73.225406223455167, 18.524154601666002 ], [ 73.225273592061825, 18.52432917419295 ], [ 73.225321869347198, 18.524378842780461 ], [ 73.225680627576438, 18.52449319113952 ], [ 73.22568943581571, 18.524775168010571 ], [ 73.226174088942741, 18.52652619280699 ], [ 73.226245015363787, 18.526943077966731 ], [ 73.226400300567491, 18.5273562959743 ], [ 73.226091854377287, 18.527983631647189 ], [ 73.226133710517445, 18.528751040489709 ], [ 73.226061479684759, 18.529071502233979 ], [ 73.22638573295886, 18.530051593270588 ], [ 73.225949009418244, 18.531231068593389 ], [ 73.226334272029604, 18.532499837304961 ], [ 73.226345390997423, 18.53306325209789 ], [ 73.225786956068561, 18.53377531781565 ], [ 73.22557844196001, 18.533913714279588 ], [ 73.225575519329055, 18.534057642556419 ], [ 73.225659043169259, 18.534136181656521 ], [ 73.225719117364747, 18.534105349297931 ], [ 73.225786260278383, 18.534097417292539 ], [ 73.225916303265436, 18.534067992683109 ], [ 73.226074620097805, 18.533947253783829 ], [ 73.226351715766071, 18.533757473778309 ], [ 73.226539413898507, 18.533589979269411 ], [ 73.226710333026261, 18.53345553168047 ], [ 73.226994121872806, 18.533203492766901 ], [ 73.227249567264479, 18.533020244129681 ], [ 73.227443826947976, 18.53283756756791 ], [ 73.227666266574573, 18.532640674802 ], [ 73.227816750262107, 18.532497187914931 ], [ 73.228014215357192, 18.532338303821831 ], [ 73.228098009332882, 18.532265318018581 ], [ 73.228234925784406, 18.532003383521879 ], [ 73.228409512254842, 18.531726622785289 ], [ 73.228593036295649, 18.531581226385491 ], [ 73.228759437566993, 18.531508909340431 ], [ 73.229061058161591, 18.531346184872341 ], [ 73.22922888245111, 18.531260057584131 ], [ 73.229318930700529, 18.531237843671398 ], [ 73.229392918294423, 18.53122539229069 ], [ 73.229990184870019, 18.531204123664111 ], [ 73.230314793745535, 18.531240235133051 ], [ 73.23057898542443, 18.531299293715051 ], [ 73.231045139210877, 18.531374762040649 ], [ 73.231607770903381, 18.531323262583669 ], [ 73.231895711260194, 18.531325777956351 ], [ 73.232805326974869, 18.531200050497461 ], [ 73.233358523611187, 18.531229006394689 ], [ 73.234272975377039, 18.53118002507998 ], [ 73.235030219387539, 18.531116709296061 ], [ 73.2351994024487, 18.531063907082931 ], [ 73.235438803871645, 18.53102809075633 ], [ 73.235774516965478, 18.530895500250729 ], [ 73.236059523758485, 18.53089790639206 ], [ 73.236451760848496, 18.530911527337359 ], [ 73.236894172132878, 18.531003491012211 ], [ 73.237408780053244, 18.5310327024957 ], [ 73.23774269851954, 18.531031024278619 ], [ 73.237875725435444, 18.531057591697799 ], [ 73.238226009117156, 18.531249198278829 ], [ 73.23843891217841, 18.531218113978159 ], [ 73.238830891157477, 18.531409902888569 ], [ 73.23915100547481, 18.531573788035239 ], [ 73.239246191514127, 18.53154810695737 ], [ 73.239492131718109, 18.531358363067451 ], [ 73.239477957054802, 18.52987467470534 ], [ 73.239740100529502, 18.527986073534301 ], [ 73.239701889252089, 18.527674484266939 ], [ 73.239789792924427, 18.527193059374969 ], [ 73.239869651883055, 18.526856983741109 ], [ 73.239874762359179, 18.526444921141831 ], [ 73.23983509178116, 18.526161356058321 ], [ 73.23996146723745, 18.52620336322201 ], [ 73.240178300510792, 18.526136115890719 ], [ 73.240440176554486, 18.526293018970161 ], [ 73.240636717666732, 18.526262147953592 ], [ 73.240892101924729, 18.52627751311519 ], [ 73.241158442415184, 18.52621442911223 ], [ 73.241282947602883, 18.52610956428494 ], [ 73.241426620367818, 18.525937018758281 ], [ 73.241290909474614, 18.525910432268621 ], [ 73.241105131997003, 18.52581652506068 ], [ 73.240759998431088, 18.525664908733379 ], [ 73.240513423072827, 18.525556456632501 ], [ 73.240308250048386, 18.525494855489061 ], [ 73.240141752548197, 18.525411309078908 ], [ 73.239960880220252, 18.52545707841707 ], [ 73.239771379304145, 18.525397553657459 ], [ 73.23948996051827, 18.525310762091209 ], [ 73.2393790924434, 18.52511920429809 ], [ 73.239172866322647, 18.524945493771622 ], [ 73.238889881268634, 18.52481784389002 ], [ 73.238641154345217, 18.52458917654808 ], [ 73.238449330695389, 18.524319587529309 ], [ 73.238481427391989, 18.523829101783331 ], [ 73.238547755409627, 18.523309378136581 ], [ 73.238615787173913, 18.522678868695991 ], [ 73.238632638868665, 18.52244670179569 ], [ 73.238747191090823, 18.522106472252979 ], [ 73.238910917787535, 18.52177088979338 ], [ 73.239190537278915, 18.521425048103531 ], [ 73.239341142097842, 18.52129395992057 ], [ 73.239419841767173, 18.52119596663017 ], [ 73.239277296359575, 18.52118578485479 ], [ 73.239082746724534, 18.5211866407797 ], [ 73.238900859938127, 18.521143282762289 ], [ 73.238748529858896, 18.52114303811425 ], [ 73.238538782164227, 18.5211215614836 ], [ 73.238350727976922, 18.521099860029501 ], [ 73.238259963672533, 18.521012798623889 ], [ 73.23814929497027, 18.521001239273669 ], [ 73.238074798937646, 18.52101146398287 ], [ 73.238005470656447, 18.520914576969329 ], [ 73.237864944048283, 18.520765952484929 ], [ 73.237696867423523, 18.520639691724451 ], [ 73.23758777119167, 18.520545788255099 ], [ 73.237448732399599, 18.520462480714851 ], [ 73.237321788512816, 18.520380285142451 ], [ 73.237232274286825, 18.520339321670001 ], [ 73.237124514128283, 18.520318803918698 ], [ 73.237102208008466, 18.520308567619448 ], [ 73.237036230531928, 18.52037000663432 ], [ 73.236978220241156, 18.520420428195958 ], [ 73.236898786194317, 18.52047093152877 ], [ 73.236742158626299, 18.52049112085394 ], [ 73.236655750228692, 18.520470812940221 ], [ 73.236528953450772, 18.520470751013011 ], [ 73.236390099375285, 18.52043972883089 ], [ 73.236287560312732, 18.52045068001464 ] ] ] ] } },
{ "type": "Feature", "properties": { "name": "EB 0081", "visibility": false, "descriptio": "EB Number 0081\nEB Total Population    105\nEB Sc Population          00\nEB ST Population        105", "styleUrl": "#msn_ylw-pushpin7", "fill_opaci": 0, "fill": "#ffffff", "stroke_opa": 1, "stroke": "#00aa00", "stroke_wid": 5, "icon_scale": 1.1, "icon_offse": null, "icon_off_1": null, "icon": "http://maps.google.com/mapfiles/kml/pushpin/ylw-pushpin.png" }, "geometry": { "type": "MultiPolygon", "coordinates": [ [ [ [ 73.239034484410112, 18.531667501511681 ], [ 73.238938689490695, 18.531642292664479 ], [ 73.238804602024175, 18.531640858499799 ], [ 73.238327180316617, 18.531398171234521 ], [ 73.238169056551143, 18.531408032636119 ], [ 73.237743404450228, 18.531224525777489 ], [ 73.237510078538818, 18.531177150573441 ], [ 73.237182250222048, 18.531166508260139 ], [ 73.23665229241351, 18.531105305165259 ], [ 73.236069041884321, 18.53104627607792 ], [ 73.235733053346124, 18.531096948641391 ], [ 73.235074877610856, 18.531238587875031 ], [ 73.234785991655471, 18.531274723767169 ], [ 73.234490978119311, 18.531298587493129 ], [ 73.234154281629003, 18.531315600999491 ], [ 73.233812305709208, 18.53133697135155 ], [ 73.233502291280274, 18.531371391291369 ], [ 73.233319919057152, 18.531383447792241 ], [ 73.233047057110255, 18.531370484999719 ], [ 73.23279405708405, 18.531358732765661 ], [ 73.232661946824535, 18.531358318527211 ], [ 73.232551315860249, 18.53137368431673 ], [ 73.232314628238328, 18.531420176297711 ], [ 73.232022674343398, 18.53145687225248 ], [ 73.23185578983302, 18.53150449156238 ], [ 73.231436721678477, 18.531496017382441 ], [ 73.230939222171031, 18.531481341703721 ], [ 73.230665167751908, 18.531453206062679 ], [ 73.230331764862058, 18.531401351561019 ], [ 73.230019320434707, 18.531362759569308 ], [ 73.229553452142753, 18.531342587042651 ], [ 73.229378935121758, 18.531372590108919 ], [ 73.229276013488189, 18.531409760375059 ], [ 73.229140130371306, 18.53145878952175 ], [ 73.228798970129105, 18.531651996506699 ], [ 73.228643470797337, 18.531748667058 ], [ 73.228483979243137, 18.53189059209399 ], [ 73.228447396015923, 18.53195644319764 ], [ 73.22833455323935, 18.532141679280631 ], [ 73.228211272610366, 18.53236233320299 ], [ 73.228130727001357, 18.532454626240639 ], [ 73.227986747125598, 18.532581527367721 ], [ 73.22759203794574, 18.532929416144459 ], [ 73.227313684544612, 18.533176677233332 ], [ 73.227006809045861, 18.533446850459111 ], [ 73.226787214919497, 18.53362794383915 ], [ 73.226546883731018, 18.53384525966511 ], [ 73.226360712470608, 18.533954124879578 ], [ 73.226184634250558, 18.534092792969329 ], [ 73.226108249310201, 18.534167967028829 ], [ 73.226150819240033, 18.534261472693942 ], [ 73.226228131412043, 18.53432184516058 ], [ 73.226279880036643, 18.534370076910641 ], [ 73.226272617684728, 18.534477017591058 ], [ 73.226302198470023, 18.534537661133889 ], [ 73.226368633803489, 18.53457545783305 ], [ 73.226414259639768, 18.53472885473774 ], [ 73.226528400581216, 18.53476382834917 ], [ 73.226593270230268, 18.534867924248552 ], [ 73.226766678859619, 18.535119855809079 ], [ 73.226715431937279, 18.535063607185869 ], [ 73.227017166467661, 18.534778603679118 ], [ 73.227640134241057, 18.534743713177662 ], [ 73.228176522555771, 18.534210806845849 ], [ 73.228504809264919, 18.533948512827109 ], [ 73.228804644505402, 18.53390093319025 ], [ 73.229046717664417, 18.534077239808362 ], [ 73.229300565361243, 18.534269489391701 ], [ 73.229607539709519, 18.53445080370863 ], [ 73.22992419164693, 18.534588095063992 ], [ 73.230282609596259, 18.534744101765771 ], [ 73.230572887578248, 18.53488182121815 ], [ 73.230914140074702, 18.53496171018956 ], [ 73.231335350771474, 18.535018332649361 ], [ 73.231703724303088, 18.534967302032729 ], [ 73.231867285646459, 18.53501835422756 ], [ 73.232022209691209, 18.535174766652752 ], [ 73.232284527890073, 18.535325823268099 ], [ 73.232655370208903, 18.53515404091225 ], [ 73.232839833408292, 18.535134787129401 ], [ 73.23315344257891, 18.534896431139909 ], [ 73.233764306480111, 18.534697409189821 ], [ 73.234154133430678, 18.534428065096321 ], [ 73.234483989002413, 18.53441066964675 ], [ 73.234913023495125, 18.5344536779306 ], [ 73.235205480838744, 18.534544012900952 ], [ 73.235495784522101, 18.53454987987487 ], [ 73.235870671988962, 18.53465809337289 ], [ 73.236235877200059, 18.53474772179241 ], [ 73.236555584054415, 18.53500318045597 ], [ 73.236921100493191, 18.535289406609689 ], [ 73.237223975370682, 18.53553140095406 ], [ 73.237731743331665, 18.535491527419541 ], [ 73.238401499412163, 18.535539629518802 ], [ 73.238914146887694, 18.535624201715489 ], [ 73.239003366801199, 18.535304395031869 ], [ 73.238965602916579, 18.534798999903732 ], [ 73.23906113142985, 18.534234386559358 ], [ 73.239006097141086, 18.533511900548501 ], [ 73.238994682589933, 18.533099534919909 ], [ 73.239002547392047, 18.532539513763989 ], [ 73.238999787953844, 18.532359137806221 ], [ 73.239000861703289, 18.532177308296792 ], [ 73.239038739857463, 18.532052753763651 ], [ 73.239069536306545, 18.53197122232865 ], [ 73.239090082444108, 18.531830725497329 ], [ 73.23911230876368, 18.531726813681502 ], [ 73.239034484410112, 18.531667501511681 ] ] ] ] } },
{ "type": "Feature", "properties": { "name": "EB 0084", "visibility": false, "descriptio": "EB Number 0084\nEB Total Population   122\nEB Sc Population        00\nEB ST Population        83", "styleUrl": "#msn_ylw-pushpin7", "fill_opaci": 0, "fill": "#ffffff", "stroke_opa": 1, "stroke": "#00aa00", "stroke_wid": 5, "icon_scale": 1.1, "icon_offse": null, "icon_off_1": null, "icon": "http://maps.google.com/mapfiles/kml/pushpin/ylw-pushpin.png" }, "geometry": { "type": "MultiPolygon", "coordinates": [ [ [ [ 73.222641765583774, 18.550731704313481 ], [ 73.222960498114944, 18.550602258859868 ], [ 73.224023171798393, 18.550430171682589 ], [ 73.224619895585491, 18.551364176848171 ], [ 73.225069079206548, 18.552031618819139 ], [ 73.225420651758455, 18.552747492165199 ], [ 73.225694101731094, 18.55333137541832 ], [ 73.226025459014537, 18.55352776825065 ], [ 73.226227309549841, 18.553694561722711 ], [ 73.226406628059848, 18.5538013413275 ], [ 73.226684106769312, 18.553921197321191 ], [ 73.226860706106905, 18.55400565017705 ], [ 73.227050473713277, 18.554119299479861 ], [ 73.227276017286513, 18.554325162604059 ], [ 73.227497506454128, 18.554397217596659 ], [ 73.227689713326441, 18.55450388005568 ], [ 73.2280118030842, 18.554513951126491 ], [ 73.228307944633386, 18.554510968389291 ], [ 73.228505591910178, 18.554500898813622 ], [ 73.228746321330476, 18.554444895554859 ], [ 73.229019140770177, 18.55439186344675 ], [ 73.229402168155246, 18.55450513670527 ], [ 73.229783612268335, 18.554622077127039 ], [ 73.230029208180625, 18.554718997547251 ], [ 73.23034309837054, 18.555139584627089 ], [ 73.230548147658638, 18.555440063588961 ], [ 73.230765695752197, 18.555750767837971 ], [ 73.231042810858099, 18.556127822357642 ], [ 73.231243413676196, 18.55640462234436 ], [ 73.231296925422541, 18.556406833090829 ], [ 73.231423497085615, 18.556110917073351 ], [ 73.231620377298583, 18.555647227588299 ], [ 73.231750062460293, 18.555329325071341 ], [ 73.231904714414085, 18.554980434804449 ], [ 73.232055713845142, 18.554652205908901 ], [ 73.232116992561899, 18.554497870041232 ], [ 73.232181940833897, 18.554349531348009 ], [ 73.232258197596465, 18.554150486566151 ], [ 73.232435745527766, 18.5537462542542 ], [ 73.232584447185445, 18.553411954392431 ], [ 73.232783285517385, 18.55295467211424 ], [ 73.232893329185941, 18.55270677365219 ], [ 73.232996563228156, 18.55247046499662 ], [ 73.233082797575477, 18.552259897997349 ], [ 73.233168239240143, 18.552076447571281 ], [ 73.233301178639039, 18.551765977647239 ], [ 73.233492277268795, 18.551310218857381 ], [ 73.233597715997092, 18.55107812584825 ], [ 73.233767161475399, 18.55080216730363 ], [ 73.233995620017382, 18.550572983838428 ], [ 73.234193958401931, 18.55037954490556 ], [ 73.234369023285282, 18.550196510069409 ], [ 73.234891253996722, 18.549684210118421 ], [ 73.235231998030073, 18.549357575191308 ], [ 73.235454289427039, 18.549125360084901 ], [ 73.235841687590892, 18.548744005961051 ], [ 73.235921525773691, 18.548659406209961 ], [ 73.236046574610981, 18.54854086365545 ], [ 73.236140436333969, 18.54844527811608 ], [ 73.236236118121084, 18.548350839548121 ], [ 73.236335953491988, 18.548252131705372 ], [ 73.236450864625183, 18.548137318686031 ], [ 73.23650956073601, 18.548077420237831 ], [ 73.236672802879283, 18.547954070317399 ], [ 73.236839070642375, 18.547832143051028 ], [ 73.237021165700583, 18.54771235113893 ], [ 73.237209528421985, 18.547563541642951 ], [ 73.237361679456498, 18.547462002675388 ], [ 73.237653945285572, 18.547255928050159 ], [ 73.238233210884445, 18.546826412293449 ], [ 73.238251726511677, 18.5467595158668 ], [ 73.238289657252039, 18.545959815094431 ], [ 73.238349254944012, 18.5449467302534 ], [ 73.238399175966165, 18.544002235563479 ], [ 73.238450982986379, 18.543124874333792 ], [ 73.238495701324993, 18.542470641055139 ], [ 73.23855151594833, 18.541340880039609 ], [ 73.238605081748346, 18.54043003842753 ], [ 73.238682421297568, 18.53886691318559 ], [ 73.238754786357859, 18.537976545363222 ], [ 73.23879483714552, 18.53736014566503 ], [ 73.238857135786262, 18.5365526785036 ], [ 73.238917132728645, 18.536029640066189 ], [ 73.23894973367986, 18.535630589211191 ], [ 73.238847298992852, 18.535609637008552 ], [ 73.238644530171811, 18.535587535944479 ], [ 73.238241247378681, 18.535529161704439 ], [ 73.237817933752936, 18.53549777670413 ], [ 73.237473007234129, 18.53551822467249 ], [ 73.237230644795673, 18.535533911686471 ], [ 73.23672089589499, 18.535129156330289 ], [ 73.236243948009218, 18.534753205535939 ], [ 73.235665488655087, 18.534600395816611 ], [ 73.235194619893861, 18.534540569349598 ], [ 73.234924287792936, 18.534443672958261 ], [ 73.234169409746201, 18.534427880323459 ], [ 73.233818053123116, 18.534657857005971 ], [ 73.232984889956754, 18.53501871764556 ], [ 73.232302181314068, 18.53535036533799 ], [ 73.231812973424042, 18.53502813865024 ], [ 73.231071550614303, 18.53496359442401 ], [ 73.229507849720193, 18.534436618836072 ], [ 73.22883251027973, 18.533994320020032 ], [ 73.228499061973665, 18.534017870523829 ], [ 73.228185909902408, 18.534186280572971 ], [ 73.227551463943314, 18.534750859884859 ], [ 73.227189609786905, 18.53480164938793 ], [ 73.225721975891844, 18.53845936569655 ], [ 73.224474220774852, 18.541096918479429 ], [ 73.223903907626791, 18.544404210888629 ], [ 73.223423560109609, 18.54725699790718 ], [ 73.223189579440515, 18.549292285704841 ], [ 73.222641765583774, 18.550731704313481 ] ] ] ] } },
{ "type": "Feature", "properties": { "name": "EB 001", "visibility": false, "descriptio": "EB Number 001\nEB Total Population   677\nEB Sc Population        00\nEB ST Population        09", "styleUrl": "#msn_ylw-pushpin7", "fill_opaci": 0, "fill": "#ffffff", "stroke_opa": 1, "stroke": "#00aa00", "stroke_wid": 5, "icon_scale": 1.1, "icon_offse": null, "icon_off_1": null, "icon": "http://maps.google.com/mapfiles/kml/pushpin/ylw-pushpin.png" }, "geometry": { "type": "MultiPolygon", "coordinates": [ [ [ [ 73.222631501225493, 18.5507136967238 ], [ 73.222640576492452, 18.550717331134582 ], [ 73.222652975494555, 18.55070869463524 ], [ 73.222722455949054, 18.550521365642972 ], [ 73.222779682425241, 18.550363142219911 ], [ 73.222886359875432, 18.550089227647959 ], [ 73.222984868327273, 18.549838498374729 ], [ 73.223026662811705, 18.54972837050255 ], [ 73.223196769564282, 18.549265590028419 ], [ 73.223223751889563, 18.549010225100542 ], [ 73.223259757151197, 18.548724671058491 ], [ 73.223306528197554, 18.548289329437321 ], [ 73.223330196238734, 18.548088569899509 ], [ 73.223366491876575, 18.547869213829848 ], [ 73.223444420352223, 18.547147676552949 ], [ 73.22283798645914, 18.545877360651961 ], [ 73.222313532029673, 18.54554864628173 ], [ 73.221739138299171, 18.545515688174479 ], [ 73.221469118494582, 18.54560015067749 ], [ 73.221101580484657, 18.545660019662119 ], [ 73.220901622418012, 18.545685683332859 ], [ 73.220886656379236, 18.54574808959114 ], [ 73.220886167231782, 18.545834221302211 ], [ 73.220877081877603, 18.546022163951079 ], [ 73.220860728062931, 18.546282852839362 ], [ 73.220861369249917, 18.546568386718029 ], [ 73.220837120117523, 18.546928328332669 ], [ 73.220842191672446, 18.547453143519629 ], [ 73.220813220277734, 18.54808373135252 ], [ 73.220804930290029, 18.548503711222519 ], [ 73.220809762378209, 18.54938843404112 ], [ 73.220799932189507, 18.549586327436611 ], [ 73.220810546554773, 18.549722906052281 ], [ 73.220819309094708, 18.54991862938277 ], [ 73.220831082374318, 18.55028189518082 ], [ 73.220856296050854, 18.550758231365698 ], [ 73.220866311625414, 18.55108760158123 ], [ 73.220881509620085, 18.551183462683682 ], [ 73.220951052707534, 18.551216368441239 ], [ 73.221027032580338, 18.551242626857771 ], [ 73.221202804017153, 18.551134685065112 ], [ 73.221342102354441, 18.55105596586198 ], [ 73.221410034502938, 18.55101349745793 ], [ 73.221457528842322, 18.551001489180919 ], [ 73.221501199754627, 18.550973120464828 ], [ 73.221551924592745, 18.550944991641131 ], [ 73.221587219574175, 18.550907206041149 ], [ 73.22163707305566, 18.550870221986742 ], [ 73.221676249758744, 18.550833754863891 ], [ 73.221711744209145, 18.550808933561289 ], [ 73.22175027293197, 18.550783913872671 ], [ 73.221770867298829, 18.550781515057789 ], [ 73.221815369656795, 18.550783013646029 ], [ 73.22186702534762, 18.55078835794188 ], [ 73.221909816477009, 18.55080544852866 ], [ 73.221949583022976, 18.55082559787272 ], [ 73.221979308088265, 18.550856231494372 ], [ 73.222119745673666, 18.550825959713571 ], [ 73.222245238792311, 18.550793210211911 ], [ 73.222409226653994, 18.550765992007161 ], [ 73.222525100424804, 18.55073585252028 ], [ 73.222631501225493, 18.5507136967238 ] ] ] ] } },
{ "type": "Feature", "properties": { "name": "EB 0083", "visibility": false, "descriptio": "EB Number 0083\nEB Total Population   81\nEB Sc Population        00\nEB ST Population        81", "styleUrl": "#msn_ylw-pushpin7", "fill_opaci": 0, "fill": "#ffffff", "stroke_opa": 1, "stroke": "#00aa00", "stroke_wid": 5, "icon_scale": 1.1, "icon_offse": null, "icon_off_1": null, "icon": "http://maps.google.com/mapfiles/kml/pushpin/ylw-pushpin.png" }, "geometry": { "type": "MultiPolygon", "coordinates": [ [ [ [ 73.22093030967676, 18.55120478278916 ], [ 73.220890043550227, 18.551185997090901 ], [ 73.2207153795691, 18.55107640250618 ], [ 73.22068599565182, 18.551057251273079 ], [ 73.220584738782591, 18.551078043776819 ], [ 73.220357763137883, 18.551152403944581 ], [ 73.220139672599629, 18.551233888967889 ], [ 73.220081383372019, 18.551214807532489 ], [ 73.220019389300063, 18.551215409475009 ], [ 73.219819072591321, 18.551258305058361 ], [ 73.219812828613414, 18.551260942004351 ], [ 73.219839539977471, 18.551308527267121 ], [ 73.219918852510901, 18.55144381090135 ], [ 73.220049226703821, 18.551667148751712 ], [ 73.220185121766661, 18.551900462565829 ], [ 73.220325554391707, 18.55214024556836 ], [ 73.22044542638092, 18.55234653102498 ], [ 73.220557082449517, 18.55253768558034 ], [ 73.220609217590919, 18.55275806544789 ], [ 73.220716766482667, 18.553229705587619 ], [ 73.220811607378465, 18.553644763800989 ], [ 73.220907611761248, 18.55405701415037 ], [ 73.220999920890137, 18.55446683443963 ], [ 73.221640021696956, 18.556868477685072 ], [ 73.221974707477614, 18.557445761211969 ], [ 73.22215038266414, 18.557749654199881 ], [ 73.222367597818845, 18.5580976121656 ], [ 73.222509109851316, 18.558343833774899 ], [ 73.223010474966571, 18.559029441212651 ], [ 73.223575856277222, 18.55977785016535 ], [ 73.223920343241218, 18.560242247153688 ], [ 73.224132854908262, 18.56013129469633 ], [ 73.22424415615437, 18.560063751175189 ], [ 73.224482880464265, 18.559875723611398 ], [ 73.22464651000945, 18.55959407605318 ], [ 73.224827231059265, 18.559585387442251 ], [ 73.225122814349788, 18.559483746799462 ], [ 73.225439728931306, 18.559380723165901 ], [ 73.225847891881983, 18.55925112978187 ], [ 73.226570388325399, 18.559026786469929 ], [ 73.227459786818628, 18.55874835508979 ], [ 73.227686941148235, 18.558788176133231 ], [ 73.227951450538967, 18.558825199075159 ], [ 73.228299742807252, 18.558872447084759 ], [ 73.228527608228347, 18.558912481200821 ], [ 73.228803744906287, 18.558813990852851 ], [ 73.229211986868037, 18.558687185655671 ], [ 73.229630860494282, 18.558547619284521 ], [ 73.229891566181919, 18.558292412242611 ], [ 73.230207029375237, 18.557965412650081 ], [ 73.230455603106307, 18.55771312929717 ], [ 73.230752187948156, 18.557308821275459 ], [ 73.231087527770143, 18.556867497386879 ], [ 73.231194638006968, 18.556618062070491 ], [ 73.231266619610238, 18.556449546107949 ], [ 73.231286573585251, 18.55640738575724 ], [ 73.231251524962374, 18.556403694127109 ], [ 73.231211760981211, 18.55636414604357 ], [ 73.231166023030497, 18.55629495286669 ], [ 73.231113702490035, 18.556225552318299 ], [ 73.231039581526147, 18.55612556760164 ], [ 73.2309742057233, 18.556028386719831 ], [ 73.230886326867122, 18.555915850001249 ], [ 73.230797466381759, 18.55579410185808 ], [ 73.230696676995123, 18.555654646254091 ], [ 73.23066214176113, 18.55560137964903 ], [ 73.23060908745542, 18.55552542417907 ], [ 73.230541395498221, 18.55543148015332 ], [ 73.230499567080386, 18.55536736627511 ], [ 73.230464453629907, 18.55531527329892 ], [ 73.230428766079285, 18.555263829841721 ], [ 73.230378592813793, 18.555191020732011 ], [ 73.230302265261471, 18.555084659518709 ], [ 73.230229762677695, 18.554987415673249 ], [ 73.230170155191288, 18.55490923565592 ], [ 73.230081622632028, 18.5547874749324 ], [ 73.230034399220798, 18.554726290010489 ], [ 73.229996192872079, 18.554709787639428 ], [ 73.229938026590105, 18.55468626635426 ], [ 73.229895095138787, 18.554671263165002 ], [ 73.229823974538718, 18.554642168387129 ], [ 73.229715512644873, 18.55459612111359 ], [ 73.229680568399658, 18.554592612967738 ], [ 73.229610692232612, 18.554571836828639 ], [ 73.229551640742073, 18.554551076561449 ], [ 73.229501162283853, 18.554538311672921 ], [ 73.229449270252047, 18.55452088862738 ], [ 73.22936713669273, 18.55449806830806 ], [ 73.229295997050073, 18.554467292656231 ], [ 73.229258456425498, 18.55445261065983 ], [ 73.229237585144162, 18.554453764834189 ], [ 73.229172393251218, 18.55444079135243 ], [ 73.229031677044205, 18.55439686516031 ], [ 73.228942876795358, 18.554410810299181 ], [ 73.228856713900981, 18.554417287031882 ], [ 73.228807413600549, 18.554427321913352 ], [ 73.228709060404043, 18.554446962744858 ], [ 73.228631070281082, 18.554473366899511 ], [ 73.228585380244454, 18.554484779315381 ], [ 73.228491283857551, 18.55450287054904 ], [ 73.228385042054398, 18.5545099797387 ], [ 73.228267229995367, 18.55451348532473 ], [ 73.228166559831521, 18.554517354479731 ], [ 73.228060222191644, 18.554513843749309 ], [ 73.227990732060576, 18.554516333921729 ], [ 73.227933184807881, 18.55451355354543 ], [ 73.227851021996599, 18.554506230036541 ], [ 73.227696695531975, 18.554503743639479 ], [ 73.227508856007859, 18.554407941449949 ], [ 73.227480159306168, 18.554391196148941 ], [ 73.2274329664573, 18.554371527545001 ], [ 73.227408431200274, 18.554364568571611 ], [ 73.227368708118419, 18.55435191038109 ], [ 73.227329933214222, 18.554340463385799 ], [ 73.227296650549548, 18.554327412873072 ], [ 73.227254462742806, 18.55430738184813 ], [ 73.227169395211106, 18.554226878349521 ], [ 73.22703951061419, 18.554120015149969 ], [ 73.226901869303958, 18.554025426353672 ], [ 73.226761102568688, 18.553956674699059 ], [ 73.226564122979511, 18.55386014392009 ], [ 73.226462855250148, 18.553817925226699 ], [ 73.226416157560038, 18.553799649119991 ], [ 73.226318090956241, 18.55375143893232 ], [ 73.226298651897196, 18.553740828674041 ], [ 73.226285861491661, 18.55373063007481 ], [ 73.22621398718519, 18.553684558573242 ], [ 73.226176593260419, 18.55365663607552 ], [ 73.226142657061487, 18.553622027658999 ], [ 73.226117603305013, 18.553601957603071 ], [ 73.226093937861876, 18.553587124333639 ], [ 73.226038778934367, 18.553539253369099 ], [ 73.225995358670176, 18.553508078386439 ], [ 73.225942153967893, 18.55347390155821 ], [ 73.225886772588638, 18.553440089613449 ], [ 73.225879270732875, 18.553441367921 ], [ 73.225817934174302, 18.553401153655638 ], [ 73.225774682820727, 18.553383181647291 ], [ 73.225723261843171, 18.553347926881969 ], [ 73.225694448909849, 18.553324995747019 ], [ 73.225654734820779, 18.553244015066898 ], [ 73.225605420662333, 18.553142556651888 ], [ 73.225522575240163, 18.552967247872932 ], [ 73.22546806648478, 18.55284400032798 ], [ 73.225335818939513, 18.552573481109921 ], [ 73.225261374707117, 18.552421417883181 ], [ 73.225175866496087, 18.55224715339406 ], [ 73.225112371936035, 18.552120397774789 ], [ 73.22501090409186, 18.551943240761609 ], [ 73.22487234672802, 18.55173436313499 ], [ 73.224739800622928, 18.551539171314769 ], [ 73.22461442481206, 18.551351512674049 ], [ 73.224516611958137, 18.551203667316969 ], [ 73.224256962651779, 18.55079910346301 ], [ 73.224083559816009, 18.550521298461451 ], [ 73.224015915595587, 18.550432585122529 ], [ 73.223890212359549, 18.550441631133879 ], [ 73.223715025892304, 18.55047384345831 ], [ 73.223524333944724, 18.550510831247401 ], [ 73.223373885805117, 18.55054069947948 ], [ 73.22324763231461, 18.550551489928569 ], [ 73.223112164895554, 18.550573954684079 ], [ 73.22298799229435, 18.55060116567255 ], [ 73.222865137478209, 18.550637390825472 ], [ 73.22277265351498, 18.550663665164929 ], [ 73.22272579077827, 18.550681187337968 ], [ 73.222685252183311, 18.550704933482859 ], [ 73.222617548184004, 18.550716847330289 ], [ 73.22244302323395, 18.550749824848591 ], [ 73.222214593568253, 18.550810121304998 ], [ 73.222069729040044, 18.55083826509183 ], [ 73.221986063555619, 18.550852323705691 ], [ 73.221968135088133, 18.550844860569281 ], [ 73.221932766959014, 18.550816526600361 ], [ 73.221879235642618, 18.550790544715909 ], [ 73.22180410003682, 18.55077390566154 ], [ 73.221726764258904, 18.550803269535511 ], [ 73.221654719643809, 18.550848882080491 ], [ 73.221618975866576, 18.550876069904881 ], [ 73.221587700022937, 18.55091124150686 ], [ 73.22153789914428, 18.55094889706664 ], [ 73.221463724578967, 18.55099123402309 ], [ 73.221406106074241, 18.551020162332041 ], [ 73.22133315068551, 18.551065630796511 ], [ 73.221308944362804, 18.551070185731991 ], [ 73.221258741790081, 18.55109794668985 ], [ 73.22122464354841, 18.551119190129871 ], [ 73.221178563482752, 18.551146139850442 ], [ 73.221143040784042, 18.551174859524359 ], [ 73.221103762024498, 18.551205023120399 ], [ 73.221059684839801, 18.551217817193152 ], [ 73.221038377205517, 18.55122649333715 ], [ 73.221005988403562, 18.551231247918881 ], [ 73.220978052513843, 18.55122559735165 ], [ 73.22093030967676, 18.55120478278916 ] ] ] ] } },
{ "type": "Feature", "properties": { "name": "EB 002", "visibility": false, "descriptio": "EB Number 002\nEB Total Population   326\nEB Sc Population        03\nEB ST Population        04", "styleUrl": "#msn_ylw-pushpin7", "fill_opaci": 0, "fill": "#ffffff", "stroke_opa": 1, "stroke": "#00aa00", "stroke_wid": 5, "icon_scale": 1.1, "icon_offse": null, "icon_off_1": null, "icon": "http://maps.google.com/mapfiles/kml/pushpin/ylw-pushpin.png" }, "geometry": { "type": "MultiPolygon", "coordinates": [ [ [ [ 73.224131564222262, 18.54305264083975 ], [ 73.224123546407696, 18.543051381271251 ], [ 73.223488167368814, 18.543144424586259 ], [ 73.222881160739178, 18.54322970908159 ], [ 73.22273330326523, 18.543295714538399 ], [ 73.221752117542835, 18.543599226041469 ], [ 73.22174570162673, 18.543599560906099 ], [ 73.221411268224301, 18.543794808866139 ], [ 73.22119178804202, 18.543808768625521 ], [ 73.22101209621492, 18.543821520709049 ], [ 73.22091752842654, 18.543785260358771 ], [ 73.220835765623647, 18.543782372192691 ], [ 73.220763897297857, 18.543863442894121 ], [ 73.220588347678273, 18.543877510096411 ], [ 73.220457306355982, 18.543828191174761 ], [ 73.220261910114061, 18.543766269394201 ], [ 73.220114701042547, 18.543737785260021 ], [ 73.21991286232533, 18.543740549673402 ], [ 73.219707832814137, 18.543779896718171 ], [ 73.219731591334394, 18.54381606829266 ], [ 73.219727154879564, 18.543838093627819 ], [ 73.21981705916204, 18.543917395455999 ], [ 73.219809790528615, 18.54399150022633 ], [ 73.219652913522509, 18.544064571188478 ], [ 73.219569556462631, 18.544149959757 ], [ 73.219473109940637, 18.544236827775379 ], [ 73.2194588978263, 18.544305544280039 ], [ 73.219423638388349, 18.54436095462443 ], [ 73.21929558542557, 18.544367452937241 ], [ 73.219095859065462, 18.544397988733671 ], [ 73.219028920761886, 18.544454255955142 ], [ 73.218605073019432, 18.544555460687629 ], [ 73.218370562415345, 18.54457029771325 ], [ 73.218324810203626, 18.544637221532138 ], [ 73.217954205280591, 18.544752456659339 ], [ 73.217674591483672, 18.544798500793629 ], [ 73.217354165540215, 18.54491461584292 ], [ 73.217203335453519, 18.545004569829299 ], [ 73.217120313481175, 18.545074414559529 ], [ 73.216945416251079, 18.54516074686703 ], [ 73.216917399303384, 18.545076533563101 ], [ 73.216842300017845, 18.54496732299847 ], [ 73.21662636556033, 18.544992029337109 ], [ 73.216301229791384, 18.545068594291251 ], [ 73.216126792120122, 18.54513551344964 ], [ 73.216402797990824, 18.54552424000433 ], [ 73.216840110356372, 18.546134671433411 ], [ 73.217333134419036, 18.54681307608724 ], [ 73.217908789386811, 18.548018847810791 ], [ 73.219250708829037, 18.550298940386131 ], [ 73.219461394920231, 18.55066233547171 ], [ 73.219613723363366, 18.550930086197681 ], [ 73.219620857136533, 18.550932145719901 ], [ 73.21971646083162, 18.551096674508489 ], [ 73.219805691588718, 18.55125236530975 ], [ 73.219816760122413, 18.55125964259609 ], [ 73.219849188685302, 18.55125235093853 ], [ 73.219878211537122, 18.551243494985791 ], [ 73.219882312759253, 18.55124338515694 ], [ 73.219924708514156, 18.55123423411105 ], [ 73.219985910629958, 18.551220844983959 ], [ 73.220031915709484, 18.551213640106859 ], [ 73.220086328502788, 18.551213700173872 ], [ 73.220120870747834, 18.551226103418951 ], [ 73.220140399662299, 18.551230786999032 ], [ 73.220156846626466, 18.55122614334962 ], [ 73.220249321827779, 18.55119261335356 ], [ 73.220334818003451, 18.551160202356751 ], [ 73.220444895900698, 18.551124175579329 ], [ 73.220518063688075, 18.551094342856342 ], [ 73.220593805335128, 18.55107296578818 ], [ 73.220653784344918, 18.551063338893179 ], [ 73.220694015251951, 18.551060869527209 ], [ 73.220720855629466, 18.55108087404566 ], [ 73.220778790711037, 18.55111164306582 ], [ 73.220764231986792, 18.550888836386971 ], [ 73.220741456591611, 18.550623219658711 ], [ 73.220688972053509, 18.54930437398961 ], [ 73.220693888963936, 18.54860149698667 ], [ 73.220693555310021, 18.547615653574692 ], [ 73.220708479425625, 18.54703868537327 ], [ 73.220718019902165, 18.54666525893775 ], [ 73.220729881842772, 18.546341361936239 ], [ 73.22073055140342, 18.54599399046479 ], [ 73.220747131915104, 18.54574957364645 ], [ 73.220897496930263, 18.545692481362948 ], [ 73.221013322016802, 18.545670036073709 ], [ 73.221150746556461, 18.545651178677659 ], [ 73.221331850126163, 18.545628530352541 ], [ 73.221364802530729, 18.545623204921341 ], [ 73.221479791378343, 18.545595486638518 ], [ 73.221600544246016, 18.545554559976299 ], [ 73.221744917353291, 18.545511170315692 ], [ 73.221852988121526, 18.54551841057043 ], [ 73.221942793317027, 18.54552545048578 ], [ 73.222059414604971, 18.54553148130476 ], [ 73.22218393282634, 18.545537063169661 ], [ 73.222287687615605, 18.545550366847721 ], [ 73.222363761730335, 18.545582439380599 ], [ 73.222481313251706, 18.545651792832881 ], [ 73.222567063398813, 18.545708637251529 ], [ 73.222644675356079, 18.545757383911749 ], [ 73.222715583708819, 18.545798916554521 ], [ 73.222799800365934, 18.54584835848225 ], [ 73.222856162859003, 18.54589454456325 ], [ 73.222928336992652, 18.54607763587579 ], [ 73.223011729393022, 18.546239697900099 ], [ 73.223099704800418, 18.54641801360869 ], [ 73.223256888139943, 18.546747528909659 ], [ 73.223355160594153, 18.54696291126961 ], [ 73.223401953773305, 18.547057344771481 ], [ 73.223421950788278, 18.547086964103009 ], [ 73.22344129677434, 18.547120073969602 ], [ 73.223454513185956, 18.547081853008979 ], [ 73.223475912213985, 18.546983385723081 ], [ 73.223492052032796, 18.546880573294409 ], [ 73.223503766363521, 18.546762578612679 ], [ 73.223515836136102, 18.546716848351469 ], [ 73.223534097993735, 18.546601350494502 ], [ 73.223561025396762, 18.54644792585076 ], [ 73.223604318282241, 18.546230023467 ], [ 73.223625172850603, 18.546074517721379 ], [ 73.223660384994872, 18.545853663102829 ], [ 73.223688728326636, 18.545669777423079 ], [ 73.223713288616395, 18.545547753528702 ], [ 73.223733320614571, 18.545406939075988 ], [ 73.22375541869566, 18.545274277671041 ], [ 73.223784795950323, 18.5451062770682 ], [ 73.223807570585166, 18.544974745316729 ], [ 73.223824115459053, 18.54487889662067 ], [ 73.22383579730257, 18.544780172455901 ], [ 73.223854043070645, 18.54468783237148 ], [ 73.223870727033258, 18.544595087302579 ], [ 73.223887496150297, 18.544498087414439 ], [ 73.223913692181554, 18.544360139863599 ], [ 73.223939512647576, 18.54420716403304 ], [ 73.223961206472126, 18.544055824322189 ], [ 73.223994306561082, 18.54388463237602 ], [ 73.224020352514003, 18.543743247132529 ], [ 73.224051992665736, 18.543548337635219 ], [ 73.224080213726609, 18.543398520819721 ], [ 73.224115604549695, 18.5431931983223 ], [ 73.224131564222262, 18.54305264083975 ] ] ] ] } },
{ "type": "Feature", "properties": { "name": "EB 0079", "visibility": false, "descriptio": "EB Number 0079\nEB Total Population   440\nEB Sc Population         00\nEB ST Population         00", "styleUrl": "#msn_ylw-pushpin7", "fill_opaci": 0, "fill": "#ffffff", "stroke_opa": 1, "stroke": "#00aa00", "stroke_wid": 5, "icon_scale": 1.1, "icon_offse": null, "icon_off_1": null, "icon": "http://maps.google.com/mapfiles/kml/pushpin/ylw-pushpin.png" }, "geometry": { "type": "MultiPolygon", "coordinates": [ [ [ [ 73.225436520066793, 18.523942655046788 ], [ 73.225331663786335, 18.523933198507411 ], [ 73.225245003936735, 18.52393964760476 ], [ 73.225097711502443, 18.52392637853427 ], [ 73.224922945384151, 18.523932776067731 ], [ 73.224748617891805, 18.524044741723259 ], [ 73.224481686116519, 18.52423830822875 ], [ 73.224177677799716, 18.524538245752669 ], [ 73.223785843153991, 18.524820610458679 ], [ 73.223254580452519, 18.524889274775539 ], [ 73.222697087439315, 18.525007043592879 ], [ 73.222125541619121, 18.525174985920199 ], [ 73.221845590112764, 18.52531028529042 ], [ 73.221662456554384, 18.525460990689901 ], [ 73.221394939548759, 18.525541622074389 ], [ 73.221200154996581, 18.525777796694559 ], [ 73.221028737106849, 18.525839698078141 ], [ 73.220637922003363, 18.52605352333762 ], [ 73.220063138396014, 18.526443293191949 ], [ 73.219678436372618, 18.526680572183022 ], [ 73.219710858986531, 18.527140368346188 ], [ 73.219757082754782, 18.527511660135179 ], [ 73.21982801670444, 18.52757930587385 ], [ 73.220089561236051, 18.52785424080475 ], [ 73.219890431840398, 18.528169462518751 ], [ 73.220129890056214, 18.528272239639779 ], [ 73.220072526057564, 18.528512778270439 ], [ 73.219952742525763, 18.528910645710958 ], [ 73.21978996056086, 18.529240986992711 ], [ 73.219706807230267, 18.52964804682393 ], [ 73.219846070031977, 18.52973269751411 ], [ 73.220342874215859, 18.529742931412919 ], [ 73.220825010112293, 18.529743878372422 ], [ 73.221260502048267, 18.529694212080869 ], [ 73.221641418098741, 18.529734776256682 ], [ 73.221772245534453, 18.52961491601954 ], [ 73.222110530736259, 18.529655573280039 ], [ 73.222558627732568, 18.52962697968842 ], [ 73.222814969892525, 18.52958682454317 ], [ 73.223176753785197, 18.52950720378804 ], [ 73.223431412250591, 18.529507510658618 ], [ 73.22395289042737, 18.52971763699594 ], [ 73.224308047938962, 18.529860309680121 ], [ 73.224565862360578, 18.529816611427329 ], [ 73.225208869377624, 18.52968466285024 ], [ 73.225639982393361, 18.529743011711769 ], [ 73.226064676172584, 18.529688808800891 ], [ 73.226228973498621, 18.529555268868251 ], [ 73.226062742300471, 18.52908383869336 ], [ 73.226132143943403, 18.528775046152251 ], [ 73.226133721170058, 18.528623350214829 ], [ 73.226094555078092, 18.527985246864169 ], [ 73.226209083032188, 18.527749188790619 ], [ 73.226323838953633, 18.527513815000471 ], [ 73.226398391371035, 18.527355131264191 ], [ 73.226359014425853, 18.52724528016012 ], [ 73.226275077807017, 18.527022882967231 ], [ 73.226242053157605, 18.52692052460219 ], [ 73.226151879350695, 18.526441020833751 ], [ 73.226013929906657, 18.525940111919031 ], [ 73.225970212934442, 18.525794460250179 ], [ 73.225842025097066, 18.52532581832218 ], [ 73.225780179905996, 18.52509808818186 ], [ 73.22572258572859, 18.524897500508999 ], [ 73.225690056289025, 18.524762107801461 ], [ 73.225672744780383, 18.52448936752706 ], [ 73.225564769654198, 18.524453753865249 ], [ 73.225402127644657, 18.524403342816001 ], [ 73.225323007822368, 18.524375616399549 ], [ 73.225276795843186, 18.524327161532479 ], [ 73.225318213022803, 18.524272792249551 ], [ 73.225389083100154, 18.524179707030019 ], [ 73.225408677305211, 18.52414617884402 ], [ 73.225430856511267, 18.52397772910065 ], [ 73.225436520066793, 18.523942655046788 ] ] ] ] } },
{ "type": "Feature", "properties": { "name": "EB 006", "visibility": false, "descriptio": "EB Number 006\nEB Total Population   660\nEB Sc Population        21\nEB ST Population        52", "styleUrl": "#msn_ylw-pushpin7", "fill_opaci": 0, "fill": "#ffffff", "stroke_opa": 1, "stroke": "#00aa00", "stroke_wid": 5, "icon_scale": 1.1, "icon_offse": null, "icon_off_1": null, "icon": "http://maps.google.com/mapfiles/kml/pushpin/ylw-pushpin.png" }, "geometry": { "type": "MultiPolygon", "coordinates": [ [ [ [ 73.222127377426659, 18.536982880523912 ], [ 73.222147716117234, 18.53695200490872 ], [ 73.222299456285626, 18.53677126512504 ], [ 73.222408353192492, 18.536650622284981 ], [ 73.222525328038103, 18.536506072896159 ], [ 73.22265226408112, 18.536363318464229 ], [ 73.222771550854858, 18.5362237186873 ], [ 73.222879573371515, 18.53606654654152 ], [ 73.222963738502372, 18.535938241242331 ], [ 73.22295858239076, 18.535729695231488 ], [ 73.222932697751247, 18.53550667001694 ], [ 73.222951953529787, 18.53533295746649 ], [ 73.223094424518862, 18.535023066991069 ], [ 73.22326537465915, 18.534799807419329 ], [ 73.223464160444138, 18.534592316130979 ], [ 73.223769475182635, 18.534304945214679 ], [ 73.223904128988821, 18.534184200636741 ], [ 73.224055090525951, 18.534054074793339 ], [ 73.224314020874374, 18.533904016717749 ], [ 73.224488621193359, 18.5338359091039 ], [ 73.224648658647908, 18.533839214903239 ], [ 73.224805945122313, 18.533912792456391 ], [ 73.225001286223545, 18.534012647694361 ], [ 73.225230700141026, 18.534150854845549 ], [ 73.22537800666133, 18.53422424015416 ], [ 73.225498972484971, 18.534207534714291 ], [ 73.225596607218819, 18.534190960220119 ], [ 73.225660233966821, 18.534139068249239 ], [ 73.225582820256577, 18.534038794843159 ], [ 73.225591075149936, 18.533902526935702 ], [ 73.225792740405282, 18.5337667154106 ], [ 73.226348903734646, 18.53304480055181 ], [ 73.226341972121304, 18.53248871868529 ], [ 73.225956655140877, 18.531227373517261 ], [ 73.226058087400418, 18.53094335526794 ], [ 73.22638454086389, 18.530043519939429 ], [ 73.226225214642014, 18.529571682797119 ], [ 73.226058784763353, 18.529688573456109 ], [ 73.225655186444797, 18.529739440507331 ], [ 73.225208497511971, 18.529684389989779 ], [ 73.22486148765266, 18.529755490649499 ], [ 73.224306848851555, 18.529862712431019 ], [ 73.224282008618943, 18.529851132916679 ], [ 73.223909453141104, 18.52970122260534 ], [ 73.223627783609956, 18.529583897418739 ], [ 73.223428492290651, 18.529507502621161 ], [ 73.223350959670427, 18.529507527559829 ], [ 73.223074702426089, 18.529529809839609 ], [ 73.222695093035171, 18.52960395505119 ], [ 73.222267206354672, 18.52964160485049 ], [ 73.222086732137655, 18.529645748297501 ], [ 73.22178887408343, 18.52962054891692 ], [ 73.221632843579187, 18.52972631240004 ], [ 73.221579392914535, 18.529730119469349 ], [ 73.221256878346239, 18.52969009356476 ], [ 73.221077099243502, 18.529711527928701 ], [ 73.22090380318042, 18.52973047142973 ], [ 73.220994201291035, 18.530892055683299 ], [ 73.221421597261511, 18.531592638103319 ], [ 73.221431159950953, 18.531794159874519 ], [ 73.221487946130807, 18.53204622786162 ], [ 73.221536952474494, 18.532138808344371 ], [ 73.22147792672456, 18.5324152926263 ], [ 73.221566850856519, 18.532410517360631 ], [ 73.221584394159279, 18.532469559539528 ], [ 73.221598024995515, 18.5325533310059 ], [ 73.221589905371445, 18.532687521597929 ], [ 73.221589565389039, 18.532789439611619 ], [ 73.221548463645888, 18.53288426364044 ], [ 73.221490302124735, 18.533003812206601 ], [ 73.221488327204042, 18.53313380845027 ], [ 73.221369916548838, 18.53314785787288 ], [ 73.221290259472411, 18.53314778172955 ], [ 73.221164352747124, 18.533172414749551 ], [ 73.221081072309516, 18.53319376115774 ], [ 73.221020401916689, 18.533193611435919 ], [ 73.220899637035615, 18.533211897497608 ], [ 73.220806299595779, 18.533206578434701 ], [ 73.220735182254856, 18.533206556189761 ], [ 73.22066583142248, 18.533226468296629 ], [ 73.220592248496828, 18.533214021051471 ], [ 73.220503857714874, 18.533226663370801 ], [ 73.22045962892642, 18.533239866731719 ], [ 73.220454824783957, 18.533277510348391 ], [ 73.220464275706661, 18.53336724803815 ], [ 73.220478518129482, 18.53350650472624 ], [ 73.220488827041933, 18.533654147864102 ], [ 73.22049391059403, 18.53378521947247 ], [ 73.220504232834642, 18.533866096054531 ], [ 73.220540754424448, 18.533876492988199 ], [ 73.220648649415466, 18.53387274992593 ], [ 73.220723986252594, 18.53387314397348 ], [ 73.220837021565103, 18.533870021067269 ], [ 73.220958395349285, 18.53388921724666 ], [ 73.221062030822125, 18.533837329610151 ], [ 73.221141657900162, 18.5338518654412 ], [ 73.22118402605129, 18.533849809628649 ], [ 73.221201368605037, 18.533889783290729 ], [ 73.221207458573389, 18.533994827929231 ], [ 73.221208719462538, 18.534067067809119 ], [ 73.22120476216179, 18.534145537762239 ], [ 73.2212124333562, 18.534181946673979 ], [ 73.221271818395238, 18.53420037676662 ], [ 73.221334758896589, 18.534198131478892 ], [ 73.221393917267235, 18.53421011457251 ], [ 73.22144684965771, 18.534226317227311 ], [ 73.221504822279712, 18.53423638171698 ], [ 73.221566321242364, 18.534229978299109 ], [ 73.221600753563081, 18.534259345882131 ], [ 73.221616978473406, 18.534291469098338 ], [ 73.22160902861971, 18.534348230374459 ], [ 73.22163148544486, 18.534424994531872 ], [ 73.221615860236156, 18.53450259923358 ], [ 73.221577980151764, 18.534516940662719 ], [ 73.221506281681783, 18.534565508956049 ], [ 73.221439537991799, 18.53459127545462 ], [ 73.221355074895158, 18.53459011880971 ], [ 73.221265511267163, 18.534573157052151 ], [ 73.221182296516588, 18.534557338854661 ], [ 73.221124903903956, 18.534580911803712 ], [ 73.221061204905453, 18.534631619160571 ], [ 73.221052963232751, 18.53466942730071 ], [ 73.221057869770618, 18.534747487202239 ], [ 73.221068701215202, 18.53477451371565 ], [ 73.221088216064317, 18.534810498615379 ], [ 73.221070026782996, 18.534840501622771 ], [ 73.221039499924075, 18.534888768193699 ], [ 73.221053174480474, 18.534934262863661 ], [ 73.221107193874687, 18.534962097100681 ], [ 73.221133833262996, 18.534980564290152 ], [ 73.221197072174007, 18.53498396032429 ], [ 73.221221826154192, 18.535003074517309 ], [ 73.221233456756394, 18.535082517046639 ], [ 73.221248797473436, 18.5351765651344 ], [ 73.221327251808788, 18.535146922313139 ], [ 73.221403569255017, 18.53510807868734 ], [ 73.221407102556839, 18.535139084125529 ], [ 73.221454356254412, 18.53526838348764 ], [ 73.221516846681183, 18.535361821194289 ], [ 73.221529240715, 18.535474701587841 ], [ 73.221521908011383, 18.535554475827521 ], [ 73.221541080903535, 18.53559125299936 ], [ 73.221520762747758, 18.535673636333641 ], [ 73.22147836364914, 18.5357816702954 ], [ 73.221436312763572, 18.535854622734391 ], [ 73.221397328818, 18.535895579154001 ], [ 73.221379124100309, 18.53593638335877 ], [ 73.221380343999925, 18.535989668940019 ], [ 73.221407347962113, 18.53613798430889 ], [ 73.22147053581584, 18.53617308849271 ], [ 73.221594345212054, 18.536191202758179 ], [ 73.221713331709068, 18.536204609387589 ], [ 73.221793036224298, 18.536231914557909 ], [ 73.221827329095603, 18.53626514184149 ], [ 73.22184882948946, 18.536298842695519 ], [ 73.221871900530189, 18.5363662800196 ], [ 73.221877209094046, 18.536447383085282 ], [ 73.221878385494904, 18.536523783942432 ], [ 73.221884126014331, 18.536582338647229 ], [ 73.221880981982295, 18.536653192467799 ], [ 73.221888481363834, 18.536730811048191 ], [ 73.221903992274846, 18.536778499867829 ], [ 73.221934129732176, 18.536843631053539 ], [ 73.221960666609988, 18.53686598331155 ], [ 73.222026742505122, 18.536911289788041 ], [ 73.222127377426659, 18.536982880523912 ] ] ] ] } },
{ "type": "Feature", "properties": { "name": "EB 0012", "visibility": false, "descriptio": "EB Number 0012\nEB Total Population   762\nEB Sc Population        81\nEB ST Population        115", "styleUrl": "#msn_ylw-pushpin7", "fill_opaci": 0, "fill": "#ffffff", "stroke_opa": 1, "stroke": "#00aa00", "stroke_wid": 5, "icon_scale": 1.1, "icon_offse": null, "icon_off_1": null, "icon": "http://maps.google.com/mapfiles/kml/pushpin/ylw-pushpin.png" }, "geometry": { "type": "MultiPolygon", "coordinates": [ [ [ [ 73.219852211213052, 18.529733829223531 ], [ 73.219768925438444, 18.530145507316231 ], [ 73.218431856248827, 18.53603813320866 ], [ 73.218608875853548, 18.536433770450149 ], [ 73.218909776298659, 18.536644602031021 ], [ 73.219111169537356, 18.536726606294799 ], [ 73.219285501495477, 18.536857198717598 ], [ 73.219497143180092, 18.536931466816672 ], [ 73.219793195980628, 18.53695432577236 ], [ 73.220082949261908, 18.536971573678031 ], [ 73.220159720496028, 18.537219235797892 ], [ 73.220298063074324, 18.53764867717809 ], [ 73.220530406485551, 18.537868316332599 ], [ 73.220724702219684, 18.538108683333451 ], [ 73.220854853196059, 18.538119456421931 ], [ 73.221052833955341, 18.53816356312387 ], [ 73.221213607175343, 18.537954141764999 ], [ 73.22154596176982, 18.537926327153301 ], [ 73.221664382763677, 18.537684327398171 ], [ 73.221815791830736, 18.537504063799759 ], [ 73.221988537769079, 18.537345850380639 ], [ 73.222023307261694, 18.53720536048905 ], [ 73.222122747114327, 18.536972860036901 ], [ 73.221993827614199, 18.536889239155531 ], [ 73.221921211951468, 18.536807107574909 ], [ 73.221887291906697, 18.53670587713145 ], [ 73.221884322870324, 18.536551532728598 ], [ 73.221860858036678, 18.53631613159828 ], [ 73.221799172806058, 18.536238723021899 ], [ 73.22167745054162, 18.53619447951494 ], [ 73.221556279085107, 18.536180446914582 ], [ 73.221482508746803, 18.536162833544921 ], [ 73.221413766338856, 18.536125362936779 ], [ 73.221386410736514, 18.535943076992179 ], [ 73.221435986895912, 18.535851652912839 ], [ 73.221513804326236, 18.535705275296689 ], [ 73.221532445391702, 18.535593429921079 ], [ 73.221531089340928, 18.53555141272728 ], [ 73.221533099848614, 18.535477742089721 ], [ 73.221508445533104, 18.535357910148189 ], [ 73.221386826062513, 18.53511329801016 ], [ 73.221301951214684, 18.53515965329456 ], [ 73.221252020173097, 18.535154089201971 ], [ 73.221226954754499, 18.535009552633429 ], [ 73.221184461601197, 18.534982586445601 ], [ 73.221116217564443, 18.53495660209008 ], [ 73.221045858527191, 18.534891709829029 ], [ 73.221090849612096, 18.534805289223179 ], [ 73.22106532743247, 18.534760636790061 ], [ 73.221062056592928, 18.534645949851861 ], [ 73.221121530072594, 18.53459526629543 ], [ 73.221189438112191, 18.53455571088351 ], [ 73.221256218654048, 18.53456492021429 ], [ 73.221350917815116, 18.53458151875439 ], [ 73.221453089018439, 18.5345798432772 ], [ 73.221543727560984, 18.534536091490459 ], [ 73.221601821488036, 18.534508551426999 ], [ 73.221618208287168, 18.534471778735959 ], [ 73.221630276514787, 18.53441759057457 ], [ 73.221616138881132, 18.534355383267179 ], [ 73.221614058204537, 18.534275480342849 ], [ 73.221541870366565, 18.534231850398591 ], [ 73.221463343530928, 18.53421724459572 ], [ 73.221364512855047, 18.5341991339223 ], [ 73.22130093290707, 18.534201999948909 ], [ 73.221216052875519, 18.534168795022008 ], [ 73.221212268613314, 18.534114447318881 ], [ 73.221196429465721, 18.533891031523421 ], [ 73.221175798417732, 18.533850564182551 ], [ 73.221062527633038, 18.533836564539449 ], [ 73.220959702315895, 18.53388668458248 ], [ 73.220841238193486, 18.53387617625145 ], [ 73.220700215989893, 18.53386986861306 ], [ 73.220569333379089, 18.533873349295831 ], [ 73.220506814108788, 18.533860223082112 ], [ 73.220499691825523, 18.5338318001929 ], [ 73.22045610509204, 18.533275861970079 ], [ 73.220460737883243, 18.533241031311601 ], [ 73.220468449135382, 18.53323737059177 ], [ 73.220527337572918, 18.533224330195551 ], [ 73.220594637811629, 18.533214458776431 ], [ 73.220632011781177, 18.533221128178159 ], [ 73.220670535671175, 18.533226098732769 ], [ 73.220742484116357, 18.533207375980489 ], [ 73.220833181723634, 18.533207260734962 ], [ 73.220902720275831, 18.533210914322389 ], [ 73.220974571029387, 18.533201129006041 ], [ 73.221038921624796, 18.53319573468011 ], [ 73.221092139368238, 18.533192031541411 ], [ 73.221149714859322, 18.533175901239371 ], [ 73.221282800011352, 18.533149580351068 ], [ 73.221428590331612, 18.53314010478443 ], [ 73.221488493170682, 18.533121220218401 ], [ 73.221494113439434, 18.532999596721091 ], [ 73.221560849169492, 18.53285621688196 ], [ 73.221590233147793, 18.532774309116679 ], [ 73.221590786386884, 18.532647145076378 ], [ 73.221596480725239, 18.53255582290738 ], [ 73.221588779698351, 18.532506506703861 ], [ 73.221561404349004, 18.532412982551222 ], [ 73.221478945276147, 18.532405672624581 ], [ 73.22150763241099, 18.532272078722791 ], [ 73.221533632659813, 18.532132033212651 ], [ 73.2214900043098, 18.53203836893605 ], [ 73.221472540910625, 18.531967698083371 ], [ 73.221431722388488, 18.531787064691159 ], [ 73.221419177042364, 18.531589859775771 ], [ 73.221133338156122, 18.531120081818869 ], [ 73.220995609795466, 18.530874432740649 ], [ 73.220924330655023, 18.52993854954175 ], [ 73.220904733665762, 18.52974059890694 ], [ 73.22083959597569, 18.52974491819548 ], [ 73.220650510717491, 18.529745865058938 ], [ 73.220363451429378, 18.529734477528031 ], [ 73.219852211213052, 18.529733829223531 ] ] ] ] } },
{ "type": "Feature", "properties": { "name": "EB 0013", "visibility": false, "descriptio": "EB Number 0013\nEB Total Population   699\nEB Sc Population        118\nEB ST Population           66", "styleUrl": "#msn_ylw-pushpin7", "fill_opaci": 0, "fill": "#ffffff", "stroke_opa": 1, "stroke": "#00aa00", "stroke_wid": 5, "icon_scale": 1.1, "icon_offse": null, "icon_off_1": null, "icon": "http://maps.google.com/mapfiles/kml/pushpin/ylw-pushpin.png" }, "geometry": { "type": "MultiPolygon", "coordinates": [ [ [ [ 73.220271214491049, 18.537900189950541 ], [ 73.220291560498325, 18.537629264721641 ], [ 73.220086106472522, 18.53697333900546 ], [ 73.219482122129776, 18.536928329511461 ], [ 73.219287630095579, 18.53685491695391 ], [ 73.219106141495089, 18.536729357786911 ], [ 73.218910625494303, 18.536645943607411 ], [ 73.218609193659191, 18.536408346579709 ], [ 73.218444978643589, 18.536035815916211 ], [ 73.219193984237506, 18.532662473199281 ], [ 73.21971091383466, 18.530407837606219 ], [ 73.21984408661254, 18.529734902661421 ], [ 73.219708240682792, 18.52963664862131 ], [ 73.219799183614242, 18.529234449941239 ], [ 73.219956533541492, 18.52891694145131 ], [ 73.220122172462013, 18.52827477475677 ], [ 73.21989852618411, 18.52816525318843 ], [ 73.220089477672133, 18.527848665775409 ], [ 73.219892876427437, 18.5276480172421 ], [ 73.219749354031805, 18.527480467508511 ], [ 73.219720447255568, 18.52717136080377 ], [ 73.219683881925945, 18.526695255654371 ], [ 73.219586528905765, 18.526755365409489 ], [ 73.219364029547862, 18.526879034326331 ], [ 73.219173082272491, 18.527017515409451 ], [ 73.218956972534571, 18.527097884888981 ], [ 73.218658324048391, 18.52712313882952 ], [ 73.218353809857504, 18.527091022880992 ], [ 73.218059990202562, 18.527014686450539 ], [ 73.218030245661851, 18.526871309423409 ], [ 73.217766677341373, 18.526623350757749 ], [ 73.217230002945612, 18.526139154910538 ], [ 73.216921438455131, 18.526001699430552 ], [ 73.216643412973283, 18.52586251882791 ], [ 73.2164683793808, 18.525808560144309 ], [ 73.21604234674578, 18.52553157185384 ], [ 73.215716353956921, 18.525441873374909 ], [ 73.215175917898094, 18.52528855504109 ], [ 73.214646208247359, 18.525049361473439 ], [ 73.214154813564193, 18.525037986466181 ], [ 73.213658394902268, 18.52538734776137 ], [ 73.212992113360372, 18.525835207528718 ], [ 73.211664107019004, 18.52624325909515 ], [ 73.211178589795949, 18.526533828269891 ], [ 73.210907277724871, 18.526912973602439 ], [ 73.210338019048706, 18.5273805381057 ], [ 73.210074271381842, 18.527417106084609 ], [ 73.209755106599886, 18.527169562773551 ], [ 73.20931843058068, 18.526979293779149 ], [ 73.209020663108291, 18.52661153580836 ], [ 73.208380149885642, 18.52584848381467 ], [ 73.207828690225256, 18.52557790843532 ], [ 73.207476749858046, 18.525925285718571 ], [ 73.207145780051789, 18.526482690990889 ], [ 73.206675997208578, 18.526845499863668 ], [ 73.206316604717657, 18.526952523042102 ], [ 73.205875071914349, 18.526835137509259 ], [ 73.205172430272228, 18.526660735554099 ], [ 73.204808138483116, 18.526783247411579 ], [ 73.204627699594639, 18.527280307027969 ], [ 73.204846696551726, 18.5279831325389 ], [ 73.205321480360311, 18.529707550309681 ], [ 73.205951461407565, 18.53092564371849 ], [ 73.206330698573453, 18.53172072326165 ], [ 73.206685543295507, 18.531981380801469 ], [ 73.207777032758941, 18.53287752412345 ], [ 73.208529284657672, 18.533478370691899 ], [ 73.209150045824529, 18.534160666584651 ], [ 73.209545137585167, 18.53491766119712 ], [ 73.209834720492339, 18.53557180624292 ], [ 73.210055942819594, 18.536179801349451 ], [ 73.210016218560057, 18.537060309915379 ], [ 73.210397285574942, 18.53773824276551 ], [ 73.211047260148462, 18.53821207844619 ], [ 73.211247419688206, 18.538726683164271 ], [ 73.211483241239563, 18.53928898793616 ], [ 73.21175248122502, 18.539932773449099 ], [ 73.211946784019631, 18.540414398965719 ], [ 73.212267690672022, 18.540425693311231 ], [ 73.212545292607913, 18.54049120589405 ], [ 73.213017453474606, 18.54045867607131 ], [ 73.213577732712466, 18.540440630151888 ], [ 73.214071658851736, 18.540632060386891 ], [ 73.214394000946612, 18.540703034282139 ], [ 73.215167802219355, 18.540362128170791 ], [ 73.21558102379575, 18.540239717395629 ], [ 73.215995403062621, 18.54032697669378 ], [ 73.216496219708475, 18.540423187297371 ], [ 73.216836886443716, 18.540558420173369 ], [ 73.217150522846097, 18.54059924562242 ], [ 73.217393053235767, 18.5406698433831 ], [ 73.217503760861248, 18.54069311934942 ], [ 73.217504569997729, 18.540653345051989 ], [ 73.217478934391153, 18.54050798282853 ], [ 73.217500335117862, 18.540327773348359 ], [ 73.217545717188443, 18.54013475164459 ], [ 73.217653028476064, 18.53978435790745 ], [ 73.217746108656257, 18.53973150289492 ], [ 73.218006460003565, 18.539653632640238 ], [ 73.218132058515536, 18.539618788647779 ], [ 73.218286966932126, 18.53954505125952 ], [ 73.218360862362587, 18.539541773210079 ], [ 73.218566148345829, 18.53942859085949 ], [ 73.218588718817301, 18.539383138299929 ], [ 73.21856760560371, 18.53920277981177 ], [ 73.218593808212916, 18.539052213106601 ], [ 73.218688248173223, 18.538909220017459 ], [ 73.218809305013849, 18.538908170209108 ], [ 73.219003104021155, 18.5389017226051 ], [ 73.219187395124109, 18.53893007104919 ], [ 73.219287393044723, 18.539041757943199 ], [ 73.219257814103727, 18.539317413236901 ], [ 73.219424724856566, 18.539317822669808 ], [ 73.219504068921239, 18.539313441519148 ], [ 73.219552757141273, 18.539249479241299 ], [ 73.219455627571506, 18.53919268270754 ], [ 73.21941002540035, 18.539101599236918 ], [ 73.219448707642243, 18.53907076986555 ], [ 73.219471314359481, 18.539021969023139 ], [ 73.219479125888085, 18.538916292129571 ], [ 73.219447119923103, 18.53879557419156 ], [ 73.219415612001285, 18.538667652053729 ], [ 73.219406108424707, 18.538554829166639 ], [ 73.219412890486552, 18.538493484226478 ], [ 73.219391393472762, 18.538404607609721 ], [ 73.21940000454768, 18.538320195752011 ], [ 73.219400294383377, 18.53826654571354 ], [ 73.219432001838271, 18.538254617309981 ], [ 73.219488387119767, 18.538227585557539 ], [ 73.219548050859416, 18.538168711733181 ], [ 73.219638569102159, 18.53811579456497 ], [ 73.219767563219605, 18.53805389416916 ], [ 73.219887845703468, 18.537997869958321 ], [ 73.22001269925002, 18.53798493505613 ], [ 73.220145671167586, 18.53796624154668 ], [ 73.220271214491049, 18.537900189950541 ] ] ] ] } },
{ "type": "Feature", "properties": { "name": "EB 0014", "visibility": false, "descriptio": "EB number 0014\nEB Totaol Population 927\nEB SC population         16\nEB ST population          05", "styleUrl": "#m_ylw-pushpin1", "fill_opaci": 0, "fill": "#ffffff", "stroke_opa": 1, "stroke": "#00aa00", "stroke_wid": 5, "icon_scale": 1.1, "icon_offse": null, "icon_off_1": null, "icon": "http://maps.google.com/mapfiles/kml/pushpin/ylw-pushpin.png" }, "geometry": { "type": "MultiPolygon", "coordinates": [ [ [ [ 73.217617903877724, 18.540716789676299 ], [ 73.217601930602441, 18.540767249075181 ], [ 73.21774955477683, 18.540812247013701 ], [ 73.217810615955045, 18.540829997017461 ], [ 73.217905643104913, 18.540878461543809 ], [ 73.218042534292096, 18.540948354567892 ], [ 73.218185140696818, 18.541032016536509 ], [ 73.218270343437283, 18.541090779432089 ], [ 73.218370095227996, 18.541153406576399 ], [ 73.218522752416348, 18.541243412044409 ], [ 73.218626569326972, 18.54129710938842 ], [ 73.218666531290808, 18.541211898356991 ], [ 73.218821787595161, 18.54105990776489 ], [ 73.218956606040024, 18.54093191748991 ], [ 73.219188773507938, 18.540732413082569 ], [ 73.219391457918775, 18.540573677605909 ], [ 73.219601518898585, 18.540419745096969 ], [ 73.219713704838767, 18.54020186177986 ], [ 73.219790439314096, 18.540047727792729 ], [ 73.219820523470389, 18.540022171118729 ], [ 73.219922289451702, 18.539946232026601 ], [ 73.219977406215165, 18.539883647841329 ], [ 73.219999812066959, 18.539857940819729 ], [ 73.220045318684228, 18.5396472513617 ], [ 73.22008110507862, 18.53934824051867 ], [ 73.220132248259148, 18.53914602755248 ], [ 73.220188959639415, 18.538937873198272 ], [ 73.220269145435097, 18.538686871746108 ], [ 73.220308830092023, 18.538533200842799 ], [ 73.220351652895502, 18.538425436263282 ], [ 73.220400403232858, 18.53834761089125 ], [ 73.220439216052398, 18.538285094651169 ], [ 73.220466053891357, 18.53824375426915 ], [ 73.220520655554012, 18.538204892738229 ], [ 73.220580819895517, 18.5381779312814 ], [ 73.22061422315376, 18.538165522239179 ], [ 73.220670607657183, 18.538156760918721 ], [ 73.220717718958355, 18.53816263880201 ], [ 73.220739193187981, 18.538155337830212 ], [ 73.220705607240063, 18.53810521736111 ], [ 73.220615710654968, 18.537992878051899 ], [ 73.220493830693101, 18.537919597692909 ], [ 73.220403062509106, 18.537870106839382 ], [ 73.220339866692285, 18.537809174929709 ], [ 73.220280765976796, 18.537749476359 ], [ 73.220274944139533, 18.537894182673028 ], [ 73.220148075355553, 18.537963651748282 ], [ 73.219882322184532, 18.537999923992992 ], [ 73.219546838229348, 18.53816871408571 ], [ 73.219407411072339, 18.538273294917939 ], [ 73.219390669547764, 18.538390755028239 ], [ 73.21940871363735, 18.538505107689609 ], [ 73.219414907443834, 18.538641995844451 ], [ 73.219480138443259, 18.538921490464489 ], [ 73.219474000816234, 18.53901874769533 ], [ 73.219414072520621, 18.53910211741961 ], [ 73.219459286924831, 18.53919449021798 ], [ 73.219547575014232, 18.53925260327803 ], [ 73.219506389010675, 18.5393108007523 ], [ 73.219262400771626, 18.539311162787129 ], [ 73.219288711870789, 18.53904556415349 ], [ 73.219186496772281, 18.538931160440551 ], [ 73.219009683015841, 18.538901250674371 ], [ 73.218686116025168, 18.538912164120859 ], [ 73.218592661262718, 18.539053657124661 ], [ 73.21856614955901, 18.539202901093908 ], [ 73.218588347599791, 18.53938197666174 ], [ 73.218565560296383, 18.539430661988359 ], [ 73.218362675636854, 18.53953954214434 ], [ 73.218287579130674, 18.53954671601436 ], [ 73.218126951133002, 18.539618676287152 ], [ 73.218004102050969, 18.53965199483342 ], [ 73.217925271841466, 18.539675837696659 ], [ 73.217825929434852, 18.539707605819029 ], [ 73.217721806013145, 18.539753203032809 ], [ 73.217728017057865, 18.539819782744939 ], [ 73.217638416944411, 18.54002771688123 ], [ 73.21763244117183, 18.54016125424852 ], [ 73.217580738764283, 18.54034135736379 ], [ 73.217593343425378, 18.540483439098839 ], [ 73.217617903877724, 18.540716789676299 ] ] ] ] } },
{ "type": "Feature", "properties": { "name": "EB0011-2", "visibility": false, "descriptio": "EB number 0011-2\nEB Totaol Population 581\nEB SC population         04\nEB ST population          00", "styleUrl": "#m_ylw-pushpin1", "fill_opaci": 0, "fill": "#ffffff", "stroke_opa": 1, "stroke": "#00aa00", "stroke_wid": 5, "icon_scale": 1.1, "icon_offse": null, "icon_off_1": null, "icon": "http://maps.google.com/mapfiles/kml/pushpin/ylw-pushpin.png" }, "geometry": { "type": "MultiPolygon", "coordinates": [ [ [ [ 73.22047801839183, 18.540830633712531 ], [ 73.220475410330991, 18.540807858838459 ], [ 73.220435544435446, 18.540802746422521 ], [ 73.220399192817212, 18.54080662671835 ], [ 73.220370245642243, 18.5408084619697 ], [ 73.220315618675144, 18.540808401894051 ], [ 73.22028145326216, 18.540808647502882 ], [ 73.220249675400396, 18.540811560642481 ], [ 73.220190313033413, 18.540814512065939 ], [ 73.220146772471338, 18.540818165389961 ], [ 73.220106390681082, 18.54081160398216 ], [ 73.220066531240903, 18.540809295740079 ], [ 73.220028307783267, 18.54080964009939 ], [ 73.219986025183658, 18.540813021548111 ], [ 73.219954314241633, 18.54080366908024 ], [ 73.219938998149019, 18.540763041582061 ], [ 73.21994117164698, 18.540720416627892 ], [ 73.219946460855738, 18.540664726603861 ], [ 73.219952198078317, 18.540623742526812 ], [ 73.21995187355418, 18.540598252970909 ], [ 73.219950266043895, 18.54057621937369 ], [ 73.21994677724426, 18.540555583305238 ], [ 73.219939894468638, 18.540542746361979 ], [ 73.219917718906018, 18.540538618422492 ], [ 73.219887216647663, 18.540529144967021 ], [ 73.219869847424732, 18.540523993057811 ], [ 73.219841996104222, 18.540514510463741 ], [ 73.219817217318408, 18.540502333078301 ], [ 73.219783800069919, 18.5404824245017 ], [ 73.219776030012284, 18.54046528725949 ], [ 73.219765699944844, 18.540439611534541 ], [ 73.219757015846085, 18.54041538662096 ], [ 73.219752849100132, 18.540395843521608 ], [ 73.219746933156159, 18.540377624227052 ], [ 73.219746358823301, 18.540359813296622 ], [ 73.219738234121095, 18.54035083966243 ], [ 73.219730626540866, 18.5403356581356 ], [ 73.219717549614003, 18.54032829134302 ], [ 73.21970499862266, 18.54032222531935 ], [ 73.219680570298095, 18.540320588974701 ], [ 73.21967140960777, 18.54033182582242 ], [ 73.219659138001134, 18.540358753294591 ], [ 73.219651151251, 18.540382719745139 ], [ 73.219637147680913, 18.54040331717631 ], [ 73.219630378130248, 18.540423449986381 ], [ 73.219619242610506, 18.540441508716 ], [ 73.2195958587223, 18.540452543876139 ], [ 73.219569825623282, 18.540473176966469 ], [ 73.219545309970357, 18.540492025507689 ], [ 73.219495145937486, 18.54052862131805 ], [ 73.219455845587234, 18.540556150114639 ], [ 73.219419618020453, 18.540581701703349 ], [ 73.219357364559343, 18.540631598392121 ], [ 73.219331482764289, 18.54065386626327 ], [ 73.219299122822022, 18.540678838511688 ], [ 73.219255164432724, 18.540716965029478 ], [ 73.219218288274746, 18.540745113743011 ], [ 73.219168559264787, 18.540787511204719 ], [ 73.219125812564542, 18.540823445677461 ], [ 73.219079271301894, 18.540861475381149 ], [ 73.218997710792536, 18.540929008400209 ], [ 73.218921242550081, 18.541010257435278 ], [ 73.218875863442364, 18.54105075363243 ], [ 73.218836602329858, 18.541111028438952 ], [ 73.218776214778146, 18.541180849173031 ], [ 73.218669938215811, 18.541305386507482 ], [ 73.218773591437653, 18.541327605554489 ], [ 73.218922697786269, 18.541379061087149 ], [ 73.219029932509045, 18.541427086703369 ], [ 73.21906452789429, 18.54146159605494 ], [ 73.219160217748524, 18.54149796728894 ], [ 73.219203222319592, 18.541533352957419 ], [ 73.219272767936815, 18.541576468436801 ], [ 73.219352655196715, 18.54162012413649 ], [ 73.21946076143351, 18.541650866482239 ], [ 73.219562251565662, 18.541681785949269 ], [ 73.219683954936045, 18.541718020515891 ], [ 73.219786848084851, 18.541778111410881 ], [ 73.219851810750129, 18.54182852286754 ], [ 73.219945444726264, 18.54188115135668 ], [ 73.22002293945917, 18.541931672324701 ], [ 73.220117243571039, 18.541971036759222 ], [ 73.220190356784272, 18.542003712714401 ], [ 73.220255167580447, 18.542031852330041 ], [ 73.220300161814905, 18.541994325928599 ], [ 73.220371790060824, 18.541865186212409 ], [ 73.220407315713587, 18.5416958602069 ], [ 73.220439128131659, 18.54153197600937 ], [ 73.220460803428011, 18.541408645484349 ], [ 73.220469406307544, 18.541275389978988 ], [ 73.220493886592749, 18.54108958281261 ], [ 73.22047801839183, 18.540830633712531 ] ] ] ] } },
{ "type": "Feature", "properties": { "name": "EB 0011-1", "visibility": false, "descriptio": "EB number 0011-1\nEB Totaol Population 616\nEB SC population         00\nEB ST population          04", "styleUrl": "#m_ylw-pushpin1", "fill_opaci": 0, "fill": "#ffffff", "stroke_opa": 1, "stroke": "#00aa00", "stroke_wid": 5, "icon_scale": 1.1, "icon_offse": null, "icon_off_1": null, "icon": "http://maps.google.com/mapfiles/kml/pushpin/ylw-pushpin.png" }, "geometry": { "type": "MultiPolygon", "coordinates": [ [ [ [ 73.220461453210362, 18.540798601098729 ], [ 73.220476749469142, 18.54080137259832 ], [ 73.220482973346293, 18.54078678150934 ], [ 73.220478536646738, 18.540757962055821 ], [ 73.220486654261151, 18.540658447327669 ], [ 73.220495566349726, 18.54056717490797 ], [ 73.220517396653406, 18.540426843977158 ], [ 73.220554272953223, 18.540283152202129 ], [ 73.220598092429469, 18.540164837293101 ], [ 73.220623127546261, 18.540135103402029 ], [ 73.220655057967193, 18.540081024952521 ], [ 73.220682754453762, 18.54001111281984 ], [ 73.220729022473535, 18.53986306460585 ], [ 73.22080335494455, 18.539490064095649 ], [ 73.22084914897728, 18.539246679676019 ], [ 73.220889041716092, 18.539022916660301 ], [ 73.22094287052002, 18.538777723734089 ], [ 73.220985136590329, 18.538623022834571 ], [ 73.221078445762032, 18.538290207991221 ], [ 73.221065762009545, 18.538275853206141 ], [ 73.220991430590431, 18.53825524342264 ], [ 73.220988158352412, 18.53825527899874 ], [ 73.220889674239103, 18.538219602506889 ], [ 73.220787919664701, 18.538182912340311 ], [ 73.220699965537335, 18.538169016393731 ], [ 73.220636172265216, 18.5381818267435 ], [ 73.220553258671544, 18.53821573573984 ], [ 73.220463008352894, 18.538297261585068 ], [ 73.220408480224663, 18.538364328300101 ], [ 73.220376234350283, 18.538413494737568 ], [ 73.220353807669369, 18.538463943717929 ], [ 73.220326055368233, 18.538549311175121 ], [ 73.220227676584955, 18.538864671808529 ], [ 73.220179984411331, 18.539013873496689 ], [ 73.220152653474003, 18.539110744977659 ], [ 73.220137783286944, 18.53917451963061 ], [ 73.220129489527281, 18.539208242519329 ], [ 73.220102030326984, 18.53930830363996 ], [ 73.220097571190806, 18.539336431966291 ], [ 73.220092748642003, 18.539357308603041 ], [ 73.220087292211048, 18.539402556022811 ], [ 73.220083918425914, 18.53945437551231 ], [ 73.220072495990308, 18.53955661909847 ], [ 73.220061351476616, 18.539637331288279 ], [ 73.220036109249477, 18.539752185517209 ], [ 73.220028441492559, 18.539791987547549 ], [ 73.220019193326308, 18.539839318778171 ], [ 73.220007926281951, 18.53987357114876 ], [ 73.219984975402298, 18.539896661444271 ], [ 73.219938302305167, 18.539945554182768 ], [ 73.219912548075342, 18.539966606906749 ], [ 73.219895224947535, 18.53998082424507 ], [ 73.219851185993761, 18.540016448524 ], [ 73.219815536161406, 18.540042838929232 ], [ 73.219797754091999, 18.54006057656062 ], [ 73.219780750988278, 18.54008925772645 ], [ 73.219772519198102, 18.54010943894772 ], [ 73.219745183439272, 18.540166947933209 ], [ 73.219733865116567, 18.54019037999646 ], [ 73.219716496613714, 18.540230656149919 ], [ 73.219703010373294, 18.54026096494157 ], [ 73.219686394820499, 18.540305960009199 ], [ 73.219686132040181, 18.540321183280259 ], [ 73.219692674736805, 18.540318874838899 ], [ 73.21970902612594, 18.54032329527071 ], [ 73.219725125891827, 18.54033000215026 ], [ 73.219735707734685, 18.54034370726281 ], [ 73.219745427665785, 18.54035914465911 ], [ 73.219749562047909, 18.54038277281202 ], [ 73.219757244979903, 18.540411715313819 ], [ 73.219770286830112, 18.540447038403101 ], [ 73.219786334909799, 18.54048240074362 ], [ 73.219832202377304, 18.540508241741701 ], [ 73.219862906121548, 18.540520143486841 ], [ 73.219906389795312, 18.54053482668677 ], [ 73.219940369317627, 18.540543118409229 ], [ 73.219945764205633, 18.54055375187254 ], [ 73.219951385790523, 18.540587287461499 ], [ 73.219948562370206, 18.540633619042261 ], [ 73.21994116406853, 18.540730189074189 ], [ 73.219941352531961, 18.54076735279304 ], [ 73.219950462964988, 18.540789756802759 ], [ 73.219961814934507, 18.540805133724401 ], [ 73.219989997542541, 18.540811347673671 ], [ 73.220020206143204, 18.540810303861271 ], [ 73.22006598603781, 18.540808786299809 ], [ 73.220107377305027, 18.54081172000673 ], [ 73.220148537258453, 18.540817568995209 ], [ 73.220209553684114, 18.540812758763391 ], [ 73.220272716955719, 18.54080794710654 ], [ 73.22031754805711, 18.540806538220512 ], [ 73.220371127829836, 18.540806377027021 ], [ 73.220429475790439, 18.540800454609482 ], [ 73.220461453210362, 18.540798601098729 ] ] ] ] } },
{ "type": "Feature", "properties": { "name": "EB008", "visibility": false, "descriptio": "EB number 008\nEB Totaol Population 388\nEB SC population         00\nEB ST population          00", "styleUrl": "#m_ylw-pushpin1", "fill_opaci": 0, "fill": "#ffffff", "stroke_opa": 1, "stroke": "#00aa00", "stroke_wid": 5, "icon_scale": 1.1, "icon_offse": null, "icon_off_1": null, "icon": "http://maps.google.com/mapfiles/kml/pushpin/ylw-pushpin.png" }, "geometry": { "type": "MultiPolygon", "coordinates": [ [ [ [ 73.220592964631635, 18.543871358365688 ], [ 73.220630596600401, 18.54386241806699 ], [ 73.220691870650313, 18.54386120017918 ], [ 73.220769304241657, 18.543858949705211 ], [ 73.220842001641174, 18.543778426085868 ], [ 73.220899397940286, 18.543705043695599 ], [ 73.220955522888559, 18.54328487625472 ], [ 73.220939208899196, 18.543061008057549 ], [ 73.220913933067706, 18.54264139490542 ], [ 73.220917405713294, 18.542354923189109 ], [ 73.220891565150254, 18.54183703327314 ], [ 73.22101811738402, 18.541562555837441 ], [ 73.221101493538569, 18.54144380394078 ], [ 73.221181198836192, 18.54135662246884 ], [ 73.221229224167658, 18.541251172789899 ], [ 73.221221004115463, 18.541081982071312 ], [ 73.221200423707486, 18.540977439125339 ], [ 73.221163095910839, 18.540856249801848 ], [ 73.221123818461578, 18.540815294787379 ], [ 73.221035599302496, 18.54081748396937 ], [ 73.220867201021761, 18.540849658586659 ], [ 73.220718762231556, 18.540865044295579 ], [ 73.220601859195668, 18.540878616950231 ], [ 73.220501860610298, 18.540878000817411 ], [ 73.220504574050125, 18.540975797413552 ], [ 73.220507151607279, 18.541114162036031 ], [ 73.220496974291748, 18.54128835703883 ], [ 73.220467540447316, 18.541469961959361 ], [ 73.220465571127434, 18.541494527516448 ], [ 73.220439665901623, 18.541629482378951 ], [ 73.220407868475434, 18.541747407510009 ], [ 73.220397451799613, 18.541811769831099 ], [ 73.220377301353565, 18.541861009139929 ], [ 73.220339811864292, 18.541944381027129 ], [ 73.220306442982306, 18.542021173032879 ], [ 73.220264687421007, 18.54210872368153 ], [ 73.220252363659029, 18.54225195082838 ], [ 73.220234987092141, 18.542404211297271 ], [ 73.220207697987576, 18.542601554449309 ], [ 73.220174391077208, 18.542802056130029 ], [ 73.220184751859833, 18.542971193226752 ], [ 73.22018515245064, 18.543101326189039 ], [ 73.220231504473958, 18.54322707929186 ], [ 73.220305173810289, 18.543390406532669 ], [ 73.220374584345151, 18.5434997892817 ], [ 73.220402347659714, 18.54363319324796 ], [ 73.220395986596841, 18.543769492000312 ], [ 73.220448750240507, 18.543795163519238 ], [ 73.220504848015921, 18.543812624112611 ], [ 73.220543244589635, 18.543854909312049 ], [ 73.220592964631635, 18.543871358365688 ] ] ] ] } },
{ "type": "Feature", "properties": { "name": "EB 007", "visibility": false, "descriptio": "EB number 007\nEB Totaol Population 458\nEB SC population         04\nEB ST population          32", "styleUrl": "#m_ylw-pushpin1", "fill_opaci": 0, "fill": "#ffffff", "stroke_opa": 1, "stroke": "#00aa00", "stroke_wid": 5, "icon_scale": 1.1, "icon_offse": null, "icon_off_1": null, "icon": "http://maps.google.com/mapfiles/kml/pushpin/ylw-pushpin.png" }, "geometry": { "type": "MultiPolygon", "coordinates": [ [ [ [ 73.221113116090706, 18.540811720552849 ], [ 73.22112532435365, 18.540806554397442 ], [ 73.221109869079484, 18.540608887835401 ], [ 73.221145592441147, 18.54052499765865 ], [ 73.221256765541455, 18.54039567075284 ], [ 73.221372286355532, 18.54029542863384 ], [ 73.221464564776895, 18.540176617743711 ], [ 73.221504462598645, 18.53993681436906 ], [ 73.221607372736159, 18.539667371892531 ], [ 73.221645883168364, 18.53949791197865 ], [ 73.221656498906782, 18.53933431847484 ], [ 73.221656837504156, 18.53893497155444 ], [ 73.221653103372589, 18.538643972368462 ], [ 73.221636865815228, 18.538393144808119 ], [ 73.221642685169627, 18.538220967459669 ], [ 73.221644069430994, 18.538057178377699 ], [ 73.221624062319165, 18.537960878663529 ], [ 73.221605578426448, 18.537953431441739 ], [ 73.221571723469353, 18.53795888702086 ], [ 73.221481223466341, 18.537967417588192 ], [ 73.221404785937253, 18.537975059318079 ], [ 73.221325724516305, 18.537993752887932 ], [ 73.221245546616686, 18.538024828640928 ], [ 73.221161999495067, 18.538087367913828 ], [ 73.221131920296855, 18.538162029607861 ], [ 73.221037322545882, 18.538484921868449 ], [ 73.220937329611147, 18.538885990690371 ], [ 73.220858358137505, 18.539302470298061 ], [ 73.220804896294382, 18.539607049188401 ], [ 73.220775527957613, 18.53973382025492 ], [ 73.220754420220075, 18.539835848701181 ], [ 73.220731016778075, 18.539928980426101 ], [ 73.220706650764129, 18.53999702411949 ], [ 73.220659020582275, 18.540093417922769 ], [ 73.220619808078709, 18.54015416934417 ], [ 73.220598453801031, 18.54019002770778 ], [ 73.220579535927286, 18.54024459621974 ], [ 73.220562326626492, 18.54030408426307 ], [ 73.220540693594344, 18.5403928295672 ], [ 73.220527540772267, 18.540462027439041 ], [ 73.220508999517762, 18.540555732221051 ], [ 73.220505704239486, 18.540605419414231 ], [ 73.22049898729739, 18.540663921220659 ], [ 73.220497450873751, 18.54068496087875 ], [ 73.220494336058707, 18.540737877466238 ], [ 73.220499239622143, 18.540810460991171 ], [ 73.220511614391668, 18.54087804358748 ], [ 73.220636578616379, 18.540873544585441 ], [ 73.220809064531508, 18.54085186027142 ], [ 73.220933993393089, 18.540830270684399 ], [ 73.221029750179568, 18.540817743068139 ], [ 73.221113116090706, 18.540811720552849 ] ] ] ] } },
{ "type": "Feature", "properties": { "name": "EB 003", "visibility": false, "descriptio": "EB number 003\nEB Totaol Population 343\nEB SC population         00\nEB ST population          00", "styleUrl": "#msn_ylw-pushpin00", "fill_opaci": 0, "fill": "#ffffff", "stroke_opa": 1, "stroke": "#00aa00", "stroke_wid": 5, "icon_scale": 1.1, "icon_offse": null, "icon_off_1": null, "icon": "http://maps.google.com/mapfiles/kml/pushpin/ylw-pushpin.png" }, "geometry": { "type": "MultiPolygon", "coordinates": [ [ [ [ 73.221721923892019, 18.543613528557749 ], [ 73.221849129427, 18.543566978501399 ], [ 73.222112131593406, 18.543494999830241 ], [ 73.22243974911126, 18.54335601672172 ], [ 73.2225930482537, 18.543320397383301 ], [ 73.222881995898732, 18.543236257843461 ], [ 73.2231782296235, 18.543172972695501 ], [ 73.223556650969385, 18.543123126102579 ], [ 73.223884454810971, 18.543074103299571 ], [ 73.224134176821138, 18.543014834495789 ], [ 73.224184679258713, 18.542780727959279 ], [ 73.224226242505665, 18.542540118513301 ], [ 73.224249336290427, 18.542380712239279 ], [ 73.224278841454478, 18.542212737202949 ], [ 73.224343189436524, 18.541873179685741 ], [ 73.224380200765381, 18.541655777517821 ], [ 73.224403466983617, 18.541516783346751 ], [ 73.224443489697919, 18.541286602302041 ], [ 73.22449280189106, 18.54103993142531 ], [ 73.223458911905141, 18.54068319662138 ], [ 73.223248851537733, 18.540658191454039 ], [ 73.223081223117234, 18.54062913439617 ], [ 73.222890293294768, 18.540566344642041 ], [ 73.222735070825877, 18.54058430365146 ], [ 73.222673025831298, 18.540826197786821 ], [ 73.222566368244713, 18.540947991899941 ], [ 73.222459511096545, 18.540944778027661 ], [ 73.222393410680993, 18.540936611465611 ], [ 73.222244682003819, 18.540942787257588 ], [ 73.222153388705351, 18.540957636920261 ], [ 73.222058215054389, 18.54100093628843 ], [ 73.221969359822381, 18.541003439929689 ], [ 73.221838405469413, 18.541087937910461 ], [ 73.221747718730882, 18.541118407172881 ], [ 73.22160800896738, 18.541172591026601 ], [ 73.221602765076028, 18.54123419847884 ], [ 73.22156094469419, 18.54128256188487 ], [ 73.221416523409857, 18.5412988191521 ], [ 73.221250702394599, 18.5413068862022 ], [ 73.221183746719703, 18.54135569710974 ], [ 73.221027755949905, 18.541548342602379 ], [ 73.22089385304254, 18.5418340592757 ], [ 73.22089352468285, 18.541888341400739 ], [ 73.220904856668838, 18.542103566439451 ], [ 73.220912319961712, 18.542244409557892 ], [ 73.220915780298853, 18.542480148976999 ], [ 73.220915606120911, 18.54265965813342 ], [ 73.220924480198335, 18.54282869049678 ], [ 73.220944876704124, 18.543138176135681 ], [ 73.2209535194674, 18.543286782804309 ], [ 73.220946338767732, 18.54334766806975 ], [ 73.220899253451108, 18.543707003352779 ], [ 73.220843045657872, 18.543781898563601 ], [ 73.220918194032635, 18.543784166314609 ], [ 73.220947924430419, 18.543795292414799 ], [ 73.221014916215992, 18.543820018465802 ], [ 73.221055964890496, 18.543818116887639 ], [ 73.221177990494297, 18.543808773145908 ], [ 73.221254660782535, 18.543802833185921 ], [ 73.221307500276552, 18.543799210218069 ], [ 73.221369124876631, 18.543796456295681 ], [ 73.221409318586737, 18.54379590650003 ], [ 73.221419943045447, 18.5437878195821 ], [ 73.221501204319452, 18.543739488779241 ], [ 73.221557927421571, 18.543708650021649 ], [ 73.221607178823646, 18.543680199146682 ], [ 73.221633671826524, 18.543664700014428 ], [ 73.221656165804461, 18.543651111801079 ], [ 73.221721923892019, 18.543613528557749 ] ] ] ] } },
{ "type": "Feature", "properties": { "name": "EB 004", "visibility": false, "descriptio": "EB number 004\nEB Totaol Population 684\nEB SC population         04\nEB ST population          10", "styleUrl": "#msn_ylw-pushpin00", "fill_opaci": 0, "fill": "#ffffff", "stroke_opa": 1, "stroke": "#00aa00", "stroke_wid": 5, "icon_scale": 1.1, "icon_offse": null, "icon_off_1": null, "icon": "http://maps.google.com/mapfiles/kml/pushpin/ylw-pushpin.png" }, "geometry": { "type": "MultiPolygon", "coordinates": [ [ [ [ 73.222734085230996, 18.540587623695991 ], [ 73.222876401319311, 18.540593049817812 ], [ 73.223013131552761, 18.540630581692572 ], [ 73.223496130322644, 18.540711474319679 ], [ 73.223777084386683, 18.540825420409082 ], [ 73.224131029770689, 18.540927086677009 ], [ 73.224499326287003, 18.54105726984513 ], [ 73.224660652643919, 18.54070398221856 ], [ 73.224761303751109, 18.540462948393301 ], [ 73.224909803040248, 18.540187956509421 ], [ 73.225032887126517, 18.539908451029248 ], [ 73.225124503037534, 18.53972107368433 ], [ 73.225237308801169, 18.539473053246351 ], [ 73.225342148616292, 18.539267330170741 ], [ 73.225482037909387, 18.538937393104892 ], [ 73.224724230426432, 18.538429002394139 ], [ 73.22439756216464, 18.538420072408591 ], [ 73.224392729472598, 18.53828028932006 ], [ 73.224335081688949, 18.53823865464242 ], [ 73.224239857881841, 18.538234754270551 ], [ 73.224126623425491, 18.537993966992381 ], [ 73.224063289759229, 18.537913092756551 ], [ 73.223982794631397, 18.537825690927772 ], [ 73.223947126871877, 18.537742867877679 ], [ 73.223865324995003, 18.537621893694869 ], [ 73.223745316147728, 18.53752579733009 ], [ 73.223655538159278, 18.537508012907349 ], [ 73.223586896889785, 18.537484635058028 ], [ 73.223568910723998, 18.537532283929139 ], [ 73.223449729610678, 18.537599488266839 ], [ 73.223246175781838, 18.53761040336364 ], [ 73.22301472202237, 18.53759390108522 ], [ 73.222809656033888, 18.537512858914258 ], [ 73.222679089851454, 18.537486397493559 ], [ 73.222322534661828, 18.537409122376019 ], [ 73.222151987555492, 18.537385540673998 ], [ 73.222079353733406, 18.537380519154208 ], [ 73.221959231019824, 18.53748353008103 ], [ 73.221809275299819, 18.537623585881221 ], [ 73.221711098565422, 18.53774173200668 ], [ 73.221625998110582, 18.537946606438791 ], [ 73.221645912116557, 18.53807245741196 ], [ 73.221633964992108, 18.538294380760401 ], [ 73.221653386105913, 18.538679568270791 ], [ 73.221659739207652, 18.539112833993041 ], [ 73.221659013424741, 18.539283771006829 ], [ 73.221636190035923, 18.539556960052231 ], [ 73.221572520747785, 18.539761985212088 ], [ 73.221503404332495, 18.539946977548169 ], [ 73.221462509073106, 18.540180369112989 ], [ 73.221389721906633, 18.540267999425211 ], [ 73.22130416360659, 18.54035219960809 ], [ 73.221201134643991, 18.54046256039393 ], [ 73.221155558446668, 18.540516480635329 ], [ 73.221114958941158, 18.54060203182285 ], [ 73.22111676714195, 18.540684194493139 ], [ 73.221133365204267, 18.540819407637098 ], [ 73.221169496644663, 18.54087968386817 ], [ 73.221203120448649, 18.540986000021721 ], [ 73.221221082789867, 18.541099914897771 ], [ 73.221230441915083, 18.54119613925333 ], [ 73.22121140040629, 18.541289247118112 ], [ 73.221204204431729, 18.541336096692412 ], [ 73.221241907304773, 18.541312732928908 ], [ 73.22127727454486, 18.541302121226241 ], [ 73.221400534447554, 18.541298931748202 ], [ 73.221558170454486, 18.541276733077389 ], [ 73.22159944001649, 18.541232538857731 ], [ 73.221614333214475, 18.541168207588701 ], [ 73.221889055152545, 18.541052043693789 ], [ 73.221991962665811, 18.541000621774209 ], [ 73.222097969831168, 18.540983688303658 ], [ 73.22222145593544, 18.540942259279081 ], [ 73.222389664446879, 18.540934583419311 ], [ 73.222568336394517, 18.540944176629338 ], [ 73.222676365777318, 18.54081512979371 ], [ 73.222734085230996, 18.540587623695991 ] ] ] ] } },
{ "type": "Feature", "properties": { "name": "EB005", "visibility": false, "descriptio": "EB number 005\nEB Totaol Population 706\nEB SC population         16\nEB ST population          08", "styleUrl": "#msn_ylw-pushpin00", "fill_opaci": 0, "fill": "#ffffff", "stroke_opa": 1, "stroke": "#00aa00", "stroke_wid": 5, "icon_scale": 1.1, "icon_offse": null, "icon_off_1": null, "icon": "http://maps.google.com/mapfiles/kml/pushpin/ylw-pushpin.png" }, "geometry": { "type": "MultiPolygon", "coordinates": [ [ [ [ 73.2234421199976, 18.537595481243201 ], [ 73.223518350313441, 18.537560484247681 ], [ 73.223571172202853, 18.537525101206981 ], [ 73.223596742538049, 18.53748664442951 ], [ 73.223662021337717, 18.537507823469159 ], [ 73.22374841398964, 18.53752694778742 ], [ 73.223827534672253, 18.537579786728141 ], [ 73.223908974935298, 18.537679702730031 ], [ 73.223993500869369, 18.537831307373409 ], [ 73.224084424928932, 18.537928862364371 ], [ 73.224246730142468, 18.5382373637587 ], [ 73.224301763254033, 18.538218854930669 ], [ 73.224387623657719, 18.53828811527346 ], [ 73.224410562405168, 18.538406067458929 ], [ 73.224544342036808, 18.53841287768752 ], [ 73.224650265673816, 18.538430754523802 ], [ 73.224682763858397, 18.538407974190331 ], [ 73.224759819846156, 18.538449553834841 ], [ 73.224935193300823, 18.53856507992338 ], [ 73.22507917098396, 18.538663080647101 ], [ 73.225218336583495, 18.538755941618401 ], [ 73.225319319482708, 18.538820528591291 ], [ 73.225492892822274, 18.53893082585866 ], [ 73.225717482181267, 18.53846438128117 ], [ 73.226147836364675, 18.5374017044387 ], [ 73.226387520516539, 18.536791360640219 ], [ 73.226593957633156, 18.5362919819921 ], [ 73.22674825067412, 18.535905838920701 ], [ 73.226925028567109, 18.535468806009149 ], [ 73.227063540222929, 18.535101180526379 ], [ 73.22714803902457, 18.534860423145659 ], [ 73.227205169854813, 18.534778621618148 ], [ 73.227006184928172, 18.534775102802211 ], [ 73.226888893852447, 18.53491074066293 ], [ 73.22679173620088, 18.534979102118221 ], [ 73.226712193733348, 18.535026795467271 ], [ 73.226529032545329, 18.534761584191259 ], [ 73.226422500603107, 18.53472350467711 ], [ 73.226366949330497, 18.534575686082 ], [ 73.226298695431709, 18.534529042874091 ], [ 73.226273187799904, 18.534471914193919 ], [ 73.226278708729453, 18.534371687242189 ], [ 73.226157475073876, 18.53425449570414 ], [ 73.226109805632149, 18.534168598820941 ], [ 73.2259998875886, 18.53413195104336 ], [ 73.225883225522807, 18.53418937269215 ], [ 73.225722041806137, 18.534257358324741 ], [ 73.225493259381778, 18.534311358495199 ], [ 73.225312757856983, 18.53430506123831 ], [ 73.225196719809333, 18.534254482294479 ], [ 73.225049572079314, 18.534155596154481 ], [ 73.224889221655317, 18.534053746574639 ], [ 73.224800353448146, 18.534006842229189 ], [ 73.224643178815796, 18.533930393597981 ], [ 73.224516620298687, 18.53391805862114 ], [ 73.22435995477413, 18.533963812928409 ], [ 73.224243494629448, 18.534027991751891 ], [ 73.224082087183618, 18.534156407660081 ], [ 73.224023452885717, 18.534209286376718 ], [ 73.223945612483263, 18.534246363194061 ], [ 73.223895985805555, 18.53431962773114 ], [ 73.2237913854472, 18.534405647762561 ], [ 73.223618357120856, 18.534551961348161 ], [ 73.223510603278143, 18.534649942996321 ], [ 73.223413683536123, 18.534758525364879 ], [ 73.223297362040697, 18.53490382345726 ], [ 73.223155586604719, 18.535086351245031 ], [ 73.223034239464468, 18.535298324870858 ], [ 73.223006341060739, 18.535465108145029 ], [ 73.223022784416557, 18.5356213778438 ], [ 73.223052459239156, 18.53586451676172 ], [ 73.223049794254166, 18.535981827688019 ], [ 73.222954798183608, 18.53611903057212 ], [ 73.222834251657687, 18.536274695089709 ], [ 73.222765295646923, 18.536357282975811 ], [ 73.22268389396433, 18.53649504295737 ], [ 73.222504118540471, 18.536701759617181 ], [ 73.222321672561449, 18.53689983649749 ], [ 73.222205142166715, 18.537064246746841 ], [ 73.222087895375935, 18.537379668184251 ], [ 73.22234652116677, 18.537416120578619 ], [ 73.22263605525265, 18.537466241346099 ], [ 73.222825165190969, 18.53751418374215 ], [ 73.223017163965267, 18.53758768278621 ], [ 73.223249456541481, 18.537591899894011 ], [ 73.2234421199976, 18.537595481243201 ] ] ] ] } },
{ "type": "Feature", "properties": { "name": "EB0010", "visibility": false, "descriptio": "EB number 0010\nEB Totaol Population 640\nEB SC population         60\nEB ST population          25", "styleUrl": "#msn_ylw-pushpin00", "fill_opaci": 0, "fill": "#ffffff", "stroke_opa": 1, "stroke": "#00aa00", "stroke_wid": 5, "icon_scale": 1.1, "icon_offse": null, "icon_off_1": null, "icon": "http://maps.google.com/mapfiles/kml/pushpin/ylw-pushpin.png" }, "geometry": { "type": "MultiPolygon", "coordinates": [ [ [ [ 73.220142116019019, 18.542949291398241 ], [ 73.220232895052291, 18.542077942316642 ], [ 73.220122029187436, 18.542030793579549 ], [ 73.219960786832331, 18.54195287252244 ], [ 73.219724965278871, 18.54180467476079 ], [ 73.219584998974284, 18.54172328437966 ], [ 73.21952005128297, 18.541729666794438 ], [ 73.219403121793789, 18.541691513916771 ], [ 73.219283414620023, 18.541654357732739 ], [ 73.219142075291742, 18.541556414959778 ], [ 73.218965816526406, 18.541461541693089 ], [ 73.218809562662017, 18.54140411586744 ], [ 73.218613960809748, 18.541342706100249 ], [ 73.218446026285875, 18.54125796396368 ], [ 73.218234653141792, 18.54111871207655 ], [ 73.218031417263177, 18.54100119450467 ], [ 73.217816910660318, 18.540888386326309 ], [ 73.21766394008408, 18.54083323586735 ], [ 73.217529578149396, 18.540799131827509 ], [ 73.21749386673585, 18.540683600652191 ], [ 73.217093312481069, 18.540585432939789 ], [ 73.216825690454172, 18.540555128587609 ], [ 73.216479384937998, 18.540416072432549 ], [ 73.216172150785241, 18.540358239887961 ], [ 73.215570045477065, 18.540236797113351 ], [ 73.215196611997811, 18.540353210060221 ], [ 73.214914156902339, 18.540465390638339 ], [ 73.214621712205158, 18.540595145855981 ], [ 73.214387118375683, 18.540703040851291 ], [ 73.214073064929266, 18.540606837284969 ], [ 73.213584351402147, 18.54044077870131 ], [ 73.213361200695715, 18.540436311701811 ], [ 73.212890438481566, 18.540463241439198 ], [ 73.212548311715778, 18.540489156784322 ], [ 73.212267629265739, 18.540423144184039 ], [ 73.212157642643731, 18.540423887984641 ], [ 73.212000524102578, 18.54041846905438 ], [ 73.211943437098313, 18.540422693486448 ], [ 73.211955282527484, 18.540459157476661 ], [ 73.211984691196264, 18.540536552544459 ], [ 73.212040350385124, 18.540679547562611 ], [ 73.212129325123399, 18.54087941324579 ], [ 73.212208445912424, 18.541043957061849 ], [ 73.212292829358177, 18.54115888307356 ], [ 73.21249146773927, 18.541426323871629 ], [ 73.212634315523843, 18.541607476946162 ], [ 73.212771560035875, 18.541743750501301 ], [ 73.213293538355686, 18.54221979885649 ], [ 73.213794209551196, 18.54268297829918 ], [ 73.214266998712745, 18.543110325968179 ], [ 73.21482436560207, 18.54367878663443 ], [ 73.215436485579076, 18.54431408671995 ], [ 73.215731635956445, 18.544630906187781 ], [ 73.215787479660804, 18.544692592010119 ], [ 73.215816733469069, 18.54470867404866 ], [ 73.216053096417966, 18.544564502538311 ], [ 73.216270332255434, 18.544407036521761 ], [ 73.216657006072097, 18.544158944262481 ], [ 73.217012690316935, 18.543934229611569 ], [ 73.217366656675381, 18.543736302152961 ], [ 73.217600505115982, 18.543651798093929 ], [ 73.217791443230496, 18.543597467648802 ], [ 73.218018406412881, 18.543546294255481 ], [ 73.218317143271207, 18.543506077309448 ], [ 73.218477325074261, 18.543480721549269 ], [ 73.218770564972459, 18.543475827256248 ], [ 73.218948986971355, 18.543454214368431 ], [ 73.219058730343363, 18.543454981465459 ], [ 73.219068151473607, 18.543427207530328 ], [ 73.219044929497755, 18.543342649500431 ], [ 73.218993491681132, 18.543113976000821 ], [ 73.218963939410003, 18.542989848585279 ], [ 73.2189557253879, 18.54281959438347 ], [ 73.21895986286097, 18.54257239028615 ], [ 73.218968361058671, 18.54239470935492 ], [ 73.218892568456056, 18.542249167831791 ], [ 73.218871019946036, 18.542168641485759 ], [ 73.218982166685336, 18.54216032864062 ], [ 73.219118065919957, 18.542180283494108 ], [ 73.21922595766253, 18.542204629025651 ], [ 73.219497532995234, 18.54217743164828 ], [ 73.219679882657871, 18.542118552090059 ], [ 73.219719470081827, 18.542142633319472 ], [ 73.219733325767791, 18.54223942847603 ], [ 73.219730734220533, 18.542325427321732 ], [ 73.219727293466264, 18.542406351827509 ], [ 73.219739271904487, 18.542537294570408 ], [ 73.219751093688743, 18.542609701155939 ], [ 73.219753639681045, 18.542688911661791 ], [ 73.21977745962387, 18.542758166523111 ], [ 73.219778258358161, 18.542804576517639 ], [ 73.219778181368454, 18.542862138947871 ], [ 73.219775832163123, 18.54288908198361 ], [ 73.219786658473254, 18.54289851174153 ], [ 73.219832320699879, 18.542892541515169 ], [ 73.219893397385334, 18.54288096306534 ], [ 73.219919034885663, 18.542880626749621 ], [ 73.219957320394528, 18.542885457863441 ], [ 73.21998033350971, 18.54288778603182 ], [ 73.219998109076428, 18.542909252833049 ], [ 73.22001663255709, 18.542916278410701 ], [ 73.220029504126799, 18.54292326210695 ], [ 73.220044827479953, 18.542935207008849 ], [ 73.220094013185957, 18.542938701853672 ], [ 73.220142116019019, 18.542949291398241 ] ] ] ] } },
{ "type": "Feature", "properties": { "name": "EB009", "visibility": false, "descriptio": "EB number 009\nEB Totaol Population 709\nEB SC population         07\nEB ST population         327", "styleUrl": "#msn_ylw-pushpin00", "fill_opaci": 0, "fill": "#ffffff", "stroke_opa": 1, "stroke": "#00aa00", "stroke_wid": 5, "icon_scale": 1.1, "icon_offse": null, "icon_off_1": null, "icon": "http://maps.google.com/mapfiles/kml/pushpin/ylw-pushpin.png" }, "geometry": { "type": "MultiPolygon", "coordinates": [ [ [ [ 73.220148033777576, 18.542973420089961 ], [ 73.220143996527142, 18.54294770955347 ], [ 73.220090191814776, 18.542935773454701 ], [ 73.220046269981665, 18.542932413866449 ], [ 73.220006078757081, 18.542910320314601 ], [ 73.219979714136173, 18.542888195658801 ], [ 73.219939463447332, 18.542880356204162 ], [ 73.219885272093208, 18.54287955885188 ], [ 73.219804241230236, 18.54289721591962 ], [ 73.219786485324164, 18.54289737668908 ], [ 73.219776650418908, 18.542879183600149 ], [ 73.219779035546509, 18.542817318746181 ], [ 73.219777521846908, 18.542757998244149 ], [ 73.219761663629768, 18.542711080326971 ], [ 73.219752416056053, 18.542648530253821 ], [ 73.219748930641245, 18.542593066869781 ], [ 73.219738019003088, 18.54252247751781 ], [ 73.219726318385128, 18.542398771518311 ], [ 73.219732222826067, 18.542317432840001 ], [ 73.219730973874604, 18.542250744958171 ], [ 73.219725628404461, 18.542182109242962 ], [ 73.219718909169444, 18.54214326326456 ], [ 73.219685321670269, 18.54211976205703 ], [ 73.219502157096699, 18.542175376354209 ], [ 73.21923793084926, 18.542201188115939 ], [ 73.21902433617359, 18.542166291292229 ], [ 73.218940270452748, 18.542165028064829 ], [ 73.218874865111005, 18.5421695659345 ], [ 73.218888697360526, 18.542224714309441 ], [ 73.218970848093207, 18.542395401446768 ], [ 73.218958788135353, 18.542865141143931 ], [ 73.218964504698135, 18.54297520558865 ], [ 73.219026511680511, 18.543255243391499 ], [ 73.219067970559038, 18.543426979861479 ], [ 73.219065244463252, 18.543451693304021 ], [ 73.218982345978105, 18.543451326003311 ], [ 73.218872925184741, 18.543461466596291 ], [ 73.21860615289765, 18.54347699594345 ], [ 73.218483729533375, 18.54347943292035 ], [ 73.218072265966981, 18.543536991594031 ], [ 73.217739294847362, 18.543613223027101 ], [ 73.217504467346345, 18.54368830383428 ], [ 73.21737577176043, 18.543731963961449 ], [ 73.216994989154145, 18.543943795444939 ], [ 73.216567490655365, 18.544216573513861 ], [ 73.215809693191204, 18.54471682684439 ], [ 73.215859682092102, 18.544776960255319 ], [ 73.216005330219616, 18.54499204155211 ], [ 73.216121909813296, 18.545139751314309 ], [ 73.216200054440463, 18.545106701611338 ], [ 73.216324694265737, 18.545065133504529 ], [ 73.216575062733853, 18.545001401529781 ], [ 73.216843653881952, 18.54496811069362 ], [ 73.216917678661218, 18.545082477207309 ], [ 73.216949823230451, 18.545149649225579 ], [ 73.217024862724784, 18.54511627018773 ], [ 73.21711629737257, 18.545074947911651 ], [ 73.217211172298292, 18.545001524769461 ], [ 73.217351227253062, 18.544912972992091 ], [ 73.217669055186491, 18.54480353592659 ], [ 73.217969625235781, 18.544749901242621 ], [ 73.21832011537326, 18.544635213082341 ], [ 73.218373721424342, 18.544572473761232 ], [ 73.218607433145152, 18.544557852843951 ], [ 73.219033114320368, 18.544451148006729 ], [ 73.219098385001743, 18.54439962002332 ], [ 73.219288037255836, 18.54436807874162 ], [ 73.219421283208987, 18.544359747466689 ], [ 73.219459524681525, 18.54430320003075 ], [ 73.219475534002854, 18.544234336730469 ], [ 73.219648456406262, 18.544069421963151 ], [ 73.219808509567031, 18.54398659226473 ], [ 73.219819466516199, 18.543925634291689 ], [ 73.21972771362158, 18.543833505034659 ], [ 73.21971007559408, 18.543782570613349 ], [ 73.219802501897604, 18.543751190914321 ], [ 73.219927743476461, 18.543740495838779 ], [ 73.220088749689495, 18.543731441146448 ], [ 73.220328184583749, 18.54376717014523 ], [ 73.220363735307714, 18.543771876627051 ], [ 73.220357719135293, 18.543657544133321 ], [ 73.220268290562572, 18.54341130386835 ], [ 73.220207516190797, 18.543270307115659 ], [ 73.220166867493404, 18.543155549712811 ], [ 73.22015438425305, 18.54307050034167 ], [ 73.220148033777576, 18.542973420089961 ] ] ] ] } },
{ "type": "Feature", "properties": { "name": "2", "visibility": null, "descriptio": null, "styleUrl": "#msn_ylw-pushpin3", "fill_opaci": 1, "fill": "#55aa00", "stroke_opa": 1, "stroke": "#ffff00", "stroke_wid": null, "icon_scale": 1.1, "icon_offse": null, "icon_off_1": null, "icon": "http://maps.google.com/mapfiles/kml/pushpin/ylw-pushpin.png" }, "geometry": { "type": "MultiPolygon", "coordinates": [ [ [ [ 73.220962330293389, 18.55104756787189 ], [ 73.221019254859598, 18.551183808110789 ], [ 73.221147491528214, 18.551162977274871 ], [ 73.221353416493884, 18.551020914107671 ], [ 73.221678684205827, 18.55079045844213 ], [ 73.222035622159012, 18.550840379960839 ], [ 73.22235101001263, 18.550790936477281 ], [ 73.222606085286969, 18.55073835283449 ], [ 73.222704081480529, 18.550538286418458 ], [ 73.222791204192063, 18.55033897122302 ], [ 73.222925265408406, 18.549913985829349 ], [ 73.223074134597184, 18.54947704155148 ], [ 73.223176853245306, 18.549215166364199 ], [ 73.223163751030555, 18.548999282261018 ], [ 73.223257203307071, 18.5484819304796 ], [ 73.22330995679647, 18.54790049499578 ], [ 73.223385101370297, 18.547179191403629 ], [ 73.223357733981487, 18.547008777063891 ], [ 73.223194878906895, 18.546750571501629 ], [ 73.223118262195044, 18.54657590654174 ], [ 73.222948398194148, 18.546188244586499 ], [ 73.22282470522029, 18.54592405909154 ], [ 73.22267107840986, 18.545793092174289 ], [ 73.222496266571994, 18.545696148400172 ], [ 73.222333798060475, 18.545591086169921 ], [ 73.22229521140811, 18.545567744148379 ], [ 73.222118820250159, 18.545533695732381 ], [ 73.221915834966154, 18.545540148454869 ], [ 73.221754459530572, 18.545555242656992 ], [ 73.221736355319763, 18.545556423522829 ], [ 73.221617233538254, 18.545586806071402 ], [ 73.221504277222493, 18.545639716860659 ], [ 73.221401005352135, 18.5456636707145 ], [ 73.221261076922616, 18.54568456952336 ], [ 73.221137904763197, 18.545686988166651 ], [ 73.220971634498198, 18.54574712314302 ], [ 73.220885285915855, 18.545846690355852 ], [ 73.220869896484331, 18.546217622370001 ], [ 73.220874007268279, 18.546647568263779 ], [ 73.220863667576339, 18.54701173896175 ], [ 73.220888764962325, 18.54744180503296 ], [ 73.220849942464795, 18.548033692654599 ], [ 73.220854967513006, 18.548740519718681 ], [ 73.220871672401188, 18.5499193606075 ], [ 73.220929665318408, 18.550548558045779 ], [ 73.220962330293389, 18.55104756787189 ] ] ] ] } },
{ "type": "Feature", "properties": { "name": "1", "visibility": null, "descriptio": null, "styleUrl": "#msn_ylw-pushpin11", "fill_opaci": 1, "fill": "#00ffff", "stroke_opa": 1, "stroke": "#ffff00", "stroke_wid": null, "icon_scale": 1.1, "icon_offse": null, "icon_off_1": null, "icon": "http://maps.google.com/mapfiles/kml/pushpin/ylw-pushpin.png" }, "geometry": { "type": "MultiPolygon", "coordinates": [ [ [ [ 73.224174704210981, 18.543242051250051 ], [ 73.223417921702293, 18.546686616175581 ], [ 73.223518220352148, 18.54738960794381 ], [ 73.223373228961378, 18.54816512385565 ], [ 73.223271724065384, 18.549088684577121 ], [ 73.223067609333199, 18.549656626292379 ], [ 73.222705558705456, 18.550730311245641 ], [ 73.222319295400951, 18.551001378855201 ], [ 73.221802596320657, 18.55107603428419 ], [ 73.221678806640213, 18.55103427277918 ], [ 73.221410075776262, 18.55111735786064 ], [ 73.221010277412518, 18.551251199187259 ], [ 73.220738827933303, 18.551291836369241 ], [ 73.220634787210713, 18.550892476920851 ], [ 73.220595620763191, 18.5503306859578 ], [ 73.22060651597323, 18.550138764473871 ], [ 73.220534056405484, 18.549351667827139 ], [ 73.220518189114685, 18.548793161763591 ], [ 73.220552508057082, 18.548259513167881 ], [ 73.220558941875026, 18.547640448114649 ], [ 73.220610261290943, 18.547101322201911 ], [ 73.220633758429472, 18.546731038858098 ], [ 73.220648656636442, 18.54624725592053 ], [ 73.220769740062295, 18.54575430116331 ], [ 73.220841048651906, 18.545557314439961 ], [ 73.221202588179523, 18.545470345927491 ], [ 73.221500274853838, 18.54543493037378 ], [ 73.221765549472323, 18.545422135750801 ], [ 73.22204492743397, 18.545419776106399 ], [ 73.222235335895903, 18.545473267085988 ], [ 73.222382100738486, 18.54555888542389 ], [ 73.222588672426923, 18.545714208261931 ], [ 73.222931293817155, 18.545934630165561 ], [ 73.22313245698075, 18.546237815739168 ], [ 73.223258553353361, 18.546635765448492 ], [ 73.223434098369623, 18.546303483810572 ], [ 73.223679653846531, 18.54533440110065 ], [ 73.22384454197541, 18.544498456104591 ], [ 73.223861265894911, 18.544107265983051 ], [ 73.223939619701383, 18.543824097068249 ], [ 73.22398096683267, 18.543547674786691 ], [ 73.224010367366489, 18.54336729665987 ], [ 73.224025362456928, 18.543130724468291 ], [ 73.223790212351318, 18.543216923489339 ], [ 73.223519718836286, 18.54321852692852 ], [ 73.223281795389525, 18.54325914288447 ], [ 73.222908427941093, 18.543284126633559 ], [ 73.222520592834371, 18.543379101899951 ], [ 73.222224247219117, 18.543453004823242 ], [ 73.221797129513845, 18.543686833583539 ], [ 73.221573989747583, 18.543745187284468 ], [ 73.221350351508917, 18.543778926652269 ], [ 73.221167297698784, 18.543817558071929 ], [ 73.220915831106907, 18.54385207524285 ], [ 73.220690243455337, 18.543883652329161 ], [ 73.22039556599394, 18.5439078085702 ], [ 73.220203910170767, 18.543865603732769 ], [ 73.220161912479782, 18.543867034622831 ], [ 73.219873870525859, 18.54381482143177 ], [ 73.21983897030205, 18.54401977044995 ], [ 73.219663954693587, 18.54421294919344 ], [ 73.219479040905497, 18.5443359802217 ], [ 73.219200976605151, 18.54450804878239 ], [ 73.218942272303067, 18.544523239229431 ], [ 73.218612888383049, 18.544624359739291 ], [ 73.218405341932908, 18.544662147695689 ], [ 73.218193182690101, 18.544729650775722 ], [ 73.217791563974828, 18.54479903075752 ], [ 73.217442058221025, 18.544967984467409 ], [ 73.217198754750655, 18.545101329308121 ], [ 73.216996042418998, 18.545167782360121 ], [ 73.216860048161749, 18.545186364187209 ], [ 73.216735165238688, 18.54508408828033 ], [ 73.216486402795056, 18.545085346872071 ], [ 73.216224553299369, 18.545083766704479 ], [ 73.216355827097303, 18.545342898272111 ], [ 73.216751586449789, 18.545568447062429 ], [ 73.216703093094097, 18.545872835291181 ], [ 73.216918152311649, 18.54622450718422 ], [ 73.217197825958323, 18.54652317666519 ], [ 73.21746744030817, 18.546829605921872 ], [ 73.217677931996548, 18.547257269908268 ], [ 73.217906901293361, 18.547720461927899 ], [ 73.218094128025086, 18.548101858156191 ], [ 73.218478758647649, 18.548756068747739 ], [ 73.218781613549879, 18.54941776763388 ], [ 73.219372342096875, 18.55017254140682 ], [ 73.219825522739796, 18.55124331696938 ], [ 73.220363042426598, 18.551838993409749 ], [ 73.220488386285609, 18.55219496579204 ], [ 73.220762544873011, 18.55301102532913 ], [ 73.220954873021242, 18.55384888446704 ], [ 73.221139480787883, 18.554644137874568 ], [ 73.22152837339604, 18.555754039789651 ], [ 73.221916750415375, 18.557157145857619 ], [ 73.222641212726145, 18.55817869997183 ], [ 73.223040868654763, 18.55878857949785 ], [ 73.22368032380146, 18.559540235263629 ], [ 73.223914110136946, 18.55981180079381 ], [ 73.224230698470819, 18.559835411322311 ], [ 73.224511890008387, 18.559590012623069 ], [ 73.224675846924399, 18.559306065448379 ], [ 73.225252212222898, 18.559291545671599 ], [ 73.225623574763745, 18.559219364292922 ], [ 73.226411471924109, 18.55889896514736 ], [ 73.226997692238868, 18.55867295527117 ], [ 73.227439280501898, 18.55859977326822 ], [ 73.228476272985347, 18.558500538535561 ], [ 73.22936631557188, 18.558206051667899 ], [ 73.230410317232142, 18.557623323027659 ], [ 73.230957571165902, 18.556640188379099 ], [ 73.231385464036052, 18.55591095616715 ], [ 73.231790606077141, 18.554749764483631 ], [ 73.232556291110484, 18.553366358969431 ], [ 73.232867983197096, 18.552460734564121 ], [ 73.233503352689056, 18.551164629896199 ], [ 73.233798200945586, 18.55054460551646 ], [ 73.234412567714372, 18.550081246854042 ], [ 73.234714461542268, 18.54968299880704 ], [ 73.235562521989834, 18.54872525482773 ], [ 73.236012483258648, 18.548396463140861 ], [ 73.236359675580033, 18.548115295241111 ], [ 73.236620847425371, 18.547875274168661 ], [ 73.236880837850691, 18.547780534729391 ], [ 73.237259877864261, 18.547400955627278 ], [ 73.237708700257272, 18.547114339837261 ], [ 73.237770033365791, 18.547115257195799 ], [ 73.23821457055115, 18.54678744198846 ], [ 73.238392250387108, 18.546105768016311 ], [ 73.238489631367855, 18.545009891767911 ], [ 73.238337095613929, 18.54367248543814 ], [ 73.238397118267727, 18.542902939760619 ], [ 73.23830769875569, 18.541934267237629 ], [ 73.238329115195853, 18.54186941272112 ], [ 73.238458703478983, 18.541144827327081 ], [ 73.238663933888105, 18.540814506649571 ], [ 73.238677920409984, 18.540656040712481 ], [ 73.238680029937186, 18.539825058105681 ], [ 73.238627927790361, 18.53907909115382 ], [ 73.238678292672475, 18.538526772543989 ], [ 73.238738977823076, 18.538132807009049 ], [ 73.238719180891195, 18.53776364568693 ], [ 73.238804967599052, 18.537092261450439 ], [ 73.238859312262903, 18.536489235127849 ], [ 73.238859435785955, 18.536087022317421 ], [ 73.238913957879674, 18.535767733083489 ], [ 73.238896284421017, 18.535657291804419 ], [ 73.238911813901609, 18.53521334607403 ], [ 73.238942217384718, 18.53430591989558 ], [ 73.239021026887514, 18.533736113720511 ], [ 73.238865166528583, 18.53261568197577 ], [ 73.238949043056849, 18.532204654473301 ], [ 73.238942119085962, 18.532152111368159 ], [ 73.238997953960705, 18.531800893384801 ], [ 73.238962530054437, 18.53171112883345 ], [ 73.237911738539722, 18.531422569916909 ], [ 73.237538261790178, 18.53132149422116 ], [ 73.237076530545892, 18.531320605344831 ], [ 73.236463738902984, 18.531317858706888 ], [ 73.235717940862557, 18.531278926380669 ], [ 73.235252591943066, 18.531313150640511 ], [ 73.23446778909809, 18.531425695478891 ], [ 73.233795306204186, 18.53145585774385 ], [ 73.233099116706512, 18.531551858842139 ], [ 73.232194437819885, 18.531535998349629 ], [ 73.231232294922577, 18.531632036645021 ], [ 73.230447652343756, 18.531577610576321 ], [ 73.229856052464072, 18.53157562298475 ], [ 73.229340054428278, 18.53157913136198 ], [ 73.228804990659199, 18.531779959277991 ], [ 73.228723698047688, 18.53192254656723 ], [ 73.22833227874311, 18.532377171663189 ], [ 73.226840490759159, 18.533641819551271 ], [ 73.226126281279051, 18.534172166097971 ], [ 73.226715777119523, 18.53497397454743 ], [ 73.2271770268285, 18.534818392102341 ], [ 73.226943003299724, 18.535604085869171 ], [ 73.226140024269625, 18.537502800321501 ], [ 73.225531023363118, 18.53900595707012 ], [ 73.225046292812095, 18.53988905800912 ], [ 73.224467136690038, 18.541051418366042 ], [ 73.22417467048534, 18.54243816878623 ], [ 73.224174704210981, 18.543242051250051 ] ] ] ] } },
{ "type": "Feature", "properties": { "name": "Zap", "visibility": null, "descriptio": null, "styleUrl": "#msn_ylw-pushpin10", "fill_opaci": 1, "fill": "#55aaff", "stroke_opa": 1, "stroke": "#ffff00", "stroke_wid": null, "icon_scale": 1.1, "icon_offse": null, "icon_off_1": null, "icon": "http://maps.google.com/mapfiles/kml/pushpin/ylw-pushpin.png" }, "geometry": { "type": "MultiPolygon", "coordinates": [ [ [ [ 73.236249688067133, 18.530712109519129 ], [ 73.237002033600248, 18.53088314272825 ], [ 73.23791095309997, 18.53109411915386 ], [ 73.23923275620875, 18.531432110491451 ], [ 73.239333928618422, 18.530846949207699 ], [ 73.239448382682667, 18.530102141853011 ], [ 73.239552844902065, 18.52922452140708 ], [ 73.23956734272582, 18.528366151434831 ], [ 73.239715617838527, 18.52742219061366 ], [ 73.239727345315458, 18.526620206610389 ], [ 73.23979231111025, 18.52615435368137 ], [ 73.240044338365351, 18.52601139284733 ], [ 73.240254716248486, 18.52601038055294 ], [ 73.24066120025384, 18.526148683235721 ], [ 73.241051629911851, 18.52622015749262 ], [ 73.241035429688367, 18.525975599594378 ], [ 73.240759307872466, 18.52583589547466 ], [ 73.24010367551827, 18.525552935966491 ], [ 73.239819049463193, 18.52555753843475 ], [ 73.239535319107929, 18.525564003480142 ], [ 73.239170096583692, 18.525255120245799 ], [ 73.238679211769522, 18.5249481668911 ], [ 73.238257146103038, 18.52458148458199 ], [ 73.238330330934744, 18.523728587941811 ], [ 73.238523508181743, 18.522902939436761 ], [ 73.238597420883551, 18.522321844427921 ], [ 73.238847590987362, 18.521518579076979 ], [ 73.239048408469003, 18.521373263465101 ], [ 73.239232644681849, 18.521172216700862 ], [ 73.238873029536123, 18.521168855649719 ], [ 73.238422041971873, 18.521171656013252 ], [ 73.237993068052731, 18.520886077730442 ], [ 73.237449430222895, 18.520494155524769 ], [ 73.237075505682867, 18.52060465589987 ], [ 73.236758720134247, 18.520661029756411 ], [ 73.236405663215692, 18.520661825516349 ], [ 73.235770111494872, 18.520549591415541 ], [ 73.235447705860508, 18.520945545187971 ], [ 73.235355066342805, 18.521702706381259 ], [ 73.235335737979682, 18.52224135431927 ], [ 73.235123205313769, 18.52282144112182 ], [ 73.234691359222012, 18.52332696809966 ], [ 73.234117323533027, 18.523327403043179 ], [ 73.233516237374431, 18.523486196964281 ], [ 73.233445949863039, 18.52351899819481 ], [ 73.232890708690832, 18.52368003874124 ], [ 73.232427252093984, 18.523804362703689 ], [ 73.231917314897657, 18.523973250762999 ], [ 73.231319194434192, 18.524069270398059 ], [ 73.230730725358228, 18.524301622802831 ], [ 73.229982078699322, 18.524530833761929 ], [ 73.229879588020822, 18.524530377892091 ], [ 73.229137620883066, 18.52453314852189 ], [ 73.228791542209848, 18.524803958441069 ], [ 73.22836460450938, 18.52510511692169 ], [ 73.228152363751789, 18.52494028181534 ], [ 73.228262367087893, 18.524396076287179 ], [ 73.228552688928602, 18.524002649089081 ], [ 73.228963210031125, 18.5235911119759 ], [ 73.228645444878254, 18.523209888998089 ], [ 73.228061443484648, 18.52286213732274 ], [ 73.227714529811834, 18.52283094408789 ], [ 73.227314834150121, 18.522552534770639 ], [ 73.226749367110401, 18.522398211273689 ], [ 73.226210629579114, 18.522403920415201 ], [ 73.22580736134725, 18.523109689987269 ], [ 73.225513117669749, 18.524045056200031 ], [ 73.225787240568096, 18.524337261988119 ], [ 73.225885274801243, 18.52460812094824 ], [ 73.22600802617319, 18.525079200369941 ], [ 73.226207738280266, 18.526079134929599 ], [ 73.226337613915902, 18.52653594604698 ], [ 73.226658514846179, 18.52733617288159 ], [ 73.226331093876141, 18.527913024141 ], [ 73.226246581518026, 18.528301693714461 ], [ 73.226243446252781, 18.52879806913495 ], [ 73.226352271255806, 18.529349138042459 ], [ 73.226463934637607, 18.52972876314216 ], [ 73.226576879177813, 18.530269301585481 ], [ 73.22646213400013, 18.530526198444431 ], [ 73.226200645457126, 18.530983706229229 ], [ 73.226254428503324, 18.531699606334801 ], [ 73.226368975087183, 18.532391016252841 ], [ 73.225908904802381, 18.533732706882759 ], [ 73.226905780273725, 18.53298086358825 ], [ 73.227672109227498, 18.532316059974459 ], [ 73.228331276396986, 18.531593982875119 ], [ 73.22910271280206, 18.531199370839069 ], [ 73.229650537759866, 18.531123561174699 ], [ 73.231217240652882, 18.531128805829798 ], [ 73.232810962579094, 18.531122433723759 ], [ 73.2341537421254, 18.53077360151687 ], [ 73.235381819053359, 18.530698232377301 ], [ 73.236249688067133, 18.530712109519129 ] ] ] ] } },
{ "type": "Feature", "properties": { "name": "Burmali", "visibility": null, "descriptio": null, "styleUrl": "#msn_ylw-pushpin12", "fill_opaci": 1, "fill": "#ff00ff", "stroke_opa": 1, "stroke": "#ffff00", "stroke_wid": null, "icon_scale": 1.1, "icon_offse": null, "icon_off_1": null, "icon": "http://maps.google.com/mapfiles/kml/pushpin/ylw-pushpin.png" }, "geometry": { "type": "MultiPolygon", "coordinates": [ [ [ [ 73.219939198891197, 18.529654651359099 ], [ 73.220034106764956, 18.529743876572269 ], [ 73.220382281782079, 18.52965417149418 ], [ 73.220851482207578, 18.529838521688749 ], [ 73.221110928607715, 18.529839587210841 ], [ 73.221353263182976, 18.52983497992798 ], [ 73.221390536615942, 18.529834268391291 ], [ 73.221756030096159, 18.52973811632345 ], [ 73.221974977035998, 18.529615567472291 ], [ 73.222375458106043, 18.529666531132879 ], [ 73.223239106064796, 18.529520504234721 ], [ 73.223625812246979, 18.529513155941181 ], [ 73.223922341054418, 18.529731790424741 ], [ 73.224138524658528, 18.52982084853716 ], [ 73.224661039790476, 18.529749002142779 ], [ 73.225121357468126, 18.52980366256239 ], [ 73.225972674470142, 18.529813935891848 ], [ 73.226159394623338, 18.529538978427059 ], [ 73.226090118590236, 18.52901244626289 ], [ 73.226076228056385, 18.528496520548739 ], [ 73.2260986411153, 18.527932464728831 ], [ 73.226240337209319, 18.527549813137249 ], [ 73.226225253103308, 18.5270046926072 ], [ 73.2260096116228, 18.526455585356551 ], [ 73.225898298782553, 18.526009115826611 ], [ 73.225745419793611, 18.525362363192801 ], [ 73.225610895956876, 18.524900939255481 ], [ 73.225525372707509, 18.52452733737972 ], [ 73.225288393228269, 18.52453035914192 ], [ 73.225312580963092, 18.52429156377136 ], [ 73.2253517630744, 18.52405814075972 ], [ 73.225118572006849, 18.52405884852578 ], [ 73.224806780082332, 18.524078393800131 ], [ 73.224516223651776, 18.524249943880911 ], [ 73.224170212282132, 18.52448940179994 ], [ 73.223774765868484, 18.524881822069499 ], [ 73.223579398491822, 18.524925140013799 ], [ 73.223213762637059, 18.524891763920881 ], [ 73.223016972623384, 18.5249372246919 ], [ 73.22265186232643, 18.525047448124159 ], [ 73.222254955249454, 18.525124492740979 ], [ 73.221778063259308, 18.525303628223721 ], [ 73.221433032817515, 18.525659615970419 ], [ 73.221129381240914, 18.525806688652629 ], [ 73.220819563032109, 18.526071984180401 ], [ 73.220449923906628, 18.526271535054089 ], [ 73.220127272945788, 18.526470037444859 ], [ 73.219803083857514, 18.526573311005759 ], [ 73.219727691600312, 18.526947814189661 ], [ 73.219765683834211, 18.527358304817639 ], [ 73.220005694361063, 18.527643493906641 ], [ 73.220173524800416, 18.527774231072549 ], [ 73.220072405135156, 18.527938730480329 ], [ 73.219978024968924, 18.528158413951289 ], [ 73.220102782192725, 18.528155553866171 ], [ 73.220215907348319, 18.52831619758576 ], [ 73.220154282790148, 18.528562279082671 ], [ 73.219917024935498, 18.529072512831199 ], [ 73.219842448014703, 18.529478112059412 ], [ 73.219939198891197, 18.529654651359099 ] ] ] ] } },
{ "type": "Feature", "properties": { "name": "3", "visibility": null, "descriptio": null, "styleUrl": "#m_ylw-pushpin", "fill_opaci": 1, "fill": "#ff5500", "stroke_opa": null, "stroke": null, "stroke_wid": null, "icon_scale": 1.1, "icon_offse": null, "icon_off_1": null, "icon": "http://maps.google.com/mapfiles/kml/pushpin/ylw-pushpin.png" }, "geometry": { "type": "MultiPolygon", "coordinates": [ [ [ [ 73.220263373210443, 18.543727578974028 ], [ 73.220333912924929, 18.54380566794109 ], [ 73.220310259719213, 18.543518717526929 ], [ 73.220182311707177, 18.543236207715719 ], [ 73.220127021803037, 18.542968663309551 ], [ 73.220014736273967, 18.542932953942049 ], [ 73.219904843819251, 18.5428770579604 ], [ 73.219786293462633, 18.54287883841328 ], [ 73.219765358942382, 18.542779774260971 ], [ 73.219761911092334, 18.542535921917779 ], [ 73.219736415353978, 18.542319609181671 ], [ 73.219733893495714, 18.542218123973331 ], [ 73.219657685645416, 18.54213243402069 ], [ 73.219542789837774, 18.54214491008058 ], [ 73.219525401067315, 18.542155663125051 ], [ 73.219376581907611, 18.542169499533909 ], [ 73.219244931299016, 18.542167347631469 ], [ 73.219117239882664, 18.542180755228681 ], [ 73.219015100100961, 18.542197058337109 ], [ 73.21894002239803, 18.54222223992744 ], [ 73.218877106819022, 18.542244179874441 ], [ 73.218944828854887, 18.542351020147159 ], [ 73.21896810649865, 18.542568387167339 ], [ 73.218973347416352, 18.542604797771531 ], [ 73.218979301564829, 18.542794791508971 ], [ 73.218992035763861, 18.543044180728959 ], [ 73.21903277871472, 18.54328448250746 ], [ 73.219073889354931, 18.543465795862279 ], [ 73.218882763021895, 18.543527910723959 ], [ 73.218691392612129, 18.543536960128971 ], [ 73.218669240273968, 18.543537741759401 ], [ 73.218498660662306, 18.543539289287661 ], [ 73.218262815473167, 18.543564359728961 ], [ 73.218247964053162, 18.543564748941598 ], [ 73.217944097252897, 18.543591998290118 ], [ 73.217744311053252, 18.543652584353961 ], [ 73.217391603643861, 18.54377888453212 ], [ 73.217170362349691, 18.543854878349588 ], [ 73.21695968557664, 18.543979761432329 ], [ 73.216753672345604, 18.544084753081481 ], [ 73.216589202994925, 18.544216127079821 ], [ 73.216385075744682, 18.54431449009466 ], [ 73.21624046504455, 18.544423293603021 ], [ 73.216068763662761, 18.544536906756178 ], [ 73.215869629518011, 18.54471494517454 ], [ 73.21579921462407, 18.544753605527362 ], [ 73.215906032359982, 18.544891323118222 ], [ 73.216054065814475, 18.544984300027139 ], [ 73.216108543678587, 18.545107433185549 ], [ 73.216218460204558, 18.545107507842911 ], [ 73.216457974758498, 18.54493627906017 ], [ 73.216494621734881, 18.54500508268108 ], [ 73.216728443475475, 18.54500187109803 ], [ 73.216860627784556, 18.545032618608829 ], [ 73.216923571528525, 18.545136082826399 ], [ 73.217092452425916, 18.54511876892083 ], [ 73.217278989361034, 18.54498993145263 ], [ 73.217354087246406, 18.544973949896939 ], [ 73.21747869104604, 18.544907591033631 ], [ 73.217627367194282, 18.544874773601091 ], [ 73.217858864659021, 18.544851887819402 ], [ 73.218120382022917, 18.544669506726809 ], [ 73.218274483301599, 18.544665166641821 ], [ 73.218469329451096, 18.544562568608761 ], [ 73.218693597399124, 18.544551761780951 ], [ 73.218845228791309, 18.544538132139319 ], [ 73.21907589651795, 18.544518456885989 ], [ 73.219089798509444, 18.544502062679761 ], [ 73.219379299665718, 18.54430250324857 ], [ 73.219453487512141, 18.544325457576321 ], [ 73.219548330767793, 18.544189997535241 ], [ 73.219675569336914, 18.54407545505887 ], [ 73.219769388972807, 18.54400353628693 ], [ 73.21983190767132, 18.54397055071982 ], [ 73.219753972396688, 18.54387879335064 ], [ 73.219709123006751, 18.543799363203782 ], [ 73.219791568957731, 18.543760359832799 ], [ 73.219897783052801, 18.54373679546763 ], [ 73.219984756058594, 18.543725895705968 ], [ 73.220067646051206, 18.543726516590411 ], [ 73.22020247086769, 18.54372523437647 ], [ 73.220263373210443, 18.543727578974028 ] ] ] ] } },
{ "type": "Feature", "properties": { "name": "6", "visibility": null, "descriptio": null, "styleUrl": "#msn_ylw-pushpin1", "fill_opaci": 1, "fill": "#00aa7f", "stroke_opa": 1, "stroke": "#ffff00", "stroke_wid": null, "icon_scale": 1.1, "icon_offse": null, "icon_off_1": null, "icon": "http://maps.google.com/mapfiles/kml/pushpin/ylw-pushpin.png" }, "geometry": { "type": "MultiPolygon", "coordinates": [ [ [ [ 73.215815746699633, 18.5446706073371 ], [ 73.216018107922835, 18.544499252564279 ], [ 73.216324469674362, 18.544357976581448 ], [ 73.216630591995283, 18.544146433987109 ], [ 73.217051184538249, 18.54387014414025 ], [ 73.217331991848653, 18.543736111769459 ], [ 73.217588127113274, 18.543612150376891 ], [ 73.218031263292701, 18.543510003525132 ], [ 73.218168215249761, 18.5435088878695 ], [ 73.218357908564329, 18.54350785846124 ], [ 73.21838949545662, 18.543507468087419 ], [ 73.218641460557123, 18.543489836788581 ], [ 73.218694023917351, 18.54348936311791 ], [ 73.218955532294899, 18.54347479202459 ], [ 73.219058831559906, 18.543297866140598 ], [ 73.218995660320317, 18.54312107406173 ], [ 73.218939607375518, 18.542874307323569 ], [ 73.218926488506, 18.542650988446109 ], [ 73.218899700589901, 18.54236263804723 ], [ 73.218904048506232, 18.542264869116039 ], [ 73.218978001336666, 18.54217951762233 ], [ 73.219300476736947, 18.542158842110929 ], [ 73.219550099861479, 18.542184112035521 ], [ 73.219727374954246, 18.542188459908601 ], [ 73.219742322701052, 18.542334200142939 ], [ 73.219746634177383, 18.542595046969179 ], [ 73.219772103131731, 18.54284286033398 ], [ 73.219892652306569, 18.542929299146 ], [ 73.220130168135228, 18.542961915718369 ], [ 73.220155964545583, 18.54275611047516 ], [ 73.220190912029011, 18.542475135814311 ], [ 73.220218304893606, 18.542200103042319 ], [ 73.220135943111345, 18.542088509447009 ], [ 73.219732967085577, 18.541788368478709 ], [ 73.219409192149584, 18.541602383003479 ], [ 73.219074111317241, 18.541476236821449 ], [ 73.218657090819306, 18.541277603084669 ], [ 73.218284517388398, 18.541128629654441 ], [ 73.217945730532037, 18.54101057396997 ], [ 73.217703332392816, 18.540798249177779 ], [ 73.217427857418713, 18.540727234714812 ], [ 73.217227744388751, 18.540645500412239 ], [ 73.216756346935398, 18.54054837069539 ], [ 73.216539892369212, 18.540513532677359 ], [ 73.216513318473957, 18.54050202106114 ], [ 73.216239932692872, 18.540396197763862 ], [ 73.215869471850169, 18.540297215784911 ], [ 73.215805540848493, 18.54030812478744 ], [ 73.215544708344481, 18.540314861675451 ], [ 73.215526764994209, 18.54031470180426 ], [ 73.215376765757725, 18.540369125709638 ], [ 73.214902274750457, 18.54052514009803 ], [ 73.214618465082538, 18.540698621321191 ], [ 73.214405462480954, 18.540760786204501 ], [ 73.214252257818757, 18.540689289304819 ], [ 73.213995821900411, 18.540633479279879 ], [ 73.213773666872044, 18.5405595905053 ], [ 73.213497075204415, 18.540534280294679 ], [ 73.213174640172738, 18.540584716611281 ], [ 73.212971027512808, 18.54058949665864 ], [ 73.212747168414268, 18.540575192666111 ], [ 73.212599100079174, 18.540550233821719 ], [ 73.212354563800005, 18.540513655538071 ], [ 73.212136743324692, 18.5404794108814 ], [ 73.211953281448686, 18.54046855648096 ], [ 73.211989214391707, 18.540582110909789 ], [ 73.212145566332225, 18.54080002851801 ], [ 73.212414306060026, 18.541181620501941 ], [ 73.212578382258343, 18.54134866499388 ], [ 73.212711086021855, 18.54156762979574 ], [ 73.212949986291264, 18.541938214973449 ], [ 73.213255313067748, 18.542115610825171 ], [ 73.21354670070312, 18.542534937680859 ], [ 73.213871831655482, 18.54264310848535 ], [ 73.214154086983854, 18.54284321345455 ], [ 73.214407603098181, 18.543128819844949 ], [ 73.214658357684471, 18.543411078640599 ], [ 73.214902094836333, 18.543721244718249 ], [ 73.215140998951483, 18.543956765930719 ], [ 73.21536773769752, 18.54426317157905 ], [ 73.215594182414279, 18.544536108557139 ], [ 73.215815746699633, 18.5446706073371 ] ] ] ] } },
{ "type": "Feature", "properties": { "name": "14", "visibility": null, "descriptio": null, "styleUrl": "#msn_ylw-pushpin5", "fill_opaci": 1, "fill": "#ffff00", "stroke_opa": 1, "stroke": "#ffff00", "stroke_wid": null, "icon_scale": 1.1, "icon_offse": null, "icon_off_1": null, "icon": "http://maps.google.com/mapfiles/kml/pushpin/ylw-pushpin.png" }, "geometry": { "type": "MultiPolygon", "coordinates": [ [ [ [ 73.21850528034787, 18.53949692316559 ], [ 73.218544612448326, 18.539381538600072 ], [ 73.218578212945033, 18.53909802657688 ], [ 73.218634202072465, 18.53896828155473 ], [ 73.218784215907561, 18.538898018316019 ], [ 73.218897426250138, 18.538911772189881 ], [ 73.219106097438612, 18.53891963754014 ], [ 73.21919433600209, 18.538971845750471 ], [ 73.219272968747561, 18.539070009507771 ], [ 73.219284590284033, 18.539225762335111 ], [ 73.219375734088743, 18.539338446781549 ], [ 73.219454028470537, 18.539301669057618 ], [ 73.21949832687784, 18.53924273247646 ], [ 73.219444078722432, 18.539178520191442 ], [ 73.219392318463605, 18.539073201655519 ], [ 73.219480417501615, 18.539013946570339 ], [ 73.219480344923738, 18.538908948362259 ], [ 73.219448157424054, 18.538785719397669 ], [ 73.219392800852944, 18.53850084441121 ], [ 73.219394752327275, 18.538357787014089 ], [ 73.219454675211651, 18.53818398301161 ], [ 73.219580429299583, 18.538128115982641 ], [ 73.219805601845124, 18.53808310677978 ], [ 73.219969274045383, 18.537996322510988 ], [ 73.22018203613905, 18.537896820293749 ], [ 73.220228777081218, 18.537858044997218 ], [ 73.220327839386087, 18.537673033491391 ], [ 73.220197186856225, 18.537362583457782 ], [ 73.220157578260157, 18.537177024829901 ], [ 73.220151596145939, 18.537145914670461 ], [ 73.220099100599867, 18.537007895850319 ], [ 73.219827815606422, 18.536946313253338 ], [ 73.219589079392605, 18.536939010829279 ], [ 73.219437773334022, 18.536919198697291 ], [ 73.219366510438235, 18.536874008226619 ], [ 73.219224078184268, 18.53683180064489 ], [ 73.21912376960772, 18.536755592886291 ], [ 73.219008975307034, 18.536709496218979 ], [ 73.218773183942275, 18.536559324703269 ], [ 73.218469996636841, 18.536219511273899 ], [ 73.218444609420445, 18.536059209831151 ], [ 73.218496191045517, 18.53577372256564 ], [ 73.218589449637349, 18.53537241949374 ], [ 73.21866124620098, 18.535038934174249 ], [ 73.218735623760139, 18.534750318572751 ], [ 73.218789790351707, 18.53449980536962 ], [ 73.218849352193004, 18.534246777261099 ], [ 73.218934875695012, 18.533961156542802 ], [ 73.218988610830124, 18.53344433100655 ], [ 73.219161853996667, 18.53298446419906 ], [ 73.219231023566152, 18.532478875953991 ], [ 73.219339585071594, 18.532075002083239 ], [ 73.219375674784501, 18.53186188319247 ], [ 73.219450785842895, 18.531567782491379 ], [ 73.219504998012098, 18.531235990709391 ], [ 73.219596361654041, 18.530877829034331 ], [ 73.219614249572842, 18.530836621808959 ], [ 73.219681412936936, 18.530486407789201 ], [ 73.219750929845262, 18.530160586310949 ], [ 73.219821683777795, 18.529825234867449 ], [ 73.219847609242024, 18.529752571057529 ], [ 73.219765190644068, 18.529643887289161 ], [ 73.219714502980011, 18.529563470850238 ], [ 73.219792408167621, 18.52935964408573 ], [ 73.219848879749549, 18.529143248970271 ], [ 73.219947973431772, 18.528874893024991 ], [ 73.220029286246373, 18.52875072907776 ], [ 73.220044075883848, 18.528555346812151 ], [ 73.220120497840114, 18.52836375459524 ], [ 73.220114189058549, 18.528308701527632 ], [ 73.220019380125109, 18.528207716452059 ], [ 73.21988822357477, 18.528139455142089 ], [ 73.220031907795544, 18.52795536566698 ], [ 73.220075707889578, 18.527834708030099 ], [ 73.219800930167722, 18.527546303910441 ], [ 73.219676459613794, 18.52731828560972 ], [ 73.219696349821518, 18.526952066562469 ], [ 73.219668825318919, 18.526728050460839 ], [ 73.219465696403574, 18.52676331079304 ], [ 73.219041667696089, 18.526972863409728 ], [ 73.218836429242558, 18.527007487253151 ], [ 73.218555069918864, 18.527093474299281 ], [ 73.21828061037904, 18.527092036783429 ], [ 73.218047754810414, 18.527005385798169 ], [ 73.218031533486069, 18.526816026776221 ], [ 73.217878877523603, 18.526713122608811 ], [ 73.217721899335757, 18.526543809624449 ], [ 73.217554715439292, 18.526441507990342 ], [ 73.217450604353658, 18.526323398328518 ], [ 73.217217191989121, 18.52615584639473 ], [ 73.217054016716958, 18.526072939212629 ], [ 73.216824809064761, 18.52593851334392 ], [ 73.216567625496722, 18.525838026438649 ], [ 73.21629613701856, 18.525738445601981 ], [ 73.216102834567153, 18.525608694916532 ], [ 73.215832206876698, 18.525463211615602 ], [ 73.215504435521709, 18.52541487775407 ], [ 73.215206380605537, 18.525286962054139 ], [ 73.214925357125509, 18.525159361695099 ], [ 73.214770168386394, 18.525110289986511 ], [ 73.214614987260759, 18.52503021436608 ], [ 73.214353446292378, 18.52501589925286 ], [ 73.214215062953414, 18.525016720153189 ], [ 73.214122818974118, 18.52503270571076 ], [ 73.21387613705582, 18.525163921760591 ], [ 73.213642700223744, 18.525388193642581 ], [ 73.213359906578603, 18.525591113165358 ], [ 73.213217328485143, 18.52569364832533 ], [ 73.212996552334005, 18.525776011277369 ], [ 73.212744056182643, 18.52584202628487 ], [ 73.212411635974021, 18.525924940507171 ], [ 73.211946729069638, 18.52612477172541 ], [ 73.211608581946805, 18.526311091359151 ], [ 73.211367198173249, 18.526365204940699 ], [ 73.211113983740574, 18.526603869250671 ], [ 73.210902848917371, 18.52685521912797 ], [ 73.210721700999414, 18.527149684672761 ], [ 73.210468366391368, 18.527319023616052 ], [ 73.210238095419015, 18.527370111215269 ], [ 73.210011958370217, 18.527368327030921 ], [ 73.209843029015701, 18.527249613678912 ], [ 73.209659173828868, 18.527144092568921 ], [ 73.209432475167603, 18.527001921828369 ], [ 73.209253326542807, 18.526878373029898 ], [ 73.209139922673003, 18.526740389657341 ], [ 73.20902793845174, 18.52658831594702 ], [ 73.20878431649696, 18.526364711624581 ], [ 73.208680173385162, 18.526151636749461 ], [ 73.208513799395533, 18.525967459710959 ], [ 73.208324210127955, 18.52587825437433 ], [ 73.208183670739089, 18.52574794932216 ], [ 73.207972608347617, 18.525697216932709 ], [ 73.207791447028058, 18.52564909423381 ], [ 73.207612307628537, 18.52579967305806 ], [ 73.207421459021134, 18.52600534700273 ], [ 73.207261345568071, 18.526251964144759 ], [ 73.207067047294657, 18.52650213672722 ], [ 73.20681099801395, 18.526708670594129 ], [ 73.206534179531474, 18.526844866023239 ], [ 73.206369936654781, 18.52697957301703 ], [ 73.206244100170224, 18.526949048674911 ], [ 73.205860671417454, 18.526805368776291 ], [ 73.205704479006769, 18.526787219491489 ], [ 73.205479028186517, 18.526716471777561 ], [ 73.205263114206929, 18.526694442381501 ], [ 73.20496280933655, 18.526708194246851 ], [ 73.204746007945673, 18.52681575732732 ], [ 73.204693683895968, 18.52700391169007 ], [ 73.204631908957722, 18.52723069878126 ], [ 73.204599167703975, 18.527389944557331 ], [ 73.204660670551448, 18.527581531837459 ], [ 73.204754390934852, 18.527775702113349 ], [ 73.204850314789979, 18.528045009496999 ], [ 73.204914442687411, 18.528226736987811 ], [ 73.204962187360763, 18.52857875184522 ], [ 73.205034756851802, 18.52881940106024 ], [ 73.205134865094877, 18.529006227865381 ], [ 73.205204100515587, 18.529272047700431 ], [ 73.205279305111247, 18.529519033842931 ], [ 73.205374255620654, 18.529834011061951 ], [ 73.205495002693553, 18.530226722272719 ], [ 73.205685608197456, 18.530526518866051 ], [ 73.20588956984831, 18.53087032803008 ], [ 73.206150942826966, 18.53132154289586 ], [ 73.206323242297842, 18.53169669718249 ], [ 73.206605815996838, 18.531949573233831 ], [ 73.206848782746135, 18.532140814188988 ], [ 73.207094837750589, 18.53238488219667 ], [ 73.207372908267303, 18.53263076073257 ], [ 73.207615805393829, 18.53281747986755 ], [ 73.207902656670427, 18.533035278230791 ], [ 73.208107885676583, 18.533209503126169 ], [ 73.208362559640491, 18.53334468068153 ], [ 73.208587998971453, 18.53349898223621 ], [ 73.208660844719816, 18.533739574723619 ], [ 73.208689545585599, 18.53375509430321 ], [ 73.208947207679657, 18.533940518059769 ], [ 73.209153555241073, 18.534257111200699 ], [ 73.209321534570776, 18.534545485501919 ], [ 73.209460896383291, 18.534856911396162 ], [ 73.209632604114987, 18.535187074962469 ], [ 73.209777238006026, 18.5354863876919 ], [ 73.209864624346906, 18.535682512674988 ], [ 73.210043356358497, 18.535989732652379 ], [ 73.210069571065048, 18.536262941354209 ], [ 73.210063128292532, 18.536647549727959 ], [ 73.210055125837016, 18.537102220260529 ], [ 73.210207725368804, 18.537525281360821 ], [ 73.210478138490771, 18.53771913922537 ], [ 73.210653918383613, 18.537935697224668 ], [ 73.210831375235131, 18.5381554921908 ], [ 73.211026527811597, 18.538314017787791 ], [ 73.211142305061301, 18.538618133095191 ], [ 73.211359140328341, 18.538997963469331 ], [ 73.211445372355215, 18.539309297799651 ], [ 73.211528262002972, 18.539426171407509 ], [ 73.211688895869116, 18.539742511549679 ], [ 73.211710502907877, 18.539908313035191 ], [ 73.211886103329363, 18.540349450082541 ], [ 73.212139307770116, 18.540406536549192 ], [ 73.212549974911823, 18.54045891284256 ], [ 73.212985114568014, 18.540472727102991 ], [ 73.213600050272262, 18.540453713692351 ], [ 73.213966742047091, 18.540538994434769 ], [ 73.214313261340607, 18.540665802640032 ], [ 73.214684119007373, 18.540592489731772 ], [ 73.21512515234862, 18.540376010257511 ], [ 73.215310952863305, 18.54030441232031 ], [ 73.21552187688394, 18.54023861278462 ], [ 73.215753711679994, 18.540268970029981 ], [ 73.215990793519779, 18.540352021057039 ], [ 73.21626733774562, 18.540351206778229 ], [ 73.216762972829969, 18.540559382597149 ], [ 73.217185408747696, 18.540662760614211 ], [ 73.217407075554149, 18.540699731915129 ], [ 73.217528388693765, 18.540699586172149 ], [ 73.21754313347715, 18.540557595545511 ], [ 73.217570808208649, 18.540192691145919 ], [ 73.217583456447215, 18.540041652652089 ], [ 73.217619619795357, 18.539881606107901 ], [ 73.21769766838672, 18.53977390627038 ], [ 73.21780846998908, 18.539732032613781 ], [ 73.217990926279498, 18.53970202773495 ], [ 73.21826550148063, 18.53959264989993 ], [ 73.218425250864826, 18.539509776088671 ], [ 73.21850528034787, 18.53949692316559 ] ] ] ] } },
{ "type": "Feature", "properties": { "name": "7", "visibility": null, "descriptio": null, "styleUrl": "#msn_ylw-pushpin9", "fill_opaci": 1, "fill": "#ff55ff", "stroke_opa": 1, "stroke": "#ffff00", "stroke_wid": null, "icon_scale": 1.1, "icon_offse": null, "icon_off_1": null, "icon": "http://maps.google.com/mapfiles/kml/pushpin/ylw-pushpin.png" }, "geometry": { "type": "MultiPolygon", "coordinates": [ [ [ [ 73.217601523235302, 18.540735074465211 ], [ 73.217636435939966, 18.540768059218269 ], [ 73.217722840681176, 18.54079794765136 ], [ 73.217827173432354, 18.540851487235869 ], [ 73.217933461376461, 18.5409134642174 ], [ 73.218010211232027, 18.540951625987791 ], [ 73.218098618120976, 18.540973027401272 ], [ 73.218170721483943, 18.541041281458831 ], [ 73.218298399773218, 18.541103153016149 ], [ 73.218408621936476, 18.541158918281269 ], [ 73.218458175266633, 18.541216605624712 ], [ 73.218601665263847, 18.5412577753075 ], [ 73.218669435551419, 18.54121256814906 ], [ 73.218752266817333, 18.541134131246562 ], [ 73.218880058297046, 18.54099295661581 ], [ 73.218951026996663, 18.54090384597307 ], [ 73.219037596308965, 18.54084934641298 ], [ 73.219114569167289, 18.540812737467199 ], [ 73.219197599645526, 18.540718216645178 ], [ 73.219277921474315, 18.54064597981267 ], [ 73.219340360289607, 18.54061287485758 ], [ 73.219482806130969, 18.540504227280831 ], [ 73.219572868740357, 18.540435095852079 ], [ 73.219650155289699, 18.54037664592277 ], [ 73.2196895752394, 18.54030447885086 ], [ 73.219757779163061, 18.54012722391461 ], [ 73.219764422936123, 18.54011137179377 ], [ 73.219793740285681, 18.54003414967276 ], [ 73.21984475457964, 18.53999556521396 ], [ 73.219905060851559, 18.539947315432439 ], [ 73.219932070515341, 18.539934043174512 ], [ 73.219977999413672, 18.539893011464361 ], [ 73.219987451217406, 18.539879206984288 ], [ 73.220007703726822, 18.539823185174331 ], [ 73.220036407229856, 18.539706542788458 ], [ 73.220085814453185, 18.539487045289789 ], [ 73.220087311985282, 18.539466266868441 ], [ 73.220061939882513, 18.53938924200888 ], [ 73.220042907538286, 18.53934648950624 ], [ 73.219948791700716, 18.539349374151609 ], [ 73.219869079764095, 18.539323779696939 ], [ 73.219743345603774, 18.539315744919421 ], [ 73.219617567344756, 18.539321157317719 ], [ 73.219529381708384, 18.539320921108501 ], [ 73.219478666264422, 18.53934094274231 ], [ 73.219374296153092, 18.53934228850467 ], [ 73.219259836816022, 18.53934997009581 ], [ 73.219252467967223, 18.53931260182668 ], [ 73.219255812610214, 18.539197511661659 ], [ 73.219259978145843, 18.539115461776589 ], [ 73.219226711043774, 18.539054628271629 ], [ 73.219190093953614, 18.539011317319979 ], [ 73.219157237715308, 18.53896696881386 ], [ 73.219118519444748, 18.538929581277131 ], [ 73.219030566511876, 18.538922517697749 ], [ 73.219015452676501, 18.538926031432229 ], [ 73.218926466334054, 18.538927352903041 ], [ 73.218843907944915, 18.538926815427981 ], [ 73.21875483675133, 18.53893433928388 ], [ 73.218700415655647, 18.538943751234751 ], [ 73.218644131819431, 18.538981423041879 ], [ 73.218617311085595, 18.53903699020842 ], [ 73.218582885497824, 18.539167122340992 ], [ 73.218582620739681, 18.539298170547521 ], [ 73.218606496903163, 18.539385559631889 ], [ 73.218580504707433, 18.53942918625761 ], [ 73.218531001544889, 18.539459352516449 ], [ 73.218447423333856, 18.539517032788481 ], [ 73.218406358886654, 18.539528839872471 ], [ 73.218308743116097, 18.539557001221311 ], [ 73.218249846268861, 18.539585015507701 ], [ 73.218163210228909, 18.539617089744041 ], [ 73.218084813167422, 18.53964218836769 ], [ 73.21801288773932, 18.53966435926548 ], [ 73.217918669424975, 18.53970294301471 ], [ 73.217834712054426, 18.539742051887849 ], [ 73.21776264231066, 18.53974644851403 ], [ 73.217722047043992, 18.539769712057769 ], [ 73.217700711505927, 18.53981790373334 ], [ 73.217672931787135, 18.539915647453331 ], [ 73.21766550842645, 18.539942986900218 ], [ 73.217638739914818, 18.540106980720669 ], [ 73.217580150220613, 18.54031133179727 ], [ 73.217570567612924, 18.540454386674622 ], [ 73.217587188208043, 18.540629372910981 ], [ 73.217601523235302, 18.540735074465211 ] ] ] ] } },
{ "type": "Feature", "properties": { "name": "5", "visibility": null, "descriptio": null, "styleUrl": "#msn_ylw-pushpin8", "fill_opaci": 1, "fill": "#ff0000", "stroke_opa": 1, "stroke": "#ffff00", "stroke_wid": null, "icon_scale": 1.1, "icon_offse": null, "icon_off_1": null, "icon": "http://maps.google.com/mapfiles/kml/pushpin/ylw-pushpin.png" }, "geometry": { "type": "MultiPolygon", "coordinates": [ [ [ [ 73.218682653068086, 18.541269044054239 ], [ 73.218755582338133, 18.541315917498089 ], [ 73.218822127325083, 18.541349946253071 ], [ 73.218935835510877, 18.54139929735431 ], [ 73.219014787903077, 18.54145094176133 ], [ 73.219107946292922, 18.541463188910281 ], [ 73.219161641252882, 18.541491933519261 ], [ 73.219226139842291, 18.541523459067371 ], [ 73.219304596960669, 18.541542847744989 ], [ 73.21939454473538, 18.541571183590111 ], [ 73.219476975706101, 18.541604831981189 ], [ 73.219546959569826, 18.541652036297421 ], [ 73.21962369684077, 18.541681366526401 ], [ 73.219673110775034, 18.54168358886179 ], [ 73.219733797292946, 18.541730007577289 ], [ 73.219840790879815, 18.541779877201499 ], [ 73.219905973527332, 18.541833059684581 ], [ 73.219975985920101, 18.541893592579481 ], [ 73.220031886086531, 18.541949808318812 ], [ 73.22018684420911, 18.542026777166079 ], [ 73.220262726081728, 18.54200647818093 ], [ 73.220314781294832, 18.54196432047058 ], [ 73.220362443069604, 18.541891580869091 ], [ 73.220386262696948, 18.54176503086315 ], [ 73.220416687185732, 18.541614040132949 ], [ 73.220424122014933, 18.54159583617151 ], [ 73.220427632472479, 18.54148641884208 ], [ 73.220448936762594, 18.541360166291589 ], [ 73.220487627052364, 18.541275613462979 ], [ 73.220495326314989, 18.541029347509859 ], [ 73.220486905736777, 18.540873946582071 ], [ 73.220472798960728, 18.540806310177061 ], [ 73.220373144386215, 18.540802074599601 ], [ 73.220277039158759, 18.540788762358108 ], [ 73.220197153748956, 18.540793012601579 ], [ 73.220107045524983, 18.540792763246301 ], [ 73.220029710839896, 18.54079942657334 ], [ 73.219979158135672, 18.54080333579703 ], [ 73.21994120787663, 18.540771102509339 ], [ 73.21994054205588, 18.540687110501299 ], [ 73.219941314375859, 18.54058755135889 ], [ 73.219938662504774, 18.54053788091052 ], [ 73.219891344658492, 18.5405293749027 ], [ 73.219841654434902, 18.54051307141312 ], [ 73.219793322514079, 18.540485260631218 ], [ 73.219784299275204, 18.540447055713159 ], [ 73.219762500013132, 18.54041057119985 ], [ 73.219747989007175, 18.540364653970109 ], [ 73.219710114256131, 18.540334833796908 ], [ 73.219675585552139, 18.54036676767468 ], [ 73.21960928363896, 18.540446781993921 ], [ 73.219506862885339, 18.540508084746481 ], [ 73.219390474908025, 18.540607787230751 ], [ 73.219325333677432, 18.540643488727731 ], [ 73.219239755910223, 18.540734636437879 ], [ 73.2191677847199, 18.540777135583411 ], [ 73.219119683675402, 18.54081718124327 ], [ 73.219049260701809, 18.540865697923191 ], [ 73.219005338524596, 18.54089963856628 ], [ 73.218948259548029, 18.540946541375721 ], [ 73.218848244935486, 18.541066236218882 ], [ 73.21878760091667, 18.541124887361651 ], [ 73.218682653068086, 18.541269044054239 ] ] ] ] } },
{ "type": "Feature", "properties": { "name": "8", "visibility": null, "descriptio": null, "styleUrl": "#msn_ylw-pushpin4", "fill_opaci": 1, "fill": "#55557f", "stroke_opa": 1, "stroke": "#ffff00", "stroke_wid": null, "icon_scale": 1.1, "icon_offse": null, "icon_off_1": null, "icon": "http://maps.google.com/mapfiles/kml/pushpin/ylw-pushpin.png" }, "geometry": { "type": "MultiPolygon", "coordinates": [ [ [ [ 73.219948595834538, 18.540698606294551 ], [ 73.219958422088268, 18.540788470188179 ], [ 73.21999776441443, 18.540827504845922 ], [ 73.220072053897354, 18.540823643353129 ], [ 73.220109247041663, 18.540817698018198 ], [ 73.220158702902623, 18.54080930658349 ], [ 73.220228351912723, 18.540807022669888 ], [ 73.220338856857111, 18.540835246221331 ], [ 73.220429154480897, 18.540837027720141 ], [ 73.220474419120308, 18.540840705236999 ], [ 73.220484255092444, 18.540749273086679 ], [ 73.220487961988113, 18.540585702344739 ], [ 73.220527092641717, 18.540447167292921 ], [ 73.220577013622744, 18.540250231758691 ], [ 73.220626063061715, 18.540178012616199 ], [ 73.22065952413395, 18.540108122050039 ], [ 73.220684139778911, 18.540086729884411 ], [ 73.220710843910254, 18.539994388837769 ], [ 73.22074123084181, 18.539919542020861 ], [ 73.220748219240065, 18.539872667092979 ], [ 73.220767520351842, 18.53976232696516 ], [ 73.220773484897748, 18.539665950690239 ], [ 73.220790587024965, 18.539585900289829 ], [ 73.220822771814838, 18.5394908737848 ], [ 73.220849366541998, 18.539322308758599 ], [ 73.220867255685235, 18.53924883750576 ], [ 73.220871140706009, 18.53919665655631 ], [ 73.220883420501039, 18.539113358193969 ], [ 73.220895948979035, 18.539064274345218 ], [ 73.220898440048217, 18.53905956253141 ], [ 73.220914369968582, 18.538991072746331 ], [ 73.220921911781943, 18.538930703479309 ], [ 73.220937813168646, 18.538868682192369 ], [ 73.220951807869625, 18.538815783932488 ], [ 73.220967399936825, 18.538756367573651 ], [ 73.220979543883587, 18.538677787236619 ], [ 73.220991465974066, 18.538622712529339 ], [ 73.221010132282657, 18.53856095409936 ], [ 73.221028194557391, 18.538503694698889 ], [ 73.221032586939458, 18.538481257436711 ], [ 73.221060253426742, 18.538419562084862 ], [ 73.22107649304516, 18.53837345068094 ], [ 73.221089188442406, 18.538323348975371 ], [ 73.221084794071572, 18.538281256439269 ], [ 73.221067618121651, 18.538271998925001 ], [ 73.221043112358572, 18.538265445592419 ], [ 73.221009892088404, 18.538252602244619 ], [ 73.220985107692698, 18.538243020424471 ], [ 73.220941075078173, 18.538224202568639 ], [ 73.220889739341771, 18.538205503293671 ], [ 73.220829809581488, 18.538196120272051 ], [ 73.220806131969354, 18.538189929934909 ], [ 73.220774206285171, 18.53817758307693 ], [ 73.220714629732399, 18.53816527377532 ], [ 73.220659673663278, 18.53817092896692 ], [ 73.220647377314592, 18.538174768950459 ], [ 73.220637569649398, 18.538178456104891 ], [ 73.220563900079711, 18.538214650655171 ], [ 73.220554227818269, 18.538224349056961 ], [ 73.220508660669466, 18.5382380927282 ], [ 73.22044890726724, 18.5383056622785 ], [ 73.220410501238263, 18.538347131880151 ], [ 73.22038932914954, 18.53839014386563 ], [ 73.220355733253356, 18.538447244453721 ], [ 73.220322397275538, 18.538539607406779 ], [ 73.220273468032403, 18.53867951368025 ], [ 73.220259179739855, 18.538771882317459 ], [ 73.22023181753319, 18.538857739392409 ], [ 73.220189820589894, 18.538948313301781 ], [ 73.220172893731274, 18.539043842923789 ], [ 73.220110767055772, 18.539226478959119 ], [ 73.2201091940331, 18.539248135593681 ], [ 73.220107658500794, 18.539269629261849 ], [ 73.220085436856095, 18.539375589605449 ], [ 73.220081430642026, 18.539427369634922 ], [ 73.220066326461961, 18.539585954306212 ], [ 73.220056444456432, 18.539634788511851 ], [ 73.22005231914747, 18.539660596877489 ], [ 73.220046971641864, 18.539701490904331 ], [ 73.220036770395254, 18.539744845648251 ], [ 73.220027687056728, 18.539799771165629 ], [ 73.22001103169012, 18.539836425747978 ], [ 73.219999131047047, 18.53986837168372 ], [ 73.219977737803163, 18.53990260707786 ], [ 73.219943030358181, 18.539926711513061 ], [ 73.219895742734508, 18.53997649681293 ], [ 73.219856808624982, 18.54000746424725 ], [ 73.219833760495447, 18.540021580317411 ], [ 73.219793185112053, 18.540059008213539 ], [ 73.219778407063828, 18.540095903952992 ], [ 73.219760671376861, 18.540152402457419 ], [ 73.219734637536533, 18.540213261654991 ], [ 73.2197022321254, 18.540281053926481 ], [ 73.219680500997569, 18.540330971365801 ], [ 73.219709565072478, 18.540343222747541 ], [ 73.219740382570563, 18.540365804934169 ], [ 73.219755644561019, 18.54036811982991 ], [ 73.219753869306629, 18.540405087210029 ], [ 73.219769842696948, 18.540468919027099 ], [ 73.219789946381269, 18.54049940748185 ], [ 73.219820454570737, 18.540509979378459 ], [ 73.219838597921878, 18.54051352701789 ], [ 73.219880264737284, 18.540520687229488 ], [ 73.219908421862044, 18.540531540776691 ], [ 73.219941345178299, 18.540550101768719 ], [ 73.219946950910398, 18.540576556240179 ], [ 73.219948595834538, 18.540698606294551 ] ] ] ] } },
{ "type": "Feature", "properties": { "name": "15", "visibility": null, "descriptio": null, "styleUrl": "#msn_ylw-pushpin", "fill_opaci": 1, "fill": "#005500", "stroke_opa": 1, "stroke": "#ffff00", "stroke_wid": null, "icon_scale": 1.1, "icon_offse": null, "icon_off_1": null, "icon": "http://maps.google.com/mapfiles/kml/pushpin/ylw-pushpin.png" }, "geometry": { "type": "MultiPolygon", "coordinates": [ [ [ [ 73.221347659501191, 18.53602320814456 ], [ 73.221370330491837, 18.536005490083671 ], [ 73.221383237191304, 18.535970258104289 ], [ 73.221402471037422, 18.535914651662111 ], [ 73.221431773762248, 18.535870317349861 ], [ 73.221462497239372, 18.535778663650419 ], [ 73.221512603464618, 18.535704782859391 ], [ 73.22151727610003, 18.535645127658022 ], [ 73.221518795077444, 18.535578207583349 ], [ 73.221533226375485, 18.535512152251091 ], [ 73.221529997319948, 18.535512119964011 ], [ 73.221527565986847, 18.535423465468611 ], [ 73.221500574369799, 18.535357070662862 ], [ 73.221497251092956, 18.53535074709313 ], [ 73.221467546048729, 18.535300115671301 ], [ 73.221440771158385, 18.53524175435296 ], [ 73.221417202356037, 18.535177179966201 ], [ 73.221406981185368, 18.53513899337414 ], [ 73.221390899816143, 18.535114063476499 ], [ 73.221356987444153, 18.535139551596661 ], [ 73.221325952964591, 18.535155919005479 ], [ 73.221285342051416, 18.535169001907231 ], [ 73.221244541852712, 18.535172174606981 ], [ 73.221244386306182, 18.53514685412679 ], [ 73.221247113232167, 18.53508668325567 ], [ 73.221232382202317, 18.535021180176411 ], [ 73.22117434630033, 18.534989128649531 ], [ 73.221112164390888, 18.534959091215931 ], [ 73.221057550697239, 18.534910169101039 ], [ 73.221060200196661, 18.53486878304539 ], [ 73.221089918294695, 18.534819996750301 ], [ 73.221072187980042, 18.534772460035189 ], [ 73.221045868786945, 18.534716710082481 ], [ 73.221057531265259, 18.534654546203718 ], [ 73.221057587982131, 18.534649452751381 ], [ 73.221077717189829, 18.534620137119131 ], [ 73.221082168668417, 18.534613074942509 ], [ 73.221135041172687, 18.53457616823259 ], [ 73.221167945302852, 18.534565457639001 ], [ 73.221200870727785, 18.534563917137731 ], [ 73.221247038326524, 18.534570823537418 ], [ 73.22127565594468, 18.53457541507899 ], [ 73.221337108990866, 18.534576849578201 ], [ 73.22138315082266, 18.534545067425391 ], [ 73.221534407056254, 18.53454161631084 ], [ 73.22161207015823, 18.534415380290959 ], [ 73.221607342402535, 18.534253139022351 ], [ 73.221503021211149, 18.534229835399891 ], [ 73.221318699590228, 18.534235481796461 ], [ 73.221268393290345, 18.534020932320271 ], [ 73.221265890196136, 18.533888610706821 ], [ 73.221115793197214, 18.53376400291118 ], [ 73.220946016958294, 18.53389314820441 ], [ 73.220820210952965, 18.533892183036631 ], [ 73.22059164708628, 18.53385332361373 ], [ 73.220488960577754, 18.533829305080801 ], [ 73.220478058086755, 18.533737538207809 ], [ 73.220457160192879, 18.53343923272309 ], [ 73.220458141588395, 18.533276132899012 ], [ 73.220536677272065, 18.533276132238001 ], [ 73.22076099877134, 18.53326328260076 ], [ 73.220828154083591, 18.533238417173219 ], [ 73.221185874347526, 18.533187966277161 ], [ 73.221474122015564, 18.53309582533636 ], [ 73.221539173953857, 18.533032326693672 ], [ 73.221621701443297, 18.532821760412471 ], [ 73.221615402892212, 18.53260563611029 ], [ 73.221523482107457, 18.532451617825 ], [ 73.221512268930837, 18.53244004344069 ], [ 73.221561656808888, 18.532261115844751 ], [ 73.221490845607605, 18.53205033563448 ], [ 73.221399385143144, 18.53183196851359 ], [ 73.221417770527424, 18.531706782440729 ], [ 73.221337748805553, 18.531487340102149 ], [ 73.221250479829493, 18.531362969348251 ], [ 73.221130834884377, 18.53113156621243 ], [ 73.221045495723743, 18.5310109288341 ], [ 73.220990882104289, 18.530794001653909 ], [ 73.220946320596525, 18.530475164435369 ], [ 73.220922708540201, 18.53013303567047 ], [ 73.220920425985369, 18.529888205547099 ], [ 73.220759639578361, 18.529827082671801 ], [ 73.220549588122282, 18.529776671642189 ], [ 73.220399935519765, 18.529747025817851 ], [ 73.220220686805845, 18.5297171208185 ], [ 73.220020738619525, 18.529737496840799 ], [ 73.219830071588063, 18.529776935387741 ], [ 73.219826874378626, 18.52988760652849 ], [ 73.219801679153278, 18.530060440187839 ], [ 73.219725424746727, 18.530558960276348 ], [ 73.219703511655354, 18.530601444762929 ], [ 73.219558732082831, 18.530884219543729 ], [ 73.219488854502956, 18.531079802235851 ], [ 73.219427072439615, 18.53157076421429 ], [ 73.2193776606169, 18.531995179178729 ], [ 73.219268470409006, 18.532266121578559 ], [ 73.21921318693235, 18.532518243066509 ], [ 73.219175545409584, 18.532848769215601 ], [ 73.219162657122169, 18.532886082258329 ], [ 73.219126225504212, 18.53319410596551 ], [ 73.21901871705532, 18.533540139518081 ], [ 73.218958576506722, 18.53381568468582 ], [ 73.218916113537063, 18.534196227110112 ], [ 73.218808373918847, 18.53447400578894 ], [ 73.218762965100609, 18.53468172579894 ], [ 73.218722407329068, 18.534884546425371 ], [ 73.218650329809236, 18.535098452662272 ], [ 73.218645905531844, 18.535254315785888 ], [ 73.218608018574599, 18.535506836212608 ], [ 73.218500422059265, 18.535751898956509 ], [ 73.21845514631103, 18.53594738240567 ], [ 73.218543401197707, 18.536168280999188 ], [ 73.218596920991871, 18.53632828537755 ], [ 73.218737284267206, 18.53645650710309 ], [ 73.218978596465533, 18.536591725356711 ], [ 73.219130314526652, 18.536710123673249 ], [ 73.219350809347389, 18.536828325783059 ], [ 73.21953872528789, 18.53687726001241 ], [ 73.219754857195113, 18.53695353859386 ], [ 73.219955392814711, 18.53694240197645 ], [ 73.22008158041443, 18.536919200062691 ], [ 73.220075084850421, 18.536791867847541 ], [ 73.220066313616826, 18.536632790390911 ], [ 73.220054879159065, 18.53641979809619 ], [ 73.220046766294743, 18.536252483001501 ], [ 73.220126334040373, 18.536069346341669 ], [ 73.220208341213777, 18.536055020482319 ], [ 73.220310230877857, 18.536054358434381 ], [ 73.220361386882786, 18.536054747015029 ], [ 73.220413868196275, 18.53605912034007 ], [ 73.220463817335656, 18.536034273208529 ], [ 73.220497062346411, 18.535911971344071 ], [ 73.220495234431567, 18.53580523988548 ], [ 73.220495422615201, 18.535699634097199 ], [ 73.220497032538233, 18.535630011072051 ], [ 73.220541674231555, 18.535559630373179 ], [ 73.220608402309182, 18.535545348284518 ], [ 73.220662277869749, 18.535530460361141 ], [ 73.220703382187011, 18.535656998565528 ], [ 73.220742729051679, 18.535769525910752 ], [ 73.220751928644958, 18.535885455952581 ], [ 73.220769883849954, 18.536008087502481 ], [ 73.22082717460485, 18.536076266516449 ], [ 73.220934118281264, 18.536062253104159 ], [ 73.221187415437257, 18.536026855248188 ], [ 73.221347659501191, 18.53602320814456 ] ] ] ] } },
{ "type": "Feature", "properties": { "name": "13", "visibility": null, "descriptio": null, "styleUrl": "#msn_ylw-pushpin2", "fill_opaci": 1, "fill": "#ffaa00", "stroke_opa": 1, "stroke": "#ffff00", "stroke_wid": null, "icon_scale": 1.1, "icon_offse": null, "icon_off_1": null, "icon": "http://maps.google.com/mapfiles/kml/pushpin/ylw-pushpin.png" }, "geometry": { "type": "MultiPolygon", "coordinates": [ [ [ [ 73.220054929376943, 18.53930566486957 ], [ 73.220084679838379, 18.5392779427706 ], [ 73.220134606535225, 18.53919791699828 ], [ 73.220155093713359, 18.539020336819409 ], [ 73.22023050673053, 18.538838030117521 ], [ 73.220250511277499, 18.5387250396452 ], [ 73.220285853247162, 18.538600391446181 ], [ 73.220282786510211, 18.538643456519921 ], [ 73.220329052570278, 18.538494057901389 ], [ 73.220334961991753, 18.538482358424929 ], [ 73.220336876436903, 18.53845721033947 ], [ 73.220346031817328, 18.53840202227023 ], [ 73.220354009679014, 18.53836030072377 ], [ 73.220360960476071, 18.538331329611371 ], [ 73.220361695838662, 18.538319728492009 ], [ 73.220450456616476, 18.538195759473201 ], [ 73.220498206539489, 18.53817015689123 ], [ 73.220580273457031, 18.538162088806391 ], [ 73.220631421208736, 18.53816011924409 ], [ 73.220702875220752, 18.538162083517889 ], [ 73.220793864224518, 18.538168038806781 ], [ 73.220829073694503, 18.538174273347479 ], [ 73.220910235205011, 18.538174448656719 ], [ 73.220955410780732, 18.538191665071199 ], [ 73.221015624128583, 18.538216307425412 ], [ 73.221086798625876, 18.538217208344442 ], [ 73.221118819868678, 18.538145813663778 ], [ 73.221130812886116, 18.538047715684719 ], [ 73.221187013753635, 18.537986757472609 ], [ 73.2212675620396, 18.53795775348123 ], [ 73.221307620256937, 18.537957135571169 ], [ 73.221367713825543, 18.537949768576532 ], [ 73.221452683000194, 18.53794641960576 ], [ 73.22149759559764, 18.53793986357427 ], [ 73.221572229143717, 18.537920798259979 ], [ 73.221621529151548, 18.537889738276981 ], [ 73.221660709233035, 18.537859723416481 ], [ 73.221679457915855, 18.537798316642501 ], [ 73.221755973704731, 18.53768436071849 ], [ 73.221774401291682, 18.537627102381769 ], [ 73.221848596497097, 18.537500900645469 ], [ 73.22193745595402, 18.537419761225841 ], [ 73.221960714493505, 18.537398666130979 ], [ 73.222039106099032, 18.537316666139031 ], [ 73.222053007321406, 18.537306388737608 ], [ 73.222095206186495, 18.537192372167219 ], [ 73.222095691135152, 18.537101589758311 ], [ 73.22209305494674, 18.537042408415122 ], [ 73.222057130948983, 18.536965166215399 ], [ 73.221990158728673, 18.536913743651471 ], [ 73.221941213510846, 18.536850082049231 ], [ 73.221926069007367, 18.536816072088101 ], [ 73.221882582287137, 18.536758460558929 ], [ 73.22188878427427, 18.53665662127219 ], [ 73.221874433234404, 18.536498097022371 ], [ 73.221865967441587, 18.536375059223609 ], [ 73.221845576382975, 18.536298145661078 ], [ 73.221812744320133, 18.536244168652338 ], [ 73.221758654339283, 18.536205277448079 ], [ 73.221665655911082, 18.536186233719441 ], [ 73.221603673384948, 18.536178624141961 ], [ 73.221506277763638, 18.53617454446951 ], [ 73.221453135280171, 18.536161168783991 ], [ 73.221444292802076, 18.536161096629861 ], [ 73.221413361946844, 18.536130130764629 ], [ 73.221404589040816, 18.53608627513373 ], [ 73.221378396033458, 18.536029614045681 ], [ 73.221330285059736, 18.536029209659699 ], [ 73.221295225164624, 18.536037617108271 ], [ 73.22123388931638, 18.536045721027609 ], [ 73.221189944968344, 18.536062019929691 ], [ 73.22109389274911, 18.536063959489091 ], [ 73.220997748900942, 18.536063369388941 ], [ 73.220966962871842, 18.536067758115991 ], [ 73.220878843852532, 18.53608098611863 ], [ 73.220809979806148, 18.536054869452379 ], [ 73.220775811205883, 18.53603767645496 ], [ 73.22075629398708, 18.535994263036159 ], [ 73.220750391843666, 18.53594254489083 ], [ 73.220728637648875, 18.53585857294755 ], [ 73.220731535726912, 18.535800491906059 ], [ 73.220728791550627, 18.535764102304618 ], [ 73.220731966809083, 18.535695229833991 ], [ 73.220704270456295, 18.535643759708439 ], [ 73.220685601209865, 18.53558825603119 ], [ 73.220658450913092, 18.53554065732968 ], [ 73.220610110651748, 18.535561837640991 ], [ 73.220558453730547, 18.535570489447601 ], [ 73.220523950472568, 18.535643209966931 ], [ 73.220515727376622, 18.535711485249891 ], [ 73.220509979533929, 18.535827460035009 ], [ 73.220497857952822, 18.53587780477617 ], [ 73.220482683405393, 18.53595614330813 ], [ 73.220472279312943, 18.536023220397212 ], [ 73.220418872817248, 18.53603979224598 ], [ 73.220375147768436, 18.536054664233198 ], [ 73.220309668700125, 18.53605807150182 ], [ 73.220252664154586, 18.536058203246121 ], [ 73.22018677243824, 18.536058515166509 ], [ 73.220133468472298, 18.536063320082381 ], [ 73.22009751049292, 18.536111971104059 ], [ 73.220068332952181, 18.536174852308349 ], [ 73.220055449130314, 18.536255353975669 ], [ 73.220050780271393, 18.53630039768785 ], [ 73.220053930894395, 18.536412083503802 ], [ 73.220048930470853, 18.536589845297168 ], [ 73.220071202651937, 18.536673480420362 ], [ 73.22007372058556, 18.536736862130009 ], [ 73.220083924105012, 18.536819869148761 ], [ 73.220088091982092, 18.536824765600791 ], [ 73.220086115404897, 18.536844506333061 ], [ 73.220091291566632, 18.536888530123271 ], [ 73.220096444974374, 18.53693294476988 ], [ 73.220119017901311, 18.536992667717531 ], [ 73.220146898395797, 18.537052050985441 ], [ 73.220168853455164, 18.53713543886844 ], [ 73.22019567613944, 18.537272590146419 ], [ 73.220224560749983, 18.537383376563231 ], [ 73.220242854639821, 18.537465450360081 ], [ 73.220297682838037, 18.537585507178392 ], [ 73.220331452845812, 18.53766081874226 ], [ 73.220316195011961, 18.537803371514439 ], [ 73.220302254608143, 18.537858767166782 ], [ 73.220233154802585, 18.537919134507799 ], [ 73.220163643205126, 18.537966759760401 ], [ 73.220131997240216, 18.537979828979712 ], [ 73.220052048184186, 18.538018323655852 ], [ 73.219978758827637, 18.538029829901919 ], [ 73.219941131057027, 18.538044333998329 ], [ 73.219874721107317, 18.53809318897429 ], [ 73.219821195893005, 18.53811291735763 ], [ 73.219763649202548, 18.538125427006829 ], [ 73.219709936903257, 18.538153649469368 ], [ 73.219672526424702, 18.53817062105152 ], [ 73.219631632081501, 18.538170796908371 ], [ 73.219590457954183, 18.538175942844038 ], [ 73.219537385461408, 18.53819331722995 ], [ 73.219493098448794, 18.538217830798171 ], [ 73.219452294361005, 18.538254221516791 ], [ 73.219417856247134, 18.538320332655179 ], [ 73.21940502851578, 18.538380120658029 ], [ 73.21941448985369, 18.538474540495582 ], [ 73.219413461606834, 18.538561363171031 ], [ 73.219420013988511, 18.53863508543424 ], [ 73.219427912770655, 18.538736531853619 ], [ 73.219459951284236, 18.538819312591929 ], [ 73.219484600953706, 18.5388821689839 ], [ 73.219495511731779, 18.538971697824859 ], [ 73.21947544203374, 18.53904519336275 ], [ 73.219441103920246, 18.53910014072834 ], [ 73.219463745648056, 18.539138981706198 ], [ 73.219506223973099, 18.539239292035191 ], [ 73.219576503981955, 18.53924585468787 ], [ 73.219627601961676, 18.53927440276215 ], [ 73.219844911053102, 18.53930299678456 ], [ 73.219932499382523, 18.53931732092617 ], [ 73.220054929376943, 18.53930566486957 ] ] ] ] } },
{ "type": "Feature", "properties": { "name": "9", "visibility": null, "descriptio": null, "styleUrl": "#msn_ylw-pushpin6", "fill_opaci": 1, "fill": "#aaaaff", "stroke_opa": 1, "stroke": "#ffff00", "stroke_wid": null, "icon_scale": 1.1, "icon_offse": null, "icon_off_1": null, "icon": "http://maps.google.com/mapfiles/kml/pushpin/ylw-pushpin.png" }, "geometry": { "type": "MultiPolygon", "coordinates": [ [ [ [ 73.220500785687364, 18.54081800663268 ], [ 73.22055243037984, 18.54089159968386 ], [ 73.220674370094514, 18.540889999823111 ], [ 73.220780945158708, 18.54089526453415 ], [ 73.221071031189737, 18.540851316621751 ], [ 73.221185166873227, 18.540866308547429 ], [ 73.221226142641669, 18.540993497997832 ], [ 73.221237806377161, 18.541150949176679 ], [ 73.22124410333501, 18.54124272996874 ], [ 73.221256749841515, 18.54131840869055 ], [ 73.221396224084998, 18.541310356861519 ], [ 73.22151747718469, 18.541283241395728 ], [ 73.221612586800035, 18.541252692754199 ], [ 73.221681571141573, 18.541198610964098 ], [ 73.221789579415045, 18.54112554156783 ], [ 73.221867736661139, 18.541105451544279 ], [ 73.221998291830928, 18.541064236835759 ], [ 73.222187618017117, 18.540955424070049 ], [ 73.222235600797887, 18.540953466949759 ], [ 73.222330814353924, 18.540934594615091 ], [ 73.222451138405731, 18.540931503730139 ], [ 73.222560955110254, 18.54092258984171 ], [ 73.222491362957101, 18.54081118768709 ], [ 73.22244318053842, 18.540738841952479 ], [ 73.222400708258533, 18.540706787284101 ], [ 73.222364359901263, 18.540663226317101 ], [ 73.222309555261106, 18.540666469715578 ], [ 73.222174136102851, 18.540620261970631 ], [ 73.22198890942046, 18.540608971063961 ], [ 73.221776361685784, 18.540592449845111 ], [ 73.221624850544572, 18.540560997240899 ], [ 73.221515954043781, 18.540572293915719 ], [ 73.221450636602924, 18.54054121737985 ], [ 73.221307588675245, 18.540538593027868 ], [ 73.221220219202678, 18.540541562350441 ], [ 73.221162866280196, 18.540522271943871 ], [ 73.221246257308849, 18.540456445036291 ], [ 73.221329872796332, 18.54040710720945 ], [ 73.221437259312282, 18.540271542482081 ], [ 73.221489533490271, 18.54013616407001 ], [ 73.221495454409634, 18.540110166948551 ], [ 73.221519092398452, 18.539948625632722 ], [ 73.221588274262075, 18.53980189609873 ], [ 73.221629380117506, 18.539627037265632 ], [ 73.221675130802694, 18.539383332948749 ], [ 73.221654779511695, 18.53912028956664 ], [ 73.221642115199785, 18.538922307593829 ], [ 73.221622723985021, 18.538723398296689 ], [ 73.221669554550914, 18.538548648234219 ], [ 73.221645111196452, 18.538379602118201 ], [ 73.221636578578298, 18.53828464587664 ], [ 73.221647723788308, 18.538097010659051 ], [ 73.221613529416516, 18.537971659346859 ], [ 73.221513159394789, 18.537948773987289 ], [ 73.221369714957575, 18.53796758571962 ], [ 73.221261974903356, 18.538012605437711 ], [ 73.221183459606053, 18.538085707230429 ], [ 73.221174351996083, 18.53815196003174 ], [ 73.221149391148245, 18.538299227260111 ], [ 73.221085860862715, 18.538411803592631 ], [ 73.221061149262624, 18.538567839971321 ], [ 73.221004453905735, 18.53869383853424 ], [ 73.220964103625235, 18.538873604435409 ], [ 73.220937493418006, 18.539037300972922 ], [ 73.22089615772127, 18.539201252100838 ], [ 73.220875919182163, 18.539377053971101 ], [ 73.220846234200991, 18.539536030257899 ], [ 73.220816388148847, 18.539699274457551 ], [ 73.220778543600716, 18.539854119183332 ], [ 73.220732616183454, 18.540014014072799 ], [ 73.2206770071259, 18.5401700411843 ], [ 73.220634365647129, 18.540281280023081 ], [ 73.220576224050092, 18.540433208237591 ], [ 73.220555997394229, 18.540549260483701 ], [ 73.220500785687364, 18.54081800663268 ] ] ] ] } },
{ "type": "Feature", "properties": { "name": "4", "visibility": null, "descriptio": null, "styleUrl": "#msn_ylw-pushpin15", "fill_opaci": 1, "fill": "#ffff7f", "stroke_opa": 1, "stroke": "#ffff00", "stroke_wid": null, "icon_scale": 1.1, "icon_offse": null, "icon_off_1": null, "icon": "http://maps.google.com/mapfiles/kml/pushpin/ylw-pushpin.png" }, "geometry": { "type": "MultiPolygon", "coordinates": [ [ [ [ 73.220654707774301, 18.543825638825592 ], [ 73.220804615065873, 18.543802736077978 ], [ 73.220888440095052, 18.54377372983009 ], [ 73.221061296285882, 18.543790448616161 ], [ 73.221143654121306, 18.543777869191839 ], [ 73.221269508213595, 18.54375517962659 ], [ 73.221416138166859, 18.543729248628239 ], [ 73.221583060239581, 18.543682615866079 ], [ 73.221662813634524, 18.543633513539099 ], [ 73.221720482983585, 18.543603857446801 ], [ 73.221859840839173, 18.543547071366682 ], [ 73.222012087295766, 18.543499667726628 ], [ 73.22218585338014, 18.543440259974091 ], [ 73.222278120592378, 18.54337493196261 ], [ 73.22236813336896, 18.54336397750582 ], [ 73.222447825956777, 18.54335167344194 ], [ 73.222525555308849, 18.543309991123849 ], [ 73.222611048136628, 18.54325495877687 ], [ 73.222707753265752, 18.543236874870999 ], [ 73.222782820650252, 18.543205595852012 ], [ 73.222806987151444, 18.54320299325963 ], [ 73.222871294095924, 18.54316768014262 ], [ 73.222903465061194, 18.543151002678361 ], [ 73.223001519768459, 18.54312080438342 ], [ 73.223011080018864, 18.54311994973763 ], [ 73.223073133931138, 18.543114367880069 ], [ 73.223170112071685, 18.5431118817027 ], [ 73.223194556538658, 18.543111862082 ], [ 73.223278556188873, 18.543115020678741 ], [ 73.22337835997179, 18.54312111054136 ], [ 73.223511451799993, 18.543110400710749 ], [ 73.223563783372555, 18.543097403666799 ], [ 73.223614077743463, 18.5430836404358 ], [ 73.223652771287803, 18.543085432099481 ], [ 73.223693348714946, 18.543073375020391 ], [ 73.223769651065979, 18.543040367638941 ], [ 73.223860407087287, 18.543015097407778 ], [ 73.223932839363201, 18.543025943007891 ], [ 73.223997940171259, 18.543022430850598 ], [ 73.224054498442214, 18.543018776068969 ], [ 73.224062062939211, 18.543018668027219 ], [ 73.224121928725182, 18.542978797729891 ], [ 73.224138325203057, 18.542943589889742 ], [ 73.224154306773613, 18.542866255895621 ], [ 73.224150531215656, 18.542750396989689 ], [ 73.224182346046973, 18.54258820078384 ], [ 73.224154992801587, 18.54246647631469 ], [ 73.224132918463411, 18.542443581226522 ], [ 73.224212324677865, 18.542225349819411 ], [ 73.224236144729417, 18.542104969487681 ], [ 73.224248101650417, 18.54200308013608 ], [ 73.224264011385657, 18.541933707438272 ], [ 73.224267772176475, 18.541836282285711 ], [ 73.224309636174823, 18.541709754383781 ], [ 73.224330205172748, 18.54164096406323 ], [ 73.224359567283983, 18.541536465316469 ], [ 73.22436102413856, 18.541530568772671 ], [ 73.224367850044388, 18.5414874600764 ], [ 73.224389589630306, 18.5414054749615 ], [ 73.224388599254766, 18.541401486443771 ], [ 73.224397075534739, 18.541338300281708 ], [ 73.22442111828849, 18.54127789693354 ], [ 73.224442803638183, 18.54118760371933 ], [ 73.224456672223681, 18.541160929892609 ], [ 73.224471711352791, 18.541114616956978 ], [ 73.22447537681748, 18.5410526271795 ], [ 73.224433225983518, 18.54103943128489 ], [ 73.224322455564632, 18.54099769960623 ], [ 73.224280366009822, 18.54095950107282 ], [ 73.224176654062006, 18.5409224426371 ], [ 73.224016639859684, 18.54087360103475 ], [ 73.22390442490719, 18.540831104059929 ], [ 73.223813209601019, 18.540808187919499 ], [ 73.223687694513643, 18.54076370699195 ], [ 73.223669435813989, 18.540758818787271 ], [ 73.223606102637945, 18.540724047804868 ], [ 73.223523997610926, 18.540704991658529 ], [ 73.223450701718349, 18.540698790517212 ], [ 73.223419991471786, 18.540689395393791 ], [ 73.223393653012494, 18.54068364443556 ], [ 73.223348608490085, 18.54067236806511 ], [ 73.223299564490532, 18.540657921802939 ], [ 73.223240581789227, 18.540650931399352 ], [ 73.223191629386946, 18.540642075447 ], [ 73.223121564248004, 18.540620750228381 ], [ 73.223058844982432, 18.540616431071282 ], [ 73.222991591379824, 18.540602503226431 ], [ 73.222935144734905, 18.540587814164759 ], [ 73.222906663428404, 18.54056668741288 ], [ 73.222836391757625, 18.540578087104461 ], [ 73.222742855498652, 18.540611407547519 ], [ 73.222718626376377, 18.540676325595051 ], [ 73.222713381532287, 18.540748873135779 ], [ 73.222646279628492, 18.540839998842991 ], [ 73.222632868297737, 18.540886056378831 ], [ 73.222581743560482, 18.540944333860011 ], [ 73.222526409807926, 18.540974844658301 ], [ 73.222463637361685, 18.540977321940002 ], [ 73.22238433150234, 18.540977590481379 ], [ 73.2223400089173, 18.540968845710911 ], [ 73.222312054672372, 18.540965031335919 ], [ 73.222265179081489, 18.540974217165051 ], [ 73.222210650921241, 18.540991557257691 ], [ 73.222136745984358, 18.541016949073761 ], [ 73.222058174527277, 18.541038893781259 ], [ 73.22199912036082, 18.541063701862971 ], [ 73.221931324935426, 18.54107080989667 ], [ 73.221807059282057, 18.54109339780938 ], [ 73.221681097081344, 18.541158443615689 ], [ 73.221656321851796, 18.541196116344342 ], [ 73.221585330087763, 18.541267386592921 ], [ 73.221526541512745, 18.5412919350204 ], [ 73.221463480235556, 18.54130880467466 ], [ 73.221345773500914, 18.541319236192219 ], [ 73.221286763203736, 18.54132253081567 ], [ 73.221233184339724, 18.541301576085441 ], [ 73.221215979628425, 18.54123280331304 ], [ 73.221209700778786, 18.541132611199561 ], [ 73.221193362857889, 18.54100943200201 ], [ 73.221193966757809, 18.541000205306808 ], [ 73.22116016072529, 18.54090323647225 ], [ 73.221133914052615, 18.54087813202397 ], [ 73.221087262468444, 18.540859295437031 ], [ 73.221003696754678, 18.54085761818369 ], [ 73.220995651172217, 18.540858044992241 ], [ 73.220881948422729, 18.540875371775591 ], [ 73.220856743173826, 18.540888340320532 ], [ 73.220771745084264, 18.54090677885991 ], [ 73.220705504247931, 18.540899551298089 ], [ 73.220638354475085, 18.540898098534981 ], [ 73.220542907591266, 18.540891994654501 ], [ 73.220496963217386, 18.54088209624808 ], [ 73.220496161167432, 18.540948636540278 ], [ 73.220506525336816, 18.54105457356432 ], [ 73.220497981029112, 18.54120102929798 ], [ 73.220496602011679, 18.541325758631441 ], [ 73.220477384652114, 18.54142968093554 ], [ 73.220471877209576, 18.541556821074231 ], [ 73.220445082711407, 18.54167310657413 ], [ 73.220387900090955, 18.5418206781648 ], [ 73.2203563416968, 18.541904109100031 ], [ 73.22032423250954, 18.54204739330714 ], [ 73.220282979943605, 18.542188761757672 ], [ 73.22026825909866, 18.542288349652988 ], [ 73.220241625645599, 18.54237573538218 ], [ 73.220236140900639, 18.542412216621891 ], [ 73.220215107112921, 18.542546475736799 ], [ 73.220194034597796, 18.54267219629148 ], [ 73.220178475361777, 18.542797986700961 ], [ 73.220169797532577, 18.542912833452931 ], [ 73.220196743032886, 18.54304778517815 ], [ 73.220192992804016, 18.543074705292462 ], [ 73.220206865762506, 18.54318554173663 ], [ 73.220277668733004, 18.543341936914199 ], [ 73.220329919112658, 18.543454316766798 ], [ 73.220334646737442, 18.543576239340972 ], [ 73.22035563274072, 18.543709216909939 ], [ 73.220390004433611, 18.54378605519813 ], [ 73.220479735960993, 18.54381784471974 ], [ 73.220654707774301, 18.543825638825592 ] ] ] ] } },
{ "type": "Feature", "properties": { "name": "12", "visibility": null, "descriptio": null, "styleUrl": "#msn_ylw-pushpin13", "fill_opaci": 1, "fill": "#55aa7f", "stroke_opa": 1, "stroke": "#ffff00", "stroke_wid": null, "icon_scale": 1.1, "icon_offse": null, "icon_off_1": null, "icon": "http://maps.google.com/mapfiles/kml/pushpin/ylw-pushpin.png" }, "geometry": { "type": "MultiPolygon", "coordinates": [ [ [ [ 73.221201793707891, 18.533902434661979 ], [ 73.221180574357732, 18.534049816791111 ], [ 73.221192612206252, 18.53423488833835 ], [ 73.221307819216491, 18.53425283669068 ], [ 73.221585281951491, 18.534317388380721 ], [ 73.221529770479435, 18.534508067983701 ], [ 73.221409097647069, 18.534561610959649 ], [ 73.221214008577775, 18.534664651101458 ], [ 73.221083617724133, 18.53467433954242 ], [ 73.221060055897524, 18.53486434612795 ], [ 73.22112699756677, 18.534934803356769 ], [ 73.221206873231282, 18.535001286064421 ], [ 73.221260999682158, 18.535103385800479 ], [ 73.221377222989659, 18.535187171300489 ], [ 73.221470987783505, 18.535252372725889 ], [ 73.221526080179444, 18.53538180728864 ], [ 73.221521218980172, 18.535496574852271 ], [ 73.221525019294205, 18.535696771430089 ], [ 73.221427989028953, 18.53590693745484 ], [ 73.221395131864497, 18.536079430230249 ], [ 73.221606880675608, 18.536097517867901 ], [ 73.22180455418426, 18.536189890436681 ], [ 73.221915275964022, 18.53627344563553 ], [ 73.221909461607993, 18.53647577411791 ], [ 73.221916304817611, 18.53668206591507 ], [ 73.222051646120718, 18.53691843802503 ], [ 73.222258905220784, 18.53683999336662 ], [ 73.222363879629526, 18.53665814307524 ], [ 73.222416220116628, 18.536514147440439 ], [ 73.222517964162421, 18.536472337612981 ], [ 73.222632089883305, 18.536381134557161 ], [ 73.222782804814841, 18.536187778648682 ], [ 73.222931489417974, 18.536018713658262 ], [ 73.222928735520298, 18.535731611686639 ], [ 73.222913360458236, 18.53538112102714 ], [ 73.222948463444681, 18.53524842143883 ], [ 73.223043632986332, 18.535134164954059 ], [ 73.223231211751454, 18.534892579629489 ], [ 73.223345431972703, 18.53469836616377 ], [ 73.22352717285365, 18.534481560602512 ], [ 73.22374202778262, 18.534301537376241 ], [ 73.224010335618388, 18.534097500818842 ], [ 73.224253738538749, 18.533930652989589 ], [ 73.224504193178163, 18.533910260666271 ], [ 73.224648123691225, 18.53385842822043 ], [ 73.224745040971669, 18.53392885397248 ], [ 73.224758615520187, 18.533956922432878 ], [ 73.224904000330142, 18.534062756414489 ], [ 73.225146779342012, 18.53418684232858 ], [ 73.225220098810652, 18.534220762051671 ], [ 73.225385002847617, 18.534248891745641 ], [ 73.225407931145739, 18.53424780185799 ], [ 73.225556856337079, 18.534240723644881 ], [ 73.225598135004049, 18.534092373968829 ], [ 73.225531377336367, 18.534006467360491 ], [ 73.225596344556905, 18.533881777220309 ], [ 73.22573591315971, 18.5338080442977 ], [ 73.225781477056444, 18.533807991106229 ], [ 73.225928658967277, 18.533638871017661 ], [ 73.226131374162577, 18.533318933225519 ], [ 73.226144800112777, 18.533260037442808 ], [ 73.226238434635079, 18.532914021445709 ], [ 73.226236411471902, 18.532900383936141 ], [ 73.226279348345784, 18.53254396016742 ], [ 73.226277367254028, 18.532312594001791 ], [ 73.22624177200322, 18.53208101162782 ], [ 73.226074770865878, 18.531880586108318 ], [ 73.226030996156766, 18.531591736803868 ], [ 73.225981386537711, 18.53139705532411 ], [ 73.225968848382422, 18.531242185173319 ], [ 73.226019837989455, 18.531110434295201 ], [ 73.226125095867488, 18.530877901778389 ], [ 73.226217987187866, 18.5306572059704 ], [ 73.226278985269545, 18.530432788324141 ], [ 73.226333707996133, 18.530354224781281 ], [ 73.226353962479735, 18.530245340123631 ], [ 73.226355691110513, 18.530099961760168 ], [ 73.226320150330622, 18.529814145274731 ], [ 73.226237909248567, 18.529603336576422 ], [ 73.226156443800861, 18.529736270803159 ], [ 73.226121309106802, 18.52974868765142 ], [ 73.225759283197931, 18.529795280294689 ], [ 73.225546095858903, 18.529765908333189 ], [ 73.225373286028557, 18.52972351319557 ], [ 73.225294486292483, 18.52970873529981 ], [ 73.225162971534019, 18.52971063142386 ], [ 73.224963010875271, 18.529745005855119 ], [ 73.224780282364705, 18.529800909742079 ], [ 73.22459953884939, 18.52983521599214 ], [ 73.224583276354608, 18.529840928705401 ], [ 73.224455188285859, 18.529842740648469 ], [ 73.224309582184659, 18.529838075423331 ], [ 73.224181029746177, 18.52983854394288 ], [ 73.224073949790906, 18.529816918434459 ], [ 73.223899419867593, 18.52976153156359 ], [ 73.223797871451453, 18.52967348840625 ], [ 73.223637629036432, 18.529577227360662 ], [ 73.223479746678507, 18.52950319148114 ], [ 73.223255962732196, 18.529530350059218 ], [ 73.223206643747432, 18.529536222598349 ], [ 73.223048392308641, 18.529536692036721 ], [ 73.223037484295347, 18.529536689190671 ], [ 73.222816817469493, 18.529569744871502 ], [ 73.222732956139197, 18.529587594426431 ], [ 73.222608229174455, 18.529631816521071 ], [ 73.222442737157309, 18.529687196650919 ], [ 73.2223589283021, 18.529693192011059 ], [ 73.222215587306849, 18.529687854367239 ], [ 73.222198913158337, 18.52968800113176 ], [ 73.222105325897218, 18.529682952474179 ], [ 73.222056870783234, 18.52967226442475 ], [ 73.222024307685402, 18.5296670680139 ], [ 73.221930016684908, 18.529667686151129 ], [ 73.221883277725226, 18.529684234127519 ], [ 73.221789295979562, 18.529717616204891 ], [ 73.221725234362211, 18.529734659315661 ], [ 73.221678658978789, 18.52974611689406 ], [ 73.221520072297011, 18.52975827308369 ], [ 73.221304204172455, 18.529775997515141 ], [ 73.22117412140507, 18.52980987191415 ], [ 73.221070479211463, 18.529849162480879 ], [ 73.221048061420333, 18.529849105299519 ], [ 73.220901528751938, 18.529826693840779 ], [ 73.220915101597399, 18.529916559405741 ], [ 73.220927468852537, 18.53001370238638 ], [ 73.22095156444918, 18.530194121586259 ], [ 73.220967216892063, 18.530367764889348 ], [ 73.220976605985499, 18.53046517711579 ], [ 73.220967095033373, 18.530570219036662 ], [ 73.220991674705942, 18.530742293859038 ], [ 73.221036213087672, 18.530913049148769 ], [ 73.221090007618415, 18.531047243909288 ], [ 73.221174217809505, 18.531197009247592 ], [ 73.221259110664789, 18.531321617634951 ], [ 73.221260513752355, 18.53134985863991 ], [ 73.221331903099511, 18.531450431356529 ], [ 73.221406514486446, 18.53161400796337 ], [ 73.221397981822605, 18.531704699444241 ], [ 73.221392407489319, 18.531780046594299 ], [ 73.221481294126164, 18.531980733827709 ], [ 73.221569706066091, 18.532104777723571 ], [ 73.221589961172285, 18.532199374260649 ], [ 73.221581949511545, 18.532255893051651 ], [ 73.221551818321984, 18.532371138283739 ], [ 73.221573863121336, 18.532459995078032 ], [ 73.221614927270451, 18.532565588894599 ], [ 73.221636727501618, 18.532608096939729 ], [ 73.221636973265106, 18.532658704548041 ], [ 73.221623532157949, 18.532709024356809 ], [ 73.221563234701804, 18.532898921802069 ], [ 73.221562039105422, 18.532907724641021 ], [ 73.221526206030845, 18.533067466432541 ], [ 73.221305268070267, 18.533206956066699 ], [ 73.221178084865244, 18.533236256844958 ], [ 73.221155059646037, 18.5332453437317 ], [ 73.221015983279571, 18.533256116401802 ], [ 73.220871489602189, 18.533256769581499 ], [ 73.220734378777138, 18.533256980270131 ], [ 73.220567233966918, 18.53326508603466 ], [ 73.220484581637095, 18.533282659482261 ], [ 73.220450563011724, 18.533345877882841 ], [ 73.220450373834154, 18.533419794923219 ], [ 73.220438915137393, 18.533513651654999 ], [ 73.220437000389325, 18.53363045644344 ], [ 73.22044222348903, 18.53374963611337 ], [ 73.220497737223781, 18.533808631812889 ], [ 73.220524103862076, 18.533827735215748 ], [ 73.220592213068372, 18.53386559581023 ], [ 73.22067318805081, 18.533874680974542 ], [ 73.220763102798216, 18.533874812687149 ], [ 73.220856419346504, 18.53385508595073 ], [ 73.221067916204447, 18.533790444482459 ], [ 73.221191629771894, 18.533867722632571 ], [ 73.221201793707891, 18.533902434661979 ] ] ] ] } },
{ "type": "Feature", "properties": { "name": "11", "visibility": null, "descriptio": null, "styleUrl": "#msn_ylw-pushpin0", "fill_opaci": 1, "fill": "#aaaa7f", "stroke_opa": 1, "stroke": "#ffff00", "stroke_wid": null, "icon_scale": 1.1, "icon_offse": null, "icon_off_1": null, "icon": "http://maps.google.com/mapfiles/kml/pushpin/ylw-pushpin.png" }, "geometry": { "type": "MultiPolygon", "coordinates": [ [ [ [ 73.223593302705851, 18.537511897414401 ], [ 73.223702882378646, 18.537529423732838 ], [ 73.2238058231097, 18.53757189080693 ], [ 73.223873785259883, 18.53764318942579 ], [ 73.223902235292854, 18.537680343268899 ], [ 73.223948078042199, 18.53773838701677 ], [ 73.223982467822324, 18.537803913050901 ], [ 73.224046256420962, 18.537861746027222 ], [ 73.224150957241079, 18.53793281984132 ], [ 73.224204293250125, 18.538094152449119 ], [ 73.224216224462523, 18.538117570014599 ], [ 73.224246436899136, 18.538197409399139 ], [ 73.224323662597712, 18.538210167650011 ], [ 73.224377871287743, 18.538261394754539 ], [ 73.224416340282801, 18.538398049361369 ], [ 73.224525274742277, 18.538433547484601 ], [ 73.22459139467324, 18.538441838694482 ], [ 73.224603663188688, 18.538449444545311 ], [ 73.224708157741077, 18.538500385586161 ], [ 73.22479885251586, 18.538510307965112 ], [ 73.224902551434013, 18.538541994703301 ], [ 73.225055406442692, 18.5385959294955 ], [ 73.225175159379319, 18.53869606789473 ], [ 73.225298775705596, 18.538784069970362 ], [ 73.225433166204525, 18.53891732725025 ], [ 73.225495184866588, 18.538908097681361 ], [ 73.225556661362319, 18.53879882000258 ], [ 73.225604173717784, 18.538662940151362 ], [ 73.22568083329476, 18.538483842883799 ], [ 73.225770044128595, 18.538311800885239 ], [ 73.225858905000251, 18.538090647534219 ], [ 73.225935114763161, 18.537922822460871 ], [ 73.225981546369539, 18.537814654159671 ], [ 73.226035810789256, 18.537703287742289 ], [ 73.226085235388666, 18.537582627731979 ], [ 73.226133647629268, 18.537428173081199 ], [ 73.226169445515836, 18.537348583234959 ], [ 73.226173213669256, 18.537336006692669 ], [ 73.226207311285862, 18.537220363384861 ], [ 73.226261480480417, 18.53707474343603 ], [ 73.226278747714247, 18.5370362406493 ], [ 73.226352518728987, 18.53687545203983 ], [ 73.226427168424181, 18.53669542513704 ], [ 73.226431068050417, 18.536680510806189 ], [ 73.226491777062449, 18.53654948658389 ], [ 73.22651095473762, 18.536521653199451 ], [ 73.226546935032829, 18.536421828140409 ], [ 73.226556110234185, 18.536391436548051 ], [ 73.22659440921683, 18.536242500433961 ], [ 73.226605104682577, 18.536215634958531 ], [ 73.226611467592917, 18.536189962915049 ], [ 73.226681844095793, 18.53599659734039 ], [ 73.226691769242009, 18.53596997309873 ], [ 73.226782900446381, 18.535829777580869 ], [ 73.226869719206817, 18.535637938885081 ], [ 73.226938452062043, 18.535398928580651 ], [ 73.226989520106656, 18.535253974999641 ], [ 73.227003725157672, 18.53518418884115 ], [ 73.227091156667967, 18.53500963084376 ], [ 73.227102287310373, 18.534989037797281 ], [ 73.227123065751954, 18.534928856516629 ], [ 73.227129088903354, 18.534908282586379 ], [ 73.227187222399095, 18.534790869435589 ], [ 73.226994883493077, 18.53479650497631 ], [ 73.226965169273427, 18.534815879305789 ], [ 73.226869575197711, 18.534923285259229 ], [ 73.226858488560396, 18.534955896274258 ], [ 73.226696096366325, 18.53505832096301 ], [ 73.226639273726491, 18.535010410817382 ], [ 73.226601393689606, 18.534916772293609 ], [ 73.226593896137047, 18.534899138646772 ], [ 73.226529130760895, 18.53475579324348 ], [ 73.226519111985937, 18.534743948875128 ], [ 73.226411910052974, 18.53470563804883 ], [ 73.226338307335965, 18.53459734782929 ], [ 73.226296443737425, 18.534507675755229 ], [ 73.226263607479524, 18.534396417337231 ], [ 73.226219496301979, 18.534320669187121 ], [ 73.226208933281498, 18.534304874851859 ], [ 73.226152967587382, 18.534234319954081 ], [ 73.226088036837609, 18.53418156817952 ], [ 73.225923036681522, 18.534166047586741 ], [ 73.225888368745643, 18.534166717471141 ], [ 73.225821431123194, 18.534184815149779 ], [ 73.225739524616614, 18.534224231997459 ], [ 73.22567276101384, 18.534247238494679 ], [ 73.225579875289668, 18.534278946992981 ], [ 73.225397530190477, 18.534319659650158 ], [ 73.225296243581965, 18.534297841029531 ], [ 73.22521030877715, 18.53424600342824 ], [ 73.225125023718292, 18.53419437046351 ], [ 73.225049513617378, 18.53414342887379 ], [ 73.224948420714696, 18.53408965938609 ], [ 73.224817751519112, 18.53403325761348 ], [ 73.224706357123395, 18.533975672696041 ], [ 73.224587435819743, 18.533944493418581 ], [ 73.224508384508724, 18.53392479309576 ], [ 73.224434976699314, 18.533941597539329 ], [ 73.224417775747824, 18.533949836706949 ], [ 73.224339884305763, 18.533979082565249 ], [ 73.224253169850329, 18.534045418444091 ], [ 73.224169810625426, 18.534116546703121 ], [ 73.224040536980723, 18.534207152357691 ], [ 73.22397287164722, 18.534246538735761 ], [ 73.223877070724569, 18.534315969811949 ], [ 73.223849087381225, 18.534351214735899 ], [ 73.223779639142563, 18.534396042114349 ], [ 73.223713676837392, 18.53445839888807 ], [ 73.223616398096382, 18.534585923769601 ], [ 73.223519647881773, 18.534668384577259 ], [ 73.223475511176062, 18.53470603904718 ], [ 73.223391222126111, 18.534770174858981 ], [ 73.223316739992597, 18.534894818445672 ], [ 73.223220394167413, 18.535036656537279 ], [ 73.223105691519621, 18.535205357022662 ], [ 73.223011251228286, 18.535341359103381 ], [ 73.22301234218844, 18.535387283537752 ], [ 73.223024197302621, 18.535543239660662 ], [ 73.223019358834833, 18.53565253989505 ], [ 73.223038619144248, 18.53572364095486 ], [ 73.223036235210415, 18.535751363134619 ], [ 73.223034614335006, 18.535895490263059 ], [ 73.222997307596458, 18.536019295131851 ], [ 73.222904382294033, 18.53611550317807 ], [ 73.222778894445639, 18.53631419769912 ], [ 73.222710997279734, 18.53640896522634 ], [ 73.22262952632083, 18.536473747854391 ], [ 73.222611116642639, 18.536497140877309 ], [ 73.222454205522453, 18.536679143509868 ], [ 73.222380047242211, 18.536780082593388 ], [ 73.222366013743752, 18.536800867072319 ], [ 73.22227743625794, 18.537012068184001 ], [ 73.222222170924098, 18.537137404495962 ], [ 73.22219105809404, 18.537194734159641 ], [ 73.222115869037381, 18.537312554262201 ], [ 73.222106723765961, 18.537376450272451 ], [ 73.222209114467432, 18.537407402093251 ], [ 73.222334330923147, 18.53743475501491 ], [ 73.222539886297682, 18.537441321720749 ], [ 73.222688919353615, 18.537484768688849 ], [ 73.222844910522568, 18.537584090671249 ], [ 73.222879902434727, 18.53758270616035 ], [ 73.222960683465288, 18.5375923361354 ], [ 73.223102408646028, 18.537605802983268 ], [ 73.223252810087487, 18.53760673676306 ], [ 73.223380069211629, 18.537607883571901 ], [ 73.223510745978274, 18.537543728648409 ], [ 73.223593302705851, 18.537511897414401 ] ] ] ] } },
{ "type": "Feature", "properties": { "name": "10", "visibility": null, "descriptio": null, "styleUrl": "#msn_ylw-pushpin14", "fill_opaci": 1, "fill": "#aa557f", "stroke_opa": 1, "stroke": "#ffff00", "stroke_wid": null, "icon_scale": 1.1, "icon_offse": null, "icon_off_1": null, "icon": "http://maps.google.com/mapfiles/kml/pushpin/ylw-pushpin.png" }, "geometry": { "type": "MultiPolygon", "coordinates": [ [ [ [ 73.225468257536861, 18.538952074689799 ], [ 73.225381352481492, 18.5389071996917 ], [ 73.225287693598034, 18.53886869782394 ], [ 73.225155782127374, 18.538742063208389 ], [ 73.225117321369595, 18.538693517027191 ], [ 73.225038548512174, 18.53863694386737 ], [ 73.225016687043009, 18.53862259343833 ], [ 73.224929582398929, 18.538565403155548 ], [ 73.22476490308955, 18.53853789526524 ], [ 73.224730356010639, 18.538531412716381 ], [ 73.224610414654308, 18.53848528463077 ], [ 73.224547137425915, 18.5384563031702 ], [ 73.224404184094738, 18.538446057040929 ], [ 73.224391539489886, 18.538360491337752 ], [ 73.224317155084947, 18.538243320598639 ], [ 73.22425033753953, 18.538245197633 ], [ 73.224203982017741, 18.538128394236619 ], [ 73.22415823391276, 18.538012716036341 ], [ 73.224108175315848, 18.537923502220579 ], [ 73.224068657092204, 18.537908087864238 ], [ 73.22400884557554, 18.537863480674989 ], [ 73.223962334890601, 18.537824292231381 ], [ 73.223915103841108, 18.537758343011731 ], [ 73.223887264069859, 18.537688889388221 ], [ 73.223827140977306, 18.537619757782078 ], [ 73.223767432054984, 18.537555790774618 ], [ 73.223689724110713, 18.537535440801719 ], [ 73.223625284246722, 18.53754092668078 ], [ 73.223554280254461, 18.537555097113479 ], [ 73.223443902569485, 18.537621205254428 ], [ 73.223398188186223, 18.537621279567279 ], [ 73.223280520239555, 18.537634070853489 ], [ 73.223156346632507, 18.53763418701374 ], [ 73.223123785241356, 18.537632754425079 ], [ 73.222993832782223, 18.537626586658131 ], [ 73.222896247785556, 18.537624795455329 ], [ 73.22278758867607, 18.537552172599732 ], [ 73.222665436195484, 18.537506075549611 ], [ 73.222543069092794, 18.53746277263766 ], [ 73.222361074464345, 18.537435025529021 ], [ 73.222315135398716, 18.537436885941521 ], [ 73.222154453086972, 18.53739801372809 ], [ 73.222101892205572, 18.53740003515853 ], [ 73.221998310406377, 18.53746116817894 ], [ 73.221860230572318, 18.537524961519011 ], [ 73.22181503756849, 18.537635086227169 ], [ 73.221740764223057, 18.53771013527199 ], [ 73.221712004675354, 18.537848530063631 ], [ 73.221641490539199, 18.537935742994751 ], [ 73.221639275445156, 18.537948289184609 ], [ 73.221651504676331, 18.538030072197881 ], [ 73.22165364590667, 18.538102460439909 ], [ 73.221644220787681, 18.538186309385988 ], [ 73.22164016764269, 18.53826874494062 ], [ 73.22163871170433, 18.538281247637439 ], [ 73.221644332564111, 18.53834261626919 ], [ 73.221641036166702, 18.538435072273138 ], [ 73.221675434207754, 18.538505818663879 ], [ 73.221665155604398, 18.538577677172661 ], [ 73.221660582421578, 18.538584999199291 ], [ 73.221630859154445, 18.538689506354181 ], [ 73.221644891216215, 18.5388125179892 ], [ 73.221646905271925, 18.538877748339061 ], [ 73.221657468250527, 18.538963472906929 ], [ 73.221668346781129, 18.539045109584698 ], [ 73.221664239992478, 18.539131797001769 ], [ 73.221675492095883, 18.53922841911125 ], [ 73.22168607383098, 18.539349995385422 ], [ 73.221683330054745, 18.539420296793409 ], [ 73.221655879533387, 18.539520378681729 ], [ 73.221658045288052, 18.539597453159551 ], [ 73.221606050533424, 18.539699660645692 ], [ 73.221567723148056, 18.53981387856723 ], [ 73.221555902910339, 18.539863094187972 ], [ 73.221520222887378, 18.539961148024531 ], [ 73.221512056496152, 18.54003973831653 ], [ 73.221501470230734, 18.54011758886773 ], [ 73.221476664133775, 18.540185145996571 ], [ 73.22144989864772, 18.540258204411529 ], [ 73.221386627126009, 18.540358724603092 ], [ 73.221313953724874, 18.54043750659083 ], [ 73.22120931634467, 18.54051745756955 ], [ 73.221166371085474, 18.540539283251661 ], [ 73.221241125720326, 18.540539763496859 ], [ 73.221347991309543, 18.540536790475691 ], [ 73.221403593174188, 18.540555181455311 ], [ 73.221491133277937, 18.540574193663002 ], [ 73.22158799971335, 18.54055992667897 ], [ 73.221601113752897, 18.540563566099859 ], [ 73.221640326087481, 18.54057498673756 ], [ 73.221718398768544, 18.540599540751099 ], [ 73.221770863152315, 18.540611256865549 ], [ 73.221856199670185, 18.540607402219809 ], [ 73.221955143019912, 18.540599852530391 ], [ 73.222060953697991, 18.540603536987579 ], [ 73.222173622956404, 18.540616034175571 ], [ 73.222257952452338, 18.54061417982097 ], [ 73.222346911323285, 18.54065259626076 ], [ 73.222388794448733, 18.540692705127121 ], [ 73.222464888034239, 18.54076939443782 ], [ 73.222518939352383, 18.540821479296611 ], [ 73.222529099833281, 18.54083885829866 ], [ 73.222563858783914, 18.54091629445686 ], [ 73.222622535613738, 18.54088169713566 ], [ 73.222642892343544, 18.540787035704721 ], [ 73.222657716437368, 18.540672669741951 ], [ 73.222715176709144, 18.540594972992469 ], [ 73.222801944379952, 18.54056803931557 ], [ 73.222867140768074, 18.540556552047519 ], [ 73.223058627506475, 18.54056912919738 ], [ 73.22320673728612, 18.540602167267181 ], [ 73.223308909624976, 18.540656866616199 ], [ 73.223401055875556, 18.540668041963571 ], [ 73.223569400811186, 18.540700771212961 ], [ 73.223624354681704, 18.540732688870261 ], [ 73.223703361403096, 18.540742634720409 ], [ 73.223798523942293, 18.5407807192788 ], [ 73.223868819243478, 18.540798154284438 ], [ 73.223981608761662, 18.540846858862071 ], [ 73.224055223979562, 18.540864266931969 ], [ 73.224119957621468, 18.540902747154739 ], [ 73.224198552222575, 18.540927426174829 ], [ 73.224263610999714, 18.540946007614838 ], [ 73.224302222549696, 18.540959408632041 ], [ 73.224344904944388, 18.540983131271108 ], [ 73.224391584543582, 18.541018987573729 ], [ 73.224467714515484, 18.541016587388331 ], [ 73.224497056640914, 18.540953698710521 ], [ 73.224562901151813, 18.540852235949838 ], [ 73.224625425656967, 18.54069660437073 ], [ 73.224659957903413, 18.540617706624609 ], [ 73.22470010840054, 18.540565636433811 ], [ 73.224747367211464, 18.540453096913879 ], [ 73.224802608448613, 18.540347937770282 ], [ 73.224844268915362, 18.54024829879431 ], [ 73.224906759797832, 18.540153820338801 ], [ 73.224926880103794, 18.540097947306549 ], [ 73.224969294693892, 18.540002953639188 ], [ 73.225037417744431, 18.539880726207389 ], [ 73.225093729124453, 18.539754602130881 ], [ 73.225097557643238, 18.539749380675801 ], [ 73.225158166920423, 18.539653334957201 ], [ 73.225209914122658, 18.539566079433222 ], [ 73.225213390325266, 18.539550404711761 ], [ 73.225253530611241, 18.539432662233601 ], [ 73.225261123315008, 18.53941840720066 ], [ 73.225264924627538, 18.53941131040035 ], [ 73.225335373295906, 18.539291309956731 ], [ 73.225397599362253, 18.53920286136352 ], [ 73.225428654908299, 18.53911823118068 ], [ 73.225431782683287, 18.53910920841129 ], [ 73.225476439291853, 18.539010533629138 ], [ 73.225468257536861, 18.538952074689799 ] ] ] ] } }
]
}
