{
"type": "FeatureCollection",
"name": "District_Village_Boundary",
"crs": { "type": "name", "properties": { "name": "urn:ogc:def:crs:OGC:1.3:CRS84" } },
"features": [
{ "type": "Feature", "properties": { "MAHA_GVMP_": 36991, "MAHA_GVMP1": 36, "CCODE": "240009000202937500", "NAME": "Chikhalgaon", "OTHERS": null, "VIL_CD": "02937500", "DST": "24", "TQ": "0009", "CEN_CD": "02937900", "NAME_E": "Chikhalgaon", "T_CODE": "272409", "D_NAME": "Raigad", "T_NAME": "Sudhagad", "T_Name_Old": "Sudhagad", "D_Name_Old": "RAIGAD", "D_CODE": "2724", "Remarks": null, "Type": null, "Disputed": 0, "Shape_Leng": 0.14514567021, "Shape_Area": 0.00068707179 }, "geometry": { "type": "MultiPolygon", "coordinates": [ [ [ [ 73.187952104949488, 18.599953703044093 ], [ 73.188004569918235, 18.599916437206218 ], [ 73.188091368519451, 18.599854784140632 ], [ 73.188461711767047, 18.599591728301277 ], [ 73.189431053655085, 18.59811606141642 ], [ 73.189834620462932, 18.597510632323804 ], [ 73.190048156943021, 18.597190283775205 ], [ 73.19005423560003, 18.597181164520862 ], [ 73.190096861176016, 18.597120670458708 ], [ 73.190192325618739, 18.596985187478822 ], [ 73.190268185477919, 18.596877527103288 ], [ 73.191321443964796, 18.595960513806347 ], [ 73.191443259204618, 18.595854455069627 ], [ 73.191599413671213, 18.595718498493113 ], [ 73.191699027387074, 18.595631769190447 ], [ 73.191752433591319, 18.59558527068782 ], [ 73.191800023436315, 18.595554034971371 ], [ 73.191892466476702, 18.595493359678869 ], [ 73.191985078753135, 18.595432573218886 ], [ 73.192396242104337, 18.595162703340293 ], [ 73.192668538732391, 18.594983978622793 ], [ 73.192881763035359, 18.594844026103317 ], [ 73.193460041672211, 18.593868751128412 ], [ 73.193507772963869, 18.593788251062279 ], [ 73.193535021518358, 18.593742295625646 ], [ 73.193739731395851, 18.59339704587012 ], [ 73.193769476230898, 18.593263938679399 ], [ 73.193817154049384, 18.593050581514774 ], [ 73.19386524648894, 18.592835368375518 ], [ 73.193874534119686, 18.592793806265718 ], [ 73.193896774595146, 18.592771146144798 ], [ 73.194093696517257, 18.592570508214521 ], [ 73.194873938565991, 18.591775535971465 ], [ 73.195584103344004, 18.591337712599284 ], [ 73.195686622433414, 18.591274508194886 ], [ 73.196179692481678, 18.590970522413613 ], [ 73.196292226803962, 18.590901142823725 ], [ 73.196602808796456, 18.590709662368056 ], [ 73.197011234612489, 18.590732346200127 ], [ 73.197184337545195, 18.59066719464289 ], [ 73.197326055509279, 18.590613855437482 ], [ 73.197386142915093, 18.590591239952744 ], [ 73.197462772260792, 18.59056239843477 ], [ 73.197526440459342, 18.59047254616172 ], [ 73.197944521165596, 18.58988252340805 ], [ 73.198103423718749, 18.589728194664872 ], [ 73.198652423570877, 18.589194993900776 ], [ 73.198657124724491, 18.589167933204692 ], [ 73.19866944152858, 18.589097035394047 ], [ 73.198890661484711, 18.58782364207849 ], [ 73.199091067144082, 18.58612048896731 ], [ 73.199095117239096, 18.58608606876868 ], [ 73.199195106074626, 18.585512145637267 ], [ 73.199256099021852, 18.585214434142017 ], [ 73.19942817887727, 18.584374492766358 ], [ 73.19974205754113, 18.582842393504109 ], [ 73.200124414920481, 18.581125793607612 ], [ 73.200126921294611, 18.581113915905576 ], [ 73.200127828796951, 18.581109615253808 ], [ 73.200329258708678, 18.580155033736162 ], [ 73.20045933761827, 18.579558599511699 ], [ 73.201792135088681, 18.579075480028564 ], [ 73.201850408790108, 18.579055310913134 ], [ 73.203044611376527, 18.578681606671523 ], [ 73.203275489450505, 18.578609356468405 ], [ 73.203289879909505, 18.578591324290528 ], [ 73.203895103677269, 18.577832935225899 ], [ 73.204111354296117, 18.577547518537585 ], [ 73.20495205350062, 18.576437916827331 ], [ 73.205048573136423, 18.576310523663039 ], [ 73.206558834058967, 18.575377731598621 ], [ 73.206670584047288, 18.575308709857268 ], [ 73.206895123995309, 18.575182322219291 ], [ 73.207368717913027, 18.574915747156467 ], [ 73.207596947407183, 18.574787281331453 ], [ 73.207607595272862, 18.574781287849135 ], [ 73.207611219384376, 18.574777754574654 ], [ 73.207705189503315, 18.574686139710025 ], [ 73.207850870050947, 18.574544110192619 ], [ 73.208392462788197, 18.573913764580084 ], [ 73.208419363787129, 18.573441033447637 ], [ 73.208252887094602, 18.573306876131824 ], [ 73.207891858232358, 18.57301593529769 ], [ 73.207712924227508, 18.572798578593336 ], [ 73.207635644622883, 18.572704704428531 ], [ 73.207519303405547, 18.572563380539407 ], [ 73.207489594638503, 18.571959443958519 ], [ 73.2074114027468, 18.570369894558667 ], [ 73.207101256199621, 18.570287516821168 ], [ 73.20701437796663, 18.57013775767399 ], [ 73.206814780823379, 18.569793694533189 ], [ 73.206654176022653, 18.569466761737488 ], [ 73.20646796234297, 18.568967128742258 ], [ 73.206419241933929, 18.568836405694924 ], [ 73.206396684858987, 18.568775882125124 ], [ 73.206416384336364, 18.568685774400649 ], [ 73.206571310780532, 18.567977119247644 ], [ 73.206587649938456, 18.567902381310375 ], [ 73.206608129519509, 18.567876955924817 ], [ 73.207464693849204, 18.566813523121311 ], [ 73.207316186397009, 18.566247038893266 ], [ 73.207325377315385, 18.565914622399475 ], [ 73.207608269722357, 18.565562343749832 ], [ 73.207961179987251, 18.565522115978524 ], [ 73.208217139250792, 18.565254552464751 ], [ 73.208811016453183, 18.564918431200226 ], [ 73.208812097363818, 18.564916101551262 ], [ 73.208900721684699, 18.564725092405297 ], [ 73.208902165597237, 18.564721980383013 ], [ 73.209076324227681, 18.563918003986657 ], [ 73.209351304169047, 18.56308932425577 ], [ 73.20980901687966, 18.562591783463915 ], [ 73.211123343651138, 18.562357372589361 ], [ 73.211124876961492, 18.562357099116923 ], [ 73.211310343953699, 18.56232402019225 ], [ 73.211750919920689, 18.562189064348047 ], [ 73.211967116186031, 18.562002908892907 ], [ 73.212214679302861, 18.561789744256771 ], [ 73.21262058902613, 18.561222488271142 ], [ 73.212918684233102, 18.561006503336444 ], [ 73.213054078848131, 18.560908402808593 ], [ 73.213283323628616, 18.560742302415406 ], [ 73.213335687823189, 18.560704361605474 ], [ 73.213418498956798, 18.560604527163775 ], [ 73.213692457523734, 18.560223471692666 ], [ 73.214004987468911, 18.559765237373199 ], [ 73.214183941455303, 18.559386435266561 ], [ 73.214243163601793, 18.558985800014113 ], [ 73.21425230323058, 18.558923970652017 ], [ 73.214265266997018, 18.558836271015707 ], [ 73.214282396215935, 18.558808653027768 ], [ 73.214438976965369, 18.558556192388721 ], [ 73.215260251964651, 18.558075289034264 ], [ 73.215354624112422, 18.55795268353728 ], [ 73.215673373296454, 18.557781859499528 ], [ 73.216304918521473, 18.557602796734216 ], [ 73.216436232232297, 18.557564489164463 ], [ 73.216599411210893, 18.557526790622774 ], [ 73.216685892910391, 18.557531094451008 ], [ 73.216687264057327, 18.557528403018466 ], [ 73.216699029489519, 18.557505308576765 ], [ 73.216731538662657, 18.557441496077445 ], [ 73.2167340923815, 18.557376659299052 ], [ 73.216735251458772, 18.557347231282733 ], [ 73.216740206526936, 18.557221426072203 ], [ 73.216741228999865, 18.557195466283076 ], [ 73.216576749716694, 18.556709777574781 ], [ 73.216551851541112, 18.556579249031643 ], [ 73.216523203373356, 18.5564290609247 ], [ 73.216439069037222, 18.556240064615622 ], [ 73.216359413103646, 18.556061128005865 ], [ 73.216320866372882, 18.556033160180164 ], [ 73.216202749287504, 18.556025337763288 ], [ 73.216201376459821, 18.556025246845991 ], [ 73.216134103269042, 18.556020791578703 ], [ 73.216128701045477, 18.556015547224945 ], [ 73.216098850865194, 18.555963977777253 ], [ 73.216075643626425, 18.555964040283868 ], [ 73.215742085805914, 18.555964938375041 ], [ 73.215736003913776, 18.555964954744866 ], [ 73.215702804452462, 18.555976405860349 ], [ 73.215377274013974, 18.556071438248125 ], [ 73.215365723069397, 18.556133298963118 ], [ 73.215254808732482, 18.55630332884499 ], [ 73.215058543742259, 18.556668303708307 ], [ 73.215086932850909, 18.556777434014009 ], [ 73.215044169508928, 18.556784776324776 ], [ 73.214887663861873, 18.556811647689074 ], [ 73.214883689206431, 18.556796964135003 ], [ 73.214838325641608, 18.556629377506681 ], [ 73.21482706139966, 18.556587763962398 ], [ 73.214778098513648, 18.55653102947349 ], [ 73.214737983405939, 18.556484547083471 ], [ 73.214730239217715, 18.556475573692751 ], [ 73.214797787710552, 18.556365435945452 ], [ 73.21482687401442, 18.556307505219991 ], [ 73.214829670196707, 18.556301936106081 ], [ 73.214764441247723, 18.556231517209085 ], [ 73.214619584774596, 18.556302174148925 ], [ 73.214591102222812, 18.556316067121941 ], [ 73.214587082922208, 18.556294122162456 ], [ 73.214547813716536, 18.556079716113288 ], [ 73.214552653222029, 18.555983704144239 ], [ 73.214420311090805, 18.555940297007169 ], [ 73.214403454519243, 18.555882472368751 ], [ 73.214400648787603, 18.555872847606963 ], [ 73.214478086147722, 18.555838021450995 ], [ 73.214515421582576, 18.555725918856581 ], [ 73.214541615542998, 18.555586938763327 ], [ 73.214548520531764, 18.555335559764671 ], [ 73.21454944400034, 18.55530194044826 ], [ 73.214389270009463, 18.555049791712804 ], [ 73.214418457828913, 18.554781744504908 ], [ 73.214411598867514, 18.554758935826555 ], [ 73.214416216775192, 18.554713633176391 ], [ 73.21431106984636, 18.554609653993793 ], [ 73.214288255184556, 18.554587092684017 ], [ 73.214266693729314, 18.554556470512523 ], [ 73.214217220850571, 18.554486207718924 ], [ 73.214007076341829, 18.554305598393171 ], [ 73.213989488725133, 18.554289601623566 ], [ 73.213960178121226, 18.554262942231901 ], [ 73.213765967304369, 18.553803686002425 ], [ 73.21370613500045, 18.553659735873794 ], [ 73.213702594861275, 18.553653826678726 ], [ 73.213461275019824, 18.553251014830153 ], [ 73.213328211682438, 18.553036825889933 ], [ 73.21330360605981, 18.552981367419591 ], [ 73.213190472901829, 18.552740439287561 ], [ 73.213185755084226, 18.552606328197328 ], [ 73.213181031363092, 18.552472049082951 ], [ 73.213169885386719, 18.552476864019468 ], [ 73.213160624925649, 18.552480864433903 ], [ 73.21307220099618, 18.552519062539204 ], [ 73.212857152808908, 18.552554464306013 ], [ 73.212776978202555, 18.552553679921232 ], [ 73.21252306689405, 18.552471018552239 ], [ 73.212510366849472, 18.552458713131216 ], [ 73.212467540744001, 18.552452941839533 ], [ 73.212071973002196, 18.552399634232813 ], [ 73.211814866706163, 18.552226817405312 ], [ 73.211841077549934, 18.552187648041354 ], [ 73.211847964222898, 18.552101385135757 ], [ 73.211848225055633, 18.552098117928438 ], [ 73.211853991794726, 18.55202588331656 ], [ 73.211849077186969, 18.551990768800124 ], [ 73.211848748769, 18.551988422276054 ], [ 73.211829884931205, 18.551853641379239 ], [ 73.211828461609684, 18.551843471830296 ], [ 73.211705259426253, 18.551781713527305 ], [ 73.211730987330498, 18.551651675794005 ], [ 73.211707212311239, 18.551486368139138 ], [ 73.211687319408782, 18.551348052586548 ], [ 73.211615319223597, 18.551369368831672 ], [ 73.211596067396272, 18.551311260817613 ], [ 73.211561567303022, 18.551207128679835 ], [ 73.211510043574606, 18.551226215736222 ], [ 73.211471662631368, 18.551240434012584 ], [ 73.211336219399641, 18.551187698108379 ], [ 73.211322723488593, 18.551182443360631 ], [ 73.211321169322218, 18.551181838232594 ], [ 73.211266107741096, 18.551103588991737 ], [ 73.211218934965018, 18.551114234580155 ], [ 73.211008183905221, 18.551161795095311 ], [ 73.210716473657442, 18.551240783155151 ], [ 73.210564268109181, 18.551279906969739 ], [ 73.210563891009599, 18.551280003901468 ], [ 73.210551488835563, 18.551343554396624 ], [ 73.210512881855891, 18.5516041158549 ], [ 73.210461120274374, 18.551735392920193 ], [ 73.210389728618054, 18.551914280504775 ], [ 73.210148188815538, 18.552238955342034 ], [ 73.210104995123686, 18.552257312367772 ], [ 73.210066134817794, 18.552310176814274 ], [ 73.209424072494812, 18.552546698038213 ], [ 73.207992403476453, 18.552757565780496 ], [ 73.207598509334275, 18.553053324029861 ], [ 73.207286204376032, 18.553272403329629 ], [ 73.206783218422004, 18.553639089695025 ], [ 73.206027833559745, 18.554162317493137 ], [ 73.202963746958233, 18.554639866311788 ], [ 73.201973230011049, 18.555575374908074 ], [ 73.200369084373392, 18.557183527822019 ], [ 73.198656437654904, 18.557832474820032 ], [ 73.19736733356882, 18.55882019588887 ], [ 73.196149993030758, 18.559523556671081 ], [ 73.195712133595293, 18.559776541834935 ], [ 73.195084273850512, 18.560128457562428 ], [ 73.193976194957827, 18.56072404919604 ], [ 73.193673759840181, 18.560875914495227 ], [ 73.191743008188837, 18.561893769764254 ], [ 73.191197941863777, 18.562181112518658 ], [ 73.19011534082847, 18.562324735632956 ], [ 73.189299006514034, 18.562726974157385 ], [ 73.188974927568495, 18.562884836991998 ], [ 73.188970733519113, 18.562886879959592 ], [ 73.188961281465026, 18.562850111454168 ], [ 73.188956062652437, 18.562829810258279 ], [ 73.188695958056257, 18.562160302716961 ], [ 73.18864578895591, 18.561038142728705 ], [ 73.188642208219846, 18.561044795459338 ], [ 73.187074645382665, 18.561247699144701 ], [ 73.186647153843751, 18.562399473652988 ], [ 73.186451111133522, 18.562979706656677 ], [ 73.186360071726199, 18.564252066389827 ], [ 73.186217897848735, 18.566325234057047 ], [ 73.185939813122104, 18.567131686055745 ], [ 73.185461303668035, 18.568554777449265 ], [ 73.185010787198394, 18.569877591302031 ], [ 73.185125310612591, 18.570337475314318 ], [ 73.185761652018471, 18.572056263659533 ], [ 73.186026272741856, 18.572888174306968 ], [ 73.186510156826671, 18.574686739544688 ], [ 73.186988347135184, 18.576897824293212 ], [ 73.187167125612007, 18.577805595756388 ], [ 73.187572043622197, 18.579417954222492 ], [ 73.18810395673114, 18.581435989907732 ], [ 73.18839825642209, 18.583014557622846 ], [ 73.18853347036594, 18.583660924420428 ], [ 73.188753511945947, 18.584750788803319 ], [ 73.189122201949431, 18.586455737061669 ], [ 73.189041494011292, 18.587333193016832 ], [ 73.188928472114071, 18.588354713045419 ], [ 73.188853143615745, 18.589276774753273 ], [ 73.188669306227951, 18.590824503572492 ], [ 73.18783541905799, 18.590372493712209 ], [ 73.187809964919268, 18.590379998300307 ], [ 73.186605913522726, 18.590734981389403 ], [ 73.18465126825896, 18.592008329196346 ], [ 73.183368004151021, 18.592849403267394 ], [ 73.183285812374265, 18.592903445796196 ], [ 73.183247690978078, 18.592928511255991 ], [ 73.183562004996418, 18.594147982564948 ], [ 73.183588578134277, 18.594251079834919 ], [ 73.183697486494282, 18.594560921679147 ], [ 73.184068397306021, 18.59615691158649 ], [ 73.184074880370247, 18.596184807249358 ], [ 73.184080608161139, 18.596209453075346 ], [ 73.184784402189166, 18.596860667507428 ], [ 73.185917812488469, 18.597923705611549 ], [ 73.186540426807142, 18.598515029702753 ], [ 73.186890130706558, 18.598844146180284 ], [ 73.186910114185423, 18.598900632202572 ], [ 73.187910706450282, 18.599911864689261 ], [ 73.187952104949488, 18.599953703044093 ] ] ] ] } },
{ "type": "Feature", "properties": { "MAHA_GVMP_": 37087, "MAHA_GVMP1": 30, "CCODE": "240009000202937300", "NAME": "Pilosari", "OTHERS": null, "VIL_CD": "02937300", "DST": "24", "TQ": "0009", "CEN_CD": "02937700", "NAME_E": "Pilosari", "T_CODE": "272409", "D_NAME": "Raigad", "T_NAME": "Sudhagad", "T_Name_Old": "Sudhagad", "D_Name_Old": "RAIGAD", "D_CODE": "2724", "Remarks": null, "Type": null, "Disputed": 0, "Shape_Leng": 0.08086706462, "Shape_Area": 0.0003490557 }, "geometry": { "type": "MultiPolygon", "coordinates": [ [ [ [ 73.224955341195994, 18.583401917685762 ], [ 73.225468842589407, 18.582215432833038 ], [ 73.22549235638246, 18.582170660947952 ], [ 73.225493567374485, 18.582168355134684 ], [ 73.22663209029929, 18.58154577016461 ], [ 73.226694581736922, 18.581425915888417 ], [ 73.227330504344309, 18.580184671317113 ], [ 73.227345224595297, 18.580178016415402 ], [ 73.227902848202802, 18.579925918245863 ], [ 73.22806075379367, 18.579826445500601 ], [ 73.228107319007393, 18.579797111662174 ], [ 73.228956955644719, 18.579147410848634 ], [ 73.22902513890358, 18.578577635949728 ], [ 73.229031012898872, 18.578528549600719 ], [ 73.229030686525107, 18.578519711205274 ], [ 73.229033981663861, 18.578485305437425 ], [ 73.228965303730661, 18.576749087532903 ], [ 73.228942586358642, 18.57644814097489 ], [ 73.228905787373662, 18.57517410346685 ], [ 73.228867673496268, 18.574678314027324 ], [ 73.228866227432377, 18.574529938422529 ], [ 73.228884412930995, 18.574088768600461 ], [ 73.228890104399454, 18.573950696350835 ], [ 73.228983412219407, 18.57386984562595 ], [ 73.229055592860448, 18.573815704900994 ], [ 73.229071474651221, 18.573803792395665 ], [ 73.229155871033583, 18.573740488884255 ], [ 73.229195173716278, 18.573711008944542 ], [ 73.229400159449881, 18.573557254070465 ], [ 73.229490285259999, 18.573489652707735 ], [ 73.229584185700162, 18.572986477859956 ], [ 73.229604352064371, 18.57284179459748 ], [ 73.229652176437469, 18.572809595211709 ], [ 73.23026843395678, 18.572378773075002 ], [ 73.230284556047991, 18.572383821849371 ], [ 73.230309737982395, 18.57236686707688 ], [ 73.230606745116688, 18.572461042687792 ], [ 73.230758839296413, 18.572680453144528 ], [ 73.230863639044287, 18.57288756378108 ], [ 73.231012502732426, 18.573126372674665 ], [ 73.231018398452591, 18.573135830642741 ], [ 73.231333020167256, 18.573007117422037 ], [ 73.231444189422405, 18.5729616373863 ], [ 73.231453682385052, 18.572957753751894 ], [ 73.23146349301436, 18.572953740157288 ], [ 73.231486875632527, 18.572945791419613 ], [ 73.231551240880776, 18.572923910940005 ], [ 73.231586324269415, 18.572911984595635 ], [ 73.231584916081317, 18.572664514298026 ], [ 73.231581993398947, 18.57215088952529 ], [ 73.231582686700904, 18.571944307810725 ], [ 73.231599033444638, 18.571751707208364 ], [ 73.231767065955921, 18.571354391155467 ], [ 73.231856587003904, 18.571179100504821 ], [ 73.231883352947477, 18.5711287351387 ], [ 73.232086289744814, 18.570545055890875 ], [ 73.232097642129986, 18.570512404459635 ], [ 73.232103781252761, 18.570388306273117 ], [ 73.232124011783981, 18.569979358581236 ], [ 73.232143530216717, 18.569584803660234 ], [ 73.232147167521759, 18.569511277235108 ], [ 73.232195537715995, 18.569430638693746 ], [ 73.232382632375618, 18.569118730068794 ], [ 73.23227421317381, 18.569017859046482 ], [ 73.231317734410936, 18.56812796277336 ], [ 73.229992293914393, 18.566698201957138 ], [ 73.229723043569891, 18.566272761435584 ], [ 73.228854908917015, 18.56490101106931 ], [ 73.228721931438542, 18.564759042839796 ], [ 73.228622504588714, 18.564652893417531 ], [ 73.2285314583998, 18.564555691138082 ], [ 73.228526030419971, 18.564549896140363 ], [ 73.227501869113439, 18.563456475375403 ], [ 73.22685692925387, 18.562793202576756 ], [ 73.226679934410186, 18.562649105914886 ], [ 73.226219867862653, 18.562128617495034 ], [ 73.225361813590041, 18.561369653615372 ], [ 73.225262150783351, 18.561281499444817 ], [ 73.225256746741309, 18.561276719434488 ], [ 73.224980395000728, 18.561372955903948 ], [ 73.224888626537336, 18.561413529361459 ], [ 73.224841737204201, 18.561434260449573 ], [ 73.224618369724681, 18.561533017242709 ], [ 73.224502851336013, 18.561584090892723 ], [ 73.224852024484562, 18.562991005127799 ], [ 73.224782592116583, 18.563113838187633 ], [ 73.224334996838252, 18.563905675792341 ], [ 73.224312131732006, 18.563958817871878 ], [ 73.224139883211649, 18.564359149192001 ], [ 73.224139345103993, 18.564359168803492 ], [ 73.224043799885294, 18.564362650943053 ], [ 73.224000125518955, 18.564376266214424 ], [ 73.223886176672863, 18.564436496595476 ], [ 73.22360684635737, 18.564636916173868 ], [ 73.223603777119365, 18.564639118348111 ], [ 73.223578507124159, 18.564657249531933 ], [ 73.222888826559767, 18.565200095891441 ], [ 73.222739424955478, 18.56531768884463 ], [ 73.221944266773505, 18.566151254704664 ], [ 73.221928204586902, 18.566170010060887 ], [ 73.221789188102719, 18.56622119095988 ], [ 73.220853080357585, 18.566594523829565 ], [ 73.21974855284617, 18.566973982583932 ], [ 73.219745909851554, 18.566974935193116 ], [ 73.218972959300174, 18.567253526185198 ], [ 73.218634002844738, 18.567384294953968 ], [ 73.218095160149289, 18.567554211355116 ], [ 73.218084289958142, 18.567577031259304 ], [ 73.217622462539168, 18.568546544079538 ], [ 73.217262195193257, 18.569336574715464 ], [ 73.217083457617093, 18.569433857013564 ], [ 73.216242225783731, 18.569891714259029 ], [ 73.215456543898654, 18.570297960573498 ], [ 73.215174307691086, 18.570441218542555 ], [ 73.215106802530158, 18.570478796902535 ], [ 73.21423068552491, 18.570931795076433 ], [ 73.213899476550523, 18.571097453124423 ], [ 73.213784074617706, 18.571155172541012 ], [ 73.213576688319733, 18.571277949315913 ], [ 73.213513054321766, 18.571410049331121 ], [ 73.213446080316544, 18.5715490827385 ], [ 73.213319432936657, 18.571844972857434 ], [ 73.212534705571102, 18.573678330414964 ], [ 73.21226161289394, 18.574311772296994 ], [ 73.212096517919974, 18.574735865497757 ], [ 73.211990784785542, 18.57493995644046 ], [ 73.211795623658986, 18.575392628368149 ], [ 73.211473332330229, 18.576137501818209 ], [ 73.211320002212233, 18.576545796919731 ], [ 73.211031371134766, 18.577154342081542 ], [ 73.2103754037866, 18.57881086635183 ], [ 73.209454474415963, 18.580951238901434 ], [ 73.209311398685372, 18.581306098893322 ], [ 73.209230475498259, 18.581504785291486 ], [ 73.209181823517667, 18.581660870408768 ], [ 73.209196964394323, 18.581688785402832 ], [ 73.20922087977209, 18.581732877784304 ], [ 73.20932279651845, 18.581877097602273 ], [ 73.209961333551973, 18.582832683021934 ], [ 73.210554354111025, 18.583616832205735 ], [ 73.210647802706376, 18.583740398155214 ], [ 73.211098898220598, 18.584321404435798 ], [ 73.211207229563229, 18.584457371128849 ], [ 73.211258561914917, 18.58452358061578 ], [ 73.211256916436867, 18.584524929045074 ], [ 73.211188787050105, 18.584580759382391 ], [ 73.210407618138163, 18.585099731408263 ], [ 73.20984932454013, 18.585489080675416 ], [ 73.209938790763033, 18.585559061174536 ], [ 73.20996588217713, 18.585580781621104 ], [ 73.210293979026176, 18.585801240359842 ], [ 73.210667549981338, 18.586052253212983 ], [ 73.210748199693626, 18.586101361476608 ], [ 73.211487003432353, 18.58655923382571 ], [ 73.212121066211182, 18.586932214116644 ], [ 73.212541883543281, 18.587179753099349 ], [ 73.212631398685232, 18.587243743218323 ], [ 73.214387624191602, 18.588499167038549 ], [ 73.214394539783257, 18.588499193671623 ], [ 73.216007347439188, 18.588505397938206 ], [ 73.216644808493811, 18.58834860381279 ], [ 73.216650873024719, 18.588347112129043 ], [ 73.217976670498672, 18.588035232711832 ], [ 73.218284941806189, 18.587929507067599 ], [ 73.21893483134852, 18.587706616942398 ], [ 73.21950820276362, 18.587222982805031 ], [ 73.220087627127043, 18.586734238498479 ], [ 73.221652218091378, 18.585640575120351 ], [ 73.222552679687169, 18.584998474978022 ], [ 73.22377193133326, 18.584199219424193 ], [ 73.224942241946167, 18.583432184285527 ], [ 73.224955341195994, 18.583401917685762 ] ] ] ] } },
{ "type": "Feature", "properties": { "MAHA_GVMP_": 37128, "MAHA_GVMP1": 56, "CCODE": "240009000202937400", "NAME": "Unhere Bk", "OTHERS": null, "VIL_CD": "02937400", "DST": "24", "TQ": "0009", "CEN_CD": "02937800", "NAME_E": "Unhere Bk", "T_CODE": "272409", "D_NAME": "Raigad", "T_NAME": "Sudhagad", "T_Name_Old": "Sudhagad", "D_Name_Old": "RAIGAD", "D_CODE": "2724", "Remarks": null, "Type": null, "Disputed": 0, "Shape_Leng": 0.08607822084, "Shape_Area": 0.00024130396 }, "geometry": { "type": "MultiPolygon", "coordinates": [ [ [ [ 73.200172762332784, 18.581173316380841 ], [ 73.200297318901391, 18.581427496564459 ], [ 73.200446719838567, 18.581696624567712 ], [ 73.200518855244638, 18.581841212464894 ], [ 73.200845271704907, 18.582426499871701 ], [ 73.20104654853958, 18.582808608384539 ], [ 73.201077982364552, 18.582820551673024 ], [ 73.202022163499919, 18.583237084304869 ], [ 73.202247996272718, 18.583320232293318 ], [ 73.20244035840193, 18.583400587814822 ], [ 73.202452248092413, 18.583395434220449 ], [ 73.20263003315074, 18.58331837304064 ], [ 73.202866259015536, 18.583216220181839 ], [ 73.203230240085929, 18.583068492549558 ], [ 73.203718383678108, 18.58287454365194 ], [ 73.203897596380955, 18.582799237886206 ], [ 73.20490791650343, 18.58242305088055 ], [ 73.205778243350096, 18.58209898392613 ], [ 73.206542606101891, 18.581814335059335 ], [ 73.20769727188582, 18.581399865317792 ], [ 73.208753139985618, 18.581587341599402 ], [ 73.208891342481138, 18.581614935252446 ], [ 73.209019843424699, 18.58163469554097 ], [ 73.209168268090139, 18.581657519494229 ], [ 73.209181074105572, 18.581659488729315 ], [ 73.209181823517667, 18.581660870408768 ], [ 73.209230475498259, 18.581504785291486 ], [ 73.209311398685372, 18.581306098893322 ], [ 73.209454474415963, 18.580951238901434 ], [ 73.2103754037866, 18.57881086635183 ], [ 73.211031371134766, 18.577154342081542 ], [ 73.211320002212233, 18.576545796919731 ], [ 73.211473332330229, 18.576137501818209 ], [ 73.211795623658986, 18.575392628368149 ], [ 73.211990784785542, 18.57493995644046 ], [ 73.212096517919974, 18.574735865497757 ], [ 73.21226161289394, 18.574311772296994 ], [ 73.212534705571102, 18.573678330414964 ], [ 73.213319432936657, 18.571844972857434 ], [ 73.213446080316544, 18.5715490827385 ], [ 73.213513054321766, 18.571410049331121 ], [ 73.213576688319733, 18.571277949315913 ], [ 73.213784074617706, 18.571155172541012 ], [ 73.213899476550523, 18.571097453124423 ], [ 73.21423068552491, 18.570931795076433 ], [ 73.215106802530158, 18.570478796902535 ], [ 73.215174307691086, 18.570441218542555 ], [ 73.215456543898654, 18.570297960573498 ], [ 73.216242225783731, 18.569891714259029 ], [ 73.217083457617093, 18.569433857013564 ], [ 73.217262195193257, 18.569336574715464 ], [ 73.217622462539168, 18.568546544079538 ], [ 73.218084289958142, 18.567577031259304 ], [ 73.218095160149289, 18.567554211355116 ], [ 73.218634002844738, 18.567384294953968 ], [ 73.218972959300174, 18.567253526185198 ], [ 73.219745909851554, 18.566974935193116 ], [ 73.21974855284617, 18.566973982583932 ], [ 73.220853080357585, 18.566594523829565 ], [ 73.221789188102719, 18.56622119095988 ], [ 73.221928204586902, 18.566170010060887 ], [ 73.221944266773505, 18.566151254704664 ], [ 73.222739424955478, 18.56531768884463 ], [ 73.222888826559767, 18.565200095891441 ], [ 73.223578507124159, 18.564657249531933 ], [ 73.223603777119365, 18.564639118348111 ], [ 73.22360684635737, 18.564636916173868 ], [ 73.223886176672863, 18.564436496595476 ], [ 73.224000125518955, 18.564376266214424 ], [ 73.224043799885294, 18.564362650943053 ], [ 73.224139345103993, 18.564359168803492 ], [ 73.224139883211649, 18.564359149192001 ], [ 73.224312131732006, 18.563958817871878 ], [ 73.224334996838252, 18.563905675792341 ], [ 73.224782592116583, 18.563113838187633 ], [ 73.224852024484562, 18.562991005127799 ], [ 73.224502851336013, 18.561584090892723 ], [ 73.224618369724681, 18.561533017242709 ], [ 73.224841737204201, 18.561434260449573 ], [ 73.224888626537336, 18.561413529361459 ], [ 73.224980395000728, 18.561372955903948 ], [ 73.225256746741309, 18.561276719434488 ], [ 73.224678130228767, 18.560764916204846 ], [ 73.224042551708294, 18.560202722830127 ], [ 73.223991504273215, 18.560139025669855 ], [ 73.223534802151903, 18.559820998473128 ], [ 73.222754411692449, 18.5587702749404 ], [ 73.222524983179824, 18.558309069520931 ], [ 73.221080754451407, 18.555405765448938 ], [ 73.220740474883144, 18.555445794635318 ], [ 73.220657801604773, 18.55545551990798 ], [ 73.220159034384039, 18.555353363708036 ], [ 73.219839835830555, 18.555170101562169 ], [ 73.219260588725888, 18.555201197300391 ], [ 73.219257718707354, 18.555203000573158 ], [ 73.219163112090428, 18.555219149386971 ], [ 73.218995187531334, 18.555326776854258 ], [ 73.21883073208727, 18.555490820879413 ], [ 73.218612875591361, 18.555714628285955 ], [ 73.218277850689844, 18.5561249764487 ], [ 73.218164224949589, 18.556279996494368 ], [ 73.218095152737476, 18.556346654700974 ], [ 73.217621450938623, 18.556803799005081 ], [ 73.217594643520442, 18.556935298929091 ], [ 73.217555657653804, 18.557126538105592 ], [ 73.217519992630002, 18.557301487015707 ], [ 73.217000914578193, 18.557592605922309 ], [ 73.216859101580383, 18.557566439417599 ], [ 73.216685892910391, 18.557531094451008 ], [ 73.216599411210893, 18.557526790622774 ], [ 73.216436232232297, 18.557564489164463 ], [ 73.216304918521473, 18.557602796734216 ], [ 73.215673373296454, 18.557781859499528 ], [ 73.215354624112422, 18.55795268353728 ], [ 73.215260251964651, 18.558075289034264 ], [ 73.214438976965369, 18.558556192388721 ], [ 73.214282396215935, 18.558808653027768 ], [ 73.214265266997018, 18.558836271015707 ], [ 73.21425230323058, 18.558923970652017 ], [ 73.214243163601793, 18.558985800014113 ], [ 73.214183941455303, 18.559386435266561 ], [ 73.214004987468911, 18.559765237373199 ], [ 73.213692457523734, 18.560223471692666 ], [ 73.213418498956798, 18.560604527163775 ], [ 73.213335687823189, 18.560704361605474 ], [ 73.213283323628616, 18.560742302415406 ], [ 73.213054078848131, 18.560908402808593 ], [ 73.212918684233102, 18.561006503336444 ], [ 73.21262058902613, 18.561222488271142 ], [ 73.212214679302861, 18.561789744256771 ], [ 73.211967116186031, 18.562002908892907 ], [ 73.211750919920689, 18.562189064348047 ], [ 73.211310343953699, 18.56232402019225 ], [ 73.211124876961492, 18.562357099116923 ], [ 73.211123343651138, 18.562357372589361 ], [ 73.20980901687966, 18.562591783463915 ], [ 73.209351304169047, 18.56308932425577 ], [ 73.209076324227681, 18.563918003986657 ], [ 73.208902165597237, 18.564721980383013 ], [ 73.208900721684699, 18.564725092405297 ], [ 73.208812097363818, 18.564916101551262 ], [ 73.208811016453183, 18.564918431200226 ], [ 73.208217139250792, 18.565254552464751 ], [ 73.207961179987251, 18.565522115978524 ], [ 73.207608269722357, 18.565562343749832 ], [ 73.207325377315385, 18.565914622399475 ], [ 73.207316186397009, 18.566247038893266 ], [ 73.207464693849204, 18.566813523121311 ], [ 73.206608129519509, 18.567876955924817 ], [ 73.206587649938456, 18.567902381310375 ], [ 73.206571310780532, 18.567977119247644 ], [ 73.206416384336364, 18.568685774400649 ], [ 73.206396684858987, 18.568775882125124 ], [ 73.206419241933929, 18.568836405694924 ], [ 73.20646796234297, 18.568967128742258 ], [ 73.206654176022653, 18.569466761737488 ], [ 73.206814780823379, 18.569793694533189 ], [ 73.20701437796663, 18.57013775767399 ], [ 73.207101256199621, 18.570287516821168 ], [ 73.2074114027468, 18.570369894558667 ], [ 73.207489594638503, 18.571959443958519 ], [ 73.207519303405547, 18.572563380539407 ], [ 73.207635644622883, 18.572704704428531 ], [ 73.207712924227508, 18.572798578593336 ], [ 73.207891858232358, 18.57301593529769 ], [ 73.208252887094602, 18.573306876131824 ], [ 73.208419363787129, 18.573441033447637 ], [ 73.208392462788197, 18.573913764580084 ], [ 73.207850870050947, 18.574544110192619 ], [ 73.207705189503315, 18.574686139710025 ], [ 73.207611219384376, 18.574777754574654 ], [ 73.207607595272862, 18.574781287849135 ], [ 73.207596947407183, 18.574787281331453 ], [ 73.207368717913027, 18.574915747156467 ], [ 73.206895123995309, 18.575182322219291 ], [ 73.206670584047288, 18.575308709857268 ], [ 73.206558834058967, 18.575377731598621 ], [ 73.205048573136423, 18.576310523663039 ], [ 73.20495205350062, 18.576437916827331 ], [ 73.204111354296117, 18.577547518537585 ], [ 73.203895103677269, 18.577832935225899 ], [ 73.203289879909505, 18.578591324290528 ], [ 73.203275489450505, 18.578609356468405 ], [ 73.203044611376527, 18.578681606671523 ], [ 73.201850408790108, 18.579055310913134 ], [ 73.201792135088681, 18.579075480028564 ], [ 73.20045933761827, 18.579558599511699 ], [ 73.200329258708678, 18.580155033736162 ], [ 73.200127828796951, 18.581109615253808 ], [ 73.200126921294611, 18.581113915905576 ], [ 73.200143650074608, 18.581135592939972 ], [ 73.200172762332784, 18.581173316380841 ] ] ] ] } },
{ "type": "Feature", "properties": { "MAHA_GVMP_": 37203, "MAHA_GVMP1": 113, "CCODE": "240009000202938500", "NAME": "Rasal", "OTHERS": null, "VIL_CD": "02938500", "DST": "24", "TQ": "0009", "CEN_CD": "02938900", "NAME_E": "Rasal", "T_CODE": "272409", "D_NAME": "Raigad", "T_NAME": "Sudhagad", "T_Name_Old": "Sudhagad", "D_Name_Old": "RAIGAD", "D_CODE": "2724", "Remarks": null, "Type": null, "Disputed": 0, "Shape_Leng": 0.11350394209, "Shape_Area": 0.00060348509 }, "geometry": { "type": "MultiPolygon", "coordinates": [ [ [ [ 73.237959128506077, 18.574900937508744 ], [ 73.238066748717301, 18.574852698415157 ], [ 73.238286783497358, 18.574661146683525 ], [ 73.23845109034886, 18.574708053885558 ], [ 73.238492132653732, 18.57471977083685 ], [ 73.238782505925997, 18.574586937077413 ], [ 73.238796041350668, 18.574565520852161 ], [ 73.238871659626398, 18.574445874839228 ], [ 73.238883208921607, 18.574433376149898 ], [ 73.238994219016263, 18.574313240499976 ], [ 73.239037930009829, 18.574273587011703 ], [ 73.239299849844258, 18.574035979480868 ], [ 73.239306050075527, 18.574005039350254 ], [ 73.2393557466728, 18.573757045093998 ], [ 73.239358194427496, 18.573464625792099 ], [ 73.239322973492676, 18.573303295446919 ], [ 73.239295214354058, 18.573176143818671 ], [ 73.239155471126082, 18.572658393422671 ], [ 73.23918544454466, 18.572599689508934 ], [ 73.23944928595148, 18.572154846662841 ], [ 73.239447943221649, 18.572140715462069 ], [ 73.239427392461266, 18.57192443422008 ], [ 73.239576804614671, 18.571046830785747 ], [ 73.239632080925503, 18.570722151547727 ], [ 73.23991680125107, 18.570567319412362 ], [ 73.240004895981826, 18.570519412975841 ], [ 73.240137133970734, 18.570447501046317 ], [ 73.240238646307262, 18.570261853162378 ], [ 73.240402437535124, 18.57014481862177 ], [ 73.240642477532219, 18.570028847843503 ], [ 73.240806284830455, 18.570008684093921 ], [ 73.241111257015575, 18.569971143356668 ], [ 73.241111749835568, 18.569971315929195 ], [ 73.241180860088207, 18.569938423212875 ], [ 73.241891753728169, 18.570012518599242 ], [ 73.241917299319596, 18.570015181127417 ], [ 73.24202379728041, 18.570008520264082 ], [ 73.242056816336913, 18.570007520420518 ], [ 73.24284532010887, 18.569983642127568 ], [ 73.243016354544523, 18.569814569509447 ], [ 73.243093645154374, 18.569738165285685 ], [ 73.243186956817624, 18.569650881820792 ], [ 73.243285259920015, 18.569559266084809 ], [ 73.243693959669258, 18.569349844703254 ], [ 73.24377722182021, 18.569307180266264 ], [ 73.244139120494594, 18.569115375377351 ], [ 73.244232079594781, 18.569076564429793 ], [ 73.24505538040097, 18.568732828946509 ], [ 73.245452232683022, 18.568642129332488 ], [ 73.246012195259937, 18.568633464441973 ], [ 73.247038229656937, 18.568417447356012 ], [ 73.248011451241894, 18.568198473817517 ], [ 73.248707986802856, 18.567907257584125 ], [ 73.248750262678641, 18.567889582246835 ], [ 73.248828430472997, 18.567841779599348 ], [ 73.248974337826382, 18.567752551417868 ], [ 73.249455677671676, 18.567429531442826 ], [ 73.250041533438434, 18.56705645547521 ], [ 73.250234337816437, 18.566933675900771 ], [ 73.25081953435955, 18.566679219483945 ], [ 73.251766759479381, 18.566282776786807 ], [ 73.252018976269255, 18.566156675616583 ], [ 73.252094491729792, 18.565981146390584 ], [ 73.252190701361712, 18.565757514765892 ], [ 73.252773608521238, 18.565755924334667 ], [ 73.252853604097425, 18.56574393823189 ], [ 73.252921331084281, 18.565733790360184 ], [ 73.253087226384309, 18.565767464430451 ], [ 73.253762623862315, 18.565509189897682 ], [ 73.254057001977799, 18.565400600362466 ], [ 73.25410327804326, 18.565383530097392 ], [ 73.254487009371587, 18.565253106290186 ], [ 73.255837708950423, 18.564810104941728 ], [ 73.256771821463644, 18.564554864794616 ], [ 73.256953023432629, 18.564508749316985 ], [ 73.257234782017122, 18.564437042021211 ], [ 73.257376692986099, 18.564313001746143 ], [ 73.257457758019541, 18.564242145015157 ], [ 73.257965199409284, 18.563774811635881 ], [ 73.258058458965593, 18.563688651640632 ], [ 73.258126353035891, 18.563691469534092 ], [ 73.259141202813794, 18.563368210480292 ], [ 73.259172854344797, 18.563358128443554 ], [ 73.259309717271833, 18.562919483157771 ], [ 73.259334151606026, 18.562870982893514 ], [ 73.259382502818994, 18.562840580050988 ], [ 73.2607226021222, 18.561997927468042 ], [ 73.26074872280077, 18.561981502644585 ], [ 73.260853347912359, 18.56191571374211 ], [ 73.261493041450365, 18.561619738543072 ], [ 73.262488256401866, 18.561276819417117 ], [ 73.262802744662736, 18.561191672331802 ], [ 73.263243593725008, 18.560384667545634 ], [ 73.26307890331492, 18.559964446488038 ], [ 73.262945391910137, 18.559342064816462 ], [ 73.262899763262965, 18.559313237850574 ], [ 73.262358969571039, 18.558971577197383 ], [ 73.262354301274343, 18.558905779064446 ], [ 73.262251835042377, 18.557461537801998 ], [ 73.262246347764915, 18.557431138178231 ], [ 73.262023260433011, 18.55619522069162 ], [ 73.261845555712739, 18.554972161298849 ], [ 73.261763564756336, 18.554554257417408 ], [ 73.261777280388515, 18.554502249109532 ], [ 73.261778468496971, 18.55449774391883 ], [ 73.261789378847425, 18.55445637293343 ], [ 73.261930867502542, 18.553997765087502 ], [ 73.262169324433728, 18.553108348338185 ], [ 73.262256446596382, 18.55275988595514 ], [ 73.262418217286211, 18.552107374218053 ], [ 73.262194945580177, 18.551998093987834 ], [ 73.262128249277112, 18.551960146569343 ], [ 73.26155721134603, 18.551675009320377 ], [ 73.260748367342728, 18.551942981321076 ], [ 73.260408436904811, 18.552052344692243 ], [ 73.26005784044537, 18.552258329358381 ], [ 73.259976031195663, 18.552301886058274 ], [ 73.259945706854751, 18.552318031262018 ], [ 73.259775168313467, 18.55227845278074 ], [ 73.259630885726494, 18.552259237592011 ], [ 73.258011322072264, 18.552059104860859 ], [ 73.257842402854124, 18.552020071696234 ], [ 73.257710897134757, 18.551989683773797 ], [ 73.257164936708023, 18.551849039368904 ], [ 73.256928523917168, 18.551776673208906 ], [ 73.256902423409599, 18.551781412896105 ], [ 73.256882180740376, 18.551776198132188 ], [ 73.256131294453894, 18.551910855661959 ], [ 73.255615487223224, 18.551687763044185 ], [ 73.254679219736374, 18.551323406727477 ], [ 73.254509246163536, 18.551261504854892 ], [ 73.254472124612221, 18.551247985706254 ], [ 73.25397881937198, 18.551042828566779 ], [ 73.25358997730342, 18.550894558353946 ], [ 73.252448672811795, 18.550436900200793 ], [ 73.251711948403397, 18.550072645263867 ], [ 73.251502483099955, 18.549964399653845 ], [ 73.251217261288446, 18.549819538869883 ], [ 73.250705793412919, 18.549559768693143 ], [ 73.250222499616825, 18.549306115811135 ], [ 73.250047323459, 18.549225098447664 ], [ 73.249721082701058, 18.549056324943876 ], [ 73.249539346369261, 18.549024778157843 ], [ 73.248385844124641, 18.548749181107439 ], [ 73.248377231606071, 18.548746096817979 ], [ 73.248179363608529, 18.548657151432906 ], [ 73.247467055422078, 18.548418807505186 ], [ 73.247463828279592, 18.548417727670483 ], [ 73.247378052062743, 18.548389026045243 ], [ 73.247230070705257, 18.548247410549891 ], [ 73.246852110389739, 18.54814639417134 ], [ 73.245508296628145, 18.547839488027989 ], [ 73.245294430832132, 18.547790643427277 ], [ 73.245282545332259, 18.547787928901585 ], [ 73.245233066344099, 18.547730161537402 ], [ 73.24497847984054, 18.547432927648515 ], [ 73.244807679956466, 18.547392122444137 ], [ 73.244426305825982, 18.547301009053854 ], [ 73.244359656768324, 18.547288422372333 ], [ 73.244296986866686, 18.547276587131591 ], [ 73.244133136560038, 18.547231525671805 ], [ 73.243926437315281, 18.547174679831073 ], [ 73.243795590388231, 18.547154586864508 ], [ 73.243441842252878, 18.547100264520168 ], [ 73.242926335085826, 18.546960680359234 ], [ 73.242593048967478, 18.546891009906517 ], [ 73.242233111163273, 18.546863169644553 ], [ 73.241552889287107, 18.546816148878236 ], [ 73.241164885522721, 18.546794128076499 ], [ 73.241141967184035, 18.546778768229615 ], [ 73.240909933630917, 18.546623259269381 ], [ 73.24003860269039, 18.546024284754424 ], [ 73.239464982693733, 18.545129730265842 ], [ 73.239372190852293, 18.545011825848917 ], [ 73.239253283515723, 18.544831046456409 ], [ 73.238964497427844, 18.544493794478058 ], [ 73.238843107903506, 18.54435203207305 ], [ 73.237982509943095, 18.544154217186417 ], [ 73.237321225115863, 18.543937396599176 ], [ 73.237295455333481, 18.54392088893303 ], [ 73.236940907221026, 18.543693771012101 ], [ 73.235990252695785, 18.543107468512915 ], [ 73.235586584092005, 18.542319751386913 ], [ 73.23517127963396, 18.542057439937366 ], [ 73.234905308489488, 18.541889448359029 ], [ 73.234712604307617, 18.541765636252308 ], [ 73.234391240139075, 18.543063860324764 ], [ 73.234371748419733, 18.543927428913321 ], [ 73.234271376834045, 18.544049947271617 ], [ 73.233976909317732, 18.544493589611704 ], [ 73.233673552468929, 18.54477967553413 ], [ 73.23335450494983, 18.545169114330349 ], [ 73.233260910008084, 18.545283358632389 ], [ 73.233014706494714, 18.545583879781873 ], [ 73.23239304668715, 18.546203075628796 ], [ 73.231940855511596, 18.54665347042652 ], [ 73.232239152727857, 18.547168248028925 ], [ 73.232485658226381, 18.547593644903827 ], [ 73.232864478158092, 18.548425787345536 ], [ 73.232876859608609, 18.548452985158235 ], [ 73.232898105759944, 18.548499655665694 ], [ 73.232972213328367, 18.548776400929569 ], [ 73.233382158349229, 18.548812269636528 ], [ 73.233382302017958, 18.548822189083467 ], [ 73.233391427655079, 18.549452256424502 ], [ 73.233432825780199, 18.549904338526744 ], [ 73.233389585164673, 18.550111439561761 ], [ 73.233372784578137, 18.55019190587285 ], [ 73.233523878279073, 18.550739191222533 ], [ 73.233537310265774, 18.550787843832097 ], [ 73.233513071478455, 18.551488948333315 ], [ 73.233496803372475, 18.551514555589051 ], [ 73.233291168874246, 18.551862063707688 ], [ 73.233172687980357, 18.552168098973596 ], [ 73.232966794200479, 18.552699918281292 ], [ 73.232955296347143, 18.552754102210258 ], [ 73.232921678793048, 18.552912525596867 ], [ 73.232882028989422, 18.553193638649191 ], [ 73.232716352342834, 18.553938881384056 ], [ 73.232568974492608, 18.554217923200952 ], [ 73.232567917267374, 18.554220392539946 ], [ 73.232547377989192, 18.554268365686823 ], [ 73.232459426113564, 18.554726700054459 ], [ 73.232353212673559, 18.555177060739766 ], [ 73.232085982189915, 18.555706961770682 ], [ 73.232022159813425, 18.556045783938544 ], [ 73.232007210680649, 18.55611257933333 ], [ 73.231997455161547, 18.556176936375209 ], [ 73.231867780632342, 18.556865351155125 ], [ 73.231654997333237, 18.557069139753935 ], [ 73.231613208295926, 18.557298828325543 ], [ 73.231636432412984, 18.557450797580316 ], [ 73.231709723052688, 18.557930380166795 ], [ 73.23173323897737, 18.557922729040797 ], [ 73.231877186569307, 18.557875894266715 ], [ 73.231894200100896, 18.557870358736807 ], [ 73.231980460525619, 18.558160956896188 ], [ 73.231994359093449, 18.558207778946439 ], [ 73.231665232152466, 18.558603226769037 ], [ 73.231345412565304, 18.558987489447759 ], [ 73.231330978589654, 18.559004831790958 ], [ 73.231349755539441, 18.559077261981201 ], [ 73.231454863005808, 18.559482702261619 ], [ 73.231461113314708, 18.559506812065194 ], [ 73.231475844502199, 18.559563635795485 ], [ 73.231479711753934, 18.559635830335253 ], [ 73.23157297214965, 18.560282779222916 ], [ 73.231578976703645, 18.560324432742334 ], [ 73.231579433911975, 18.560327604389613 ], [ 73.231418046174099, 18.560579012313781 ], [ 73.231354090747004, 18.56067864108428 ], [ 73.231378375841302, 18.560862610925597 ], [ 73.231439715868248, 18.561184953832651 ], [ 73.231395161343698, 18.561358458304596 ], [ 73.231354726872667, 18.561515918126986 ], [ 73.231304673523653, 18.561710835346616 ], [ 73.231213653494592, 18.562065283398681 ], [ 73.231018188037638, 18.56263883459826 ], [ 73.230886036518598, 18.562730271071246 ], [ 73.230860150813271, 18.56281095627287 ], [ 73.230850777771877, 18.562840171826963 ], [ 73.230789253357557, 18.563031941750239 ], [ 73.23080794220391, 18.563177366742821 ], [ 73.230864116039811, 18.563664467630304 ], [ 73.230719730006001, 18.564055629787163 ], [ 73.230451144055905, 18.564060159515577 ], [ 73.230208736555426, 18.564064247414308 ], [ 73.229964778430258, 18.564111904665594 ], [ 73.229874548264547, 18.564227551499926 ], [ 73.229665357432225, 18.564181727304515 ], [ 73.229486521397519, 18.564142552261558 ], [ 73.229021868354721, 18.564331134422616 ], [ 73.228985754733856, 18.56437205789257 ], [ 73.228941623457956, 18.564422066825216 ], [ 73.228918195330266, 18.564439013010485 ], [ 73.228845269783221, 18.564491761950251 ], [ 73.228715340773988, 18.56458574282243 ], [ 73.228622504588714, 18.564652893417531 ], [ 73.228721931438542, 18.564759042839796 ], [ 73.228854908917015, 18.56490101106931 ], [ 73.229723043569891, 18.566272761435584 ], [ 73.229992293914393, 18.566698201957138 ], [ 73.231317734410936, 18.56812796277336 ], [ 73.23227421317381, 18.569017859046482 ], [ 73.232382632375618, 18.569118730068794 ], [ 73.232663869288444, 18.569628279262929 ], [ 73.233515694431333, 18.570431981383592 ], [ 73.234634164686952, 18.571388561342474 ], [ 73.235558255167518, 18.571992181096277 ], [ 73.236261931658987, 18.572713052400616 ], [ 73.237079830337393, 18.573502548302713 ], [ 73.23757744047748, 18.574587912508889 ], [ 73.237600547524607, 18.574640813498775 ], [ 73.237757931800729, 18.575001126177142 ], [ 73.237959128506077, 18.574900937508744 ] ] ] ] } },
{ "type": "Feature", "properties": { "MAHA_GVMP_": 37266, "MAHA_GVMP1": 44, "CCODE": "240009000202938300", "NAME": "Ambole", "OTHERS": null, "VIL_CD": "02938300", "DST": "24", "TQ": "0009", "CEN_CD": "02938700", "NAME_E": "Ambole", "T_CODE": "272409", "D_NAME": "Raigad", "T_NAME": "Sudhagad", "T_Name_Old": "Sudhagad", "D_Name_Old": "RAIGAD", "D_CODE": "2724", "Remarks": null, "Type": null, "Disputed": 0, "Shape_Leng": 0.04652053359, "Shape_Area": 7.869939e-05 }, "geometry": { "type": "MultiPolygon", "coordinates": [ [ [ [ 73.2285314583998, 18.564555691138082 ], [ 73.228622504588714, 18.564652893417531 ], [ 73.228715340773988, 18.56458574282243 ], [ 73.228845269783221, 18.564491761950251 ], [ 73.228918195330266, 18.564439013010485 ], [ 73.228941623457956, 18.564422066825216 ], [ 73.228985754733856, 18.56437205789257 ], [ 73.229021868354721, 18.564331134422616 ], [ 73.229486521397519, 18.564142552261558 ], [ 73.229665357432225, 18.564181727304515 ], [ 73.229874548264547, 18.564227551499926 ], [ 73.229964778430258, 18.564111904665594 ], [ 73.230208736555426, 18.564064247414308 ], [ 73.230451144055905, 18.564060159515577 ], [ 73.230719730006001, 18.564055629787163 ], [ 73.230864116039811, 18.563664467630304 ], [ 73.23080794220391, 18.563177366742821 ], [ 73.230789253357557, 18.563031941750239 ], [ 73.230850777771877, 18.562840171826963 ], [ 73.230860150813271, 18.56281095627287 ], [ 73.230886036518598, 18.562730271071246 ], [ 73.231018188037638, 18.56263883459826 ], [ 73.231213653494592, 18.562065283398681 ], [ 73.231304673523653, 18.561710835346616 ], [ 73.231354726872667, 18.561515918126986 ], [ 73.231395161343698, 18.561358458304596 ], [ 73.231439715868248, 18.561184953832651 ], [ 73.231378375841302, 18.560862610925597 ], [ 73.231354090747004, 18.56067864108428 ], [ 73.231418046174099, 18.560579012313781 ], [ 73.231579433911975, 18.560327604389613 ], [ 73.231578976703645, 18.560324432742334 ], [ 73.23157297214965, 18.560282779222916 ], [ 73.231479711753934, 18.559635830335253 ], [ 73.231475844502199, 18.559563635795485 ], [ 73.231461113314708, 18.559506812065194 ], [ 73.231454863005808, 18.559482702261619 ], [ 73.231349755539441, 18.559077261981201 ], [ 73.231330978589654, 18.559004831790958 ], [ 73.231345412565304, 18.558987489447759 ], [ 73.231665232152466, 18.558603226769037 ], [ 73.231994359093449, 18.558207778946439 ], [ 73.231980460525619, 18.558160956896188 ], [ 73.231894200100896, 18.557870358736807 ], [ 73.231877186569307, 18.557875894266715 ], [ 73.23173323897737, 18.557922729040797 ], [ 73.231709723052688, 18.557930380166795 ], [ 73.231636432412984, 18.557450797580316 ], [ 73.231613208295926, 18.557298828325543 ], [ 73.231654997333237, 18.557069139753935 ], [ 73.231867780632342, 18.556865351155125 ], [ 73.231997455161547, 18.556176936375209 ], [ 73.232007210680649, 18.55611257933333 ], [ 73.232022159813425, 18.556045783938544 ], [ 73.232085982189915, 18.555706961770682 ], [ 73.232353212673559, 18.555177060739766 ], [ 73.232459426113564, 18.554726700054459 ], [ 73.232547377989192, 18.554268365686823 ], [ 73.232567917267374, 18.554220392539946 ], [ 73.232568974492608, 18.554217923200952 ], [ 73.232716352342834, 18.553938881384056 ], [ 73.232882028989422, 18.553193638649191 ], [ 73.232921678793048, 18.552912525596867 ], [ 73.232955296347143, 18.552754102210258 ], [ 73.232966794200479, 18.552699918281292 ], [ 73.233172687980357, 18.552168098973596 ], [ 73.233291168874246, 18.551862063707688 ], [ 73.233496803372475, 18.551514555589051 ], [ 73.233513071478455, 18.551488948333315 ], [ 73.233537310265774, 18.550787843832097 ], [ 73.233523878279073, 18.550739191222533 ], [ 73.233372784578137, 18.55019190587285 ], [ 73.233389585164673, 18.550111439561761 ], [ 73.233432825780199, 18.549904338526744 ], [ 73.233391427655079, 18.549452256424502 ], [ 73.233382302017958, 18.548822189083467 ], [ 73.233382158349229, 18.548812269636528 ], [ 73.232972213328367, 18.548776400929569 ], [ 73.232898105759944, 18.548499655665694 ], [ 73.232876859608609, 18.548452985158235 ], [ 73.232864478158092, 18.548425787345536 ], [ 73.232485658226381, 18.547593644903827 ], [ 73.232239152727857, 18.547168248028925 ], [ 73.231940855511596, 18.54665347042652 ], [ 73.231761889467521, 18.546831724553044 ], [ 73.231538567999507, 18.547076439355749 ], [ 73.230636782437557, 18.548041970950351 ], [ 73.230422257557393, 18.548058221579083 ], [ 73.22976538708042, 18.548367894959028 ], [ 73.229642754515169, 18.548425708172601 ], [ 73.229705459905915, 18.548563500287742 ], [ 73.229537943012247, 18.548660518375016 ], [ 73.229283717504018, 18.548608082768396 ], [ 73.229279960240206, 18.548606662986572 ], [ 73.22911929418126, 18.549154581078085 ], [ 73.229107761041291, 18.54919391230618 ], [ 73.229041661533586, 18.549229291073971 ], [ 73.229002000043465, 18.549250519272221 ], [ 73.228928188409895, 18.549848137082222 ], [ 73.228886449960726, 18.550489105480722 ], [ 73.228884664084944, 18.550516530683808 ], [ 73.228846160016758, 18.550547312059507 ], [ 73.22876189182432, 18.550614678664431 ], [ 73.228736680955024, 18.551003092484962 ], [ 73.228755143000399, 18.551195892283317 ], [ 73.228788690510044, 18.551546229002952 ], [ 73.228778214785791, 18.551782244270726 ], [ 73.228585467593859, 18.55251594756794 ], [ 73.228508158788486, 18.552786894970779 ], [ 73.228443494072053, 18.55301352742066 ], [ 73.228256355759584, 18.553228281922827 ], [ 73.228078309715897, 18.553459416010014 ], [ 73.227822571017725, 18.553873938701713 ], [ 73.227736725492946, 18.553976745498062 ], [ 73.227730811446406, 18.553983828029743 ], [ 73.227731170181869, 18.553985185051658 ], [ 73.227768463209543, 18.554126256727216 ], [ 73.227995100454905, 18.554983572553738 ], [ 73.227995613030998, 18.554985511499467 ], [ 73.227989746960873, 18.555004816315147 ], [ 73.227841706469007, 18.555592269158126 ], [ 73.227695478631006, 18.555973226402728 ], [ 73.227447227951814, 18.556790187705985 ], [ 73.22726415328151, 18.557233929356528 ], [ 73.227230557977407, 18.557315358350024 ], [ 73.227024646248992, 18.557556292420202 ], [ 73.226895029549212, 18.557679464802902 ], [ 73.226810165238987, 18.557720650255987 ], [ 73.226617677005834, 18.557814066402614 ], [ 73.226593890988738, 18.557825609934469 ], [ 73.226455154681503, 18.55834150102163 ], [ 73.226421028955428, 18.558404655446452 ], [ 73.226260396216333, 18.558678767174797 ], [ 73.226364538332064, 18.55890048255327 ], [ 73.226116227223315, 18.559069288773117 ], [ 73.226108646467196, 18.559081946084575 ], [ 73.226054130380646, 18.559172969540043 ], [ 73.225637107614602, 18.559342782404087 ], [ 73.225536412781366, 18.559378693757594 ], [ 73.225321653005324, 18.559455284490639 ], [ 73.225096385965799, 18.559551718500416 ], [ 73.225061761224197, 18.55956654088709 ], [ 73.224500261396543, 18.559694542452348 ], [ 73.224499676630558, 18.559694647409117 ], [ 73.224392558061254, 18.559709488446856 ], [ 73.22426623877891, 18.559726989619094 ], [ 73.224167443984697, 18.559739687521187 ], [ 73.223534802151903, 18.559820998473128 ], [ 73.223991504273215, 18.560139025669855 ], [ 73.224042551708294, 18.560202722830127 ], [ 73.224678130228767, 18.560764916204846 ], [ 73.225256746741309, 18.561276719434488 ], [ 73.225262150783351, 18.561281499444817 ], [ 73.225361813590041, 18.561369653615372 ], [ 73.226219867862653, 18.562128617495034 ], [ 73.226679934410186, 18.562649105914886 ], [ 73.22685692925387, 18.562793202576756 ], [ 73.227501869113439, 18.563456475375403 ], [ 73.228526030419971, 18.564549896140363 ], [ 73.2285314583998, 18.564555691138082 ] ] ] ] } },
{ "type": "Feature", "properties": { "MAHA_GVMP_": 37269, "MAHA_GVMP1": 100, "CCODE": "240009000202937600", "NAME": "Kumbharshet", "OTHERS": null, "VIL_CD": "02937600", "DST": "24", "TQ": "0009", "CEN_CD": "02938000", "NAME_E": "Kumbharshet", "T_CODE": "272409", "D_NAME": "Raigad", "T_NAME": "Sudhagad", "T_Name_Old": "Sudhagad", "D_Name_Old": "RAIGAD", "D_CODE": "2724", "Remarks": null, "Type": null, "Disputed": 0, "Shape_Leng": 0.09147182664, "Shape_Area": 0.00032466781 }, "geometry": { "type": "MultiPolygon", "coordinates": [ [ [ [ 73.191743008188837, 18.561893769764254 ], [ 73.193673759840181, 18.560875914495227 ], [ 73.193976194957827, 18.56072404919604 ], [ 73.195084273850512, 18.560128457562428 ], [ 73.195712133595293, 18.559776541834935 ], [ 73.196149993030758, 18.559523556671081 ], [ 73.19736733356882, 18.55882019588887 ], [ 73.198656437654904, 18.557832474820032 ], [ 73.200369084373392, 18.557183527822019 ], [ 73.201973230011049, 18.555575374908074 ], [ 73.202963746958233, 18.554639866311788 ], [ 73.206027833559745, 18.554162317493137 ], [ 73.206783218422004, 18.553639089695025 ], [ 73.207286204376032, 18.553272403329629 ], [ 73.207598509334275, 18.553053324029861 ], [ 73.207992403476453, 18.552757565780496 ], [ 73.209424072494812, 18.552546698038213 ], [ 73.210066134817794, 18.552310176814274 ], [ 73.210104995123686, 18.552257312367772 ], [ 73.210148188815538, 18.552238955342034 ], [ 73.210389728618054, 18.551914280504775 ], [ 73.210461120274374, 18.551735392920193 ], [ 73.210512881855891, 18.5516041158549 ], [ 73.210551488835563, 18.551343554396624 ], [ 73.210563891009599, 18.551280003901468 ], [ 73.210564268109181, 18.551279906969739 ], [ 73.210716473657442, 18.551240783155151 ], [ 73.211008183905221, 18.551161795095311 ], [ 73.211218934965018, 18.551114234580155 ], [ 73.211266107741096, 18.551103588991737 ], [ 73.211321169322218, 18.551181838232594 ], [ 73.211322723488593, 18.551182443360631 ], [ 73.211336219399641, 18.551187698108379 ], [ 73.211471662631368, 18.551240434012584 ], [ 73.211510043574606, 18.551226215736222 ], [ 73.211561567303022, 18.551207128679835 ], [ 73.211596067396272, 18.551311260817613 ], [ 73.211615319223597, 18.551369368831672 ], [ 73.211687319408782, 18.551348052586548 ], [ 73.211707212311239, 18.551486368139138 ], [ 73.211730987330498, 18.551651675794005 ], [ 73.211705259426253, 18.551781713527305 ], [ 73.211828461609684, 18.551843471830296 ], [ 73.211829884931205, 18.551853641379239 ], [ 73.211848748769, 18.551988422276054 ], [ 73.211849077186969, 18.551990768800124 ], [ 73.211853991794726, 18.55202588331656 ], [ 73.211848225055633, 18.552098117928438 ], [ 73.211847964222898, 18.552101385135757 ], [ 73.211841077549934, 18.552187648041354 ], [ 73.211814866706163, 18.552226817405312 ], [ 73.212071973002196, 18.552399634232813 ], [ 73.212467540744001, 18.552452941839533 ], [ 73.212510366849472, 18.552458713131216 ], [ 73.21252306689405, 18.552471018552239 ], [ 73.212776978202555, 18.552553679921232 ], [ 73.212857152808908, 18.552554464306013 ], [ 73.21307220099618, 18.552519062539204 ], [ 73.213160624925649, 18.552480864433903 ], [ 73.213169885386719, 18.552476864019468 ], [ 73.213181031363092, 18.552472049082951 ], [ 73.213185755084226, 18.552606328197328 ], [ 73.213190472901829, 18.552740439287561 ], [ 73.21330360605981, 18.552981367419591 ], [ 73.213328211682438, 18.553036825889933 ], [ 73.213461275019824, 18.553251014830153 ], [ 73.213702594861275, 18.553653826678726 ], [ 73.21370613500045, 18.553659735873794 ], [ 73.213765967304369, 18.553803686002425 ], [ 73.213960178121226, 18.554262942231901 ], [ 73.213989488725133, 18.554289601623566 ], [ 73.214007076341829, 18.554305598393171 ], [ 73.214217220850571, 18.554486207718924 ], [ 73.214309323628925, 18.554440838601352 ], [ 73.214377140302645, 18.554382627924042 ], [ 73.214519942790503, 18.554215345264822 ], [ 73.214812493048328, 18.553967270293413 ], [ 73.215199591928922, 18.553462472330182 ], [ 73.215348884572563, 18.553195720638485 ], [ 73.215471373204991, 18.552976860851686 ], [ 73.215549778030208, 18.552770885553002 ], [ 73.215576811293261, 18.552713717367965 ], [ 73.215580147135825, 18.552706662941944 ], [ 73.215778864345623, 18.552592583532032 ], [ 73.215789366822207, 18.552586287128975 ], [ 73.215826369961917, 18.552495083059284 ], [ 73.215857886352353, 18.552159335243573 ], [ 73.215852043298639, 18.552030944607509 ], [ 73.215767740419494, 18.55166012641854 ], [ 73.215765104786101, 18.551648533183936 ], [ 73.215781760374966, 18.551631816080317 ], [ 73.216010375260225, 18.550831258767403 ], [ 73.216179671494672, 18.550665789692005 ], [ 73.216292807510058, 18.550555210998084 ], [ 73.216284316122767, 18.549836778273743 ], [ 73.216283929459792, 18.549804063654108 ], [ 73.216305611440077, 18.54968580774306 ], [ 73.216217175373799, 18.549514060408853 ], [ 73.216161826833115, 18.549530845768629 ], [ 73.216131147167744, 18.549540149875952 ], [ 73.216124657928333, 18.549382527289708 ], [ 73.216110296073339, 18.549033679081958 ], [ 73.216124846592379, 18.549023373215562 ], [ 73.216316597979244, 18.548887558995261 ], [ 73.216314571389489, 18.548759141336348 ], [ 73.216531128135557, 18.548324541087027 ], [ 73.216535892314255, 18.54831497999362 ], [ 73.216571981757511, 18.548336238625438 ], [ 73.216783572856286, 18.548460876968647 ], [ 73.216920871962259, 18.5486382798058 ], [ 73.21698728560807, 18.548700938812829 ], [ 73.217311882630554, 18.548876621836712 ], [ 73.217314007564539, 18.548848604969123 ], [ 73.217316667027092, 18.548816332280978 ], [ 73.217573400406366, 18.548669189363352 ], [ 73.218674070414636, 18.548329805291246 ], [ 73.218108956463084, 18.547505702800265 ], [ 73.217833734195551, 18.547177694815616 ], [ 73.21623808288399, 18.545275975911977 ], [ 73.215893839464968, 18.544865694600844 ], [ 73.214302466824051, 18.543047868295389 ], [ 73.212119161375085, 18.54055379178385 ], [ 73.21191181366396, 18.540233158438866 ], [ 73.211361809066545, 18.539286150776036 ], [ 73.211190703919101, 18.539356495817458 ], [ 73.210994432265579, 18.539437187094052 ], [ 73.210963097184049, 18.539444083131912 ], [ 73.210839537995355, 18.539471275245035 ], [ 73.210760068352215, 18.539497695518094 ], [ 73.21063922322918, 18.539537871297057 ], [ 73.210511694922161, 18.539541041652626 ], [ 73.209914899856187, 18.539847511930532 ], [ 73.209728385735218, 18.539924641115931 ], [ 73.209689161656286, 18.539940925045642 ], [ 73.209648320352471, 18.539960914525068 ], [ 73.209639184969149, 18.539965385770131 ], [ 73.209583749446665, 18.540019647573729 ], [ 73.209295354890628, 18.540301935222772 ], [ 73.209240855671055, 18.540333471858673 ], [ 73.209054568855947, 18.540527080688094 ], [ 73.208871954130302, 18.540572322939454 ], [ 73.20874968357839, 18.540617693325657 ], [ 73.208671795381179, 18.5406465948966 ], [ 73.208494645202393, 18.540758824231034 ], [ 73.208418362303803, 18.540806361634736 ], [ 73.208346144972666, 18.540851365435969 ], [ 73.207800703681755, 18.541191267387148 ], [ 73.207276317283458, 18.541483152511034 ], [ 73.207256101246458, 18.541484483413342 ], [ 73.207252245968562, 18.541484737221367 ], [ 73.205472973177962, 18.541663710756893 ], [ 73.205424452682394, 18.541668533621532 ], [ 73.204769987411453, 18.542348224245814 ], [ 73.203716121284117, 18.543443337110546 ], [ 73.203592933387256, 18.543570731944442 ], [ 73.203405649212243, 18.543771162244923 ], [ 73.203172563171847, 18.544020608485084 ], [ 73.202468039822804, 18.544774575813847 ], [ 73.200817271239998, 18.545694047404425 ], [ 73.200691197861772, 18.545756948346309 ], [ 73.200222856288974, 18.545979106920186 ], [ 73.199405825920621, 18.546409619819826 ], [ 73.199369394062387, 18.546417537887066 ], [ 73.198012207140437, 18.546712502148807 ], [ 73.19685143595143, 18.546990483953834 ], [ 73.196060383340239, 18.547199630870011 ], [ 73.195564531424452, 18.547343210437418 ], [ 73.195537066675399, 18.54735116312321 ], [ 73.19525659428524, 18.547520785072606 ], [ 73.194886387066731, 18.547775874614956 ], [ 73.194649932083848, 18.547989897593709 ], [ 73.194427765793534, 18.548190986660131 ], [ 73.194196190455386, 18.548426944824428 ], [ 73.193653007821979, 18.548711811280555 ], [ 73.193500363931207, 18.548802711277801 ], [ 73.193307645993571, 18.548938972984956 ], [ 73.193050640547142, 18.549195296734013 ], [ 73.192141050402256, 18.549703827004521 ], [ 73.192111539999928, 18.549720463638664 ], [ 73.190108325974734, 18.551024681804449 ], [ 73.190030421206188, 18.551073694788897 ], [ 73.189477721896935, 18.55142141814764 ], [ 73.187935636357338, 18.5523915845489 ], [ 73.187801121611528, 18.552476210178781 ], [ 73.187358859294761, 18.552824463904699 ], [ 73.187360005886035, 18.552831135917529 ], [ 73.18788321939661, 18.555875659289939 ], [ 73.187883852350922, 18.555879342316075 ], [ 73.187883902330157, 18.555879459016353 ], [ 73.188159253588367, 18.556522392657087 ], [ 73.188544048479969, 18.557420863793141 ], [ 73.188797660669195, 18.557953502636394 ], [ 73.18899135305378, 18.558387695499391 ], [ 73.189101119516749, 18.560192168995684 ], [ 73.18864578895591, 18.561038142728705 ], [ 73.188695958056257, 18.562160302716961 ], [ 73.188956062652437, 18.562829810258279 ], [ 73.188961281465026, 18.562850111454168 ], [ 73.188970733519113, 18.562886879959592 ], [ 73.188974927568495, 18.562884836991998 ], [ 73.189299006514034, 18.562726974157385 ], [ 73.19011534082847, 18.562324735632956 ], [ 73.191197941863777, 18.562181112518658 ], [ 73.191743008188837, 18.561893769764254 ] ] ] ] } },
{ "type": "Feature", "properties": { "MAHA_GVMP_": 37278, "MAHA_GVMP1": 92, "CCODE": "240009000202937700", "NAME": "Rabgaon", "OTHERS": null, "VIL_CD": "02937700", "DST": "24", "TQ": "0009", "CEN_CD": "02938100", "NAME_E": "Rabgaon", "T_CODE": "272409", "D_NAME": "Raigad", "T_NAME": "Sudhagad", "T_Name_Old": "Sudhagad", "D_Name_Old": "RAIGAD", "D_CODE": "2724", "Remarks": null, "Type": null, "Disputed": 0, "Shape_Leng": 0.13334250932, "Shape_Area": 0.0008467592 }, "geometry": { "type": "MultiPolygon", "coordinates": [ [ [ [ 73.187074645382665, 18.561247699144701 ], [ 73.188642208219846, 18.561044795459338 ], [ 73.18864578895591, 18.561038142728705 ], [ 73.189101119516749, 18.560192168995684 ], [ 73.18899135305378, 18.558387695499391 ], [ 73.188797660669195, 18.557953502636394 ], [ 73.188544048479969, 18.557420863793141 ], [ 73.188159253588367, 18.556522392657087 ], [ 73.187883902330157, 18.555879459016353 ], [ 73.187883852350922, 18.555879342316075 ], [ 73.18788321939661, 18.555875659289939 ], [ 73.187360005886035, 18.552831135917529 ], [ 73.187358859294761, 18.552824463904699 ], [ 73.187801121611528, 18.552476210178781 ], [ 73.187935636357338, 18.5523915845489 ], [ 73.189477721896935, 18.55142141814764 ], [ 73.190030421206188, 18.551073694788897 ], [ 73.190108325974734, 18.551024681804449 ], [ 73.192111539999928, 18.549720463638664 ], [ 73.192141050402256, 18.549703827004521 ], [ 73.193050640547142, 18.549195296734013 ], [ 73.193307645993571, 18.548938972984956 ], [ 73.193500363931207, 18.548802711277801 ], [ 73.193653007821979, 18.548711811280555 ], [ 73.194196190455386, 18.548426944824428 ], [ 73.194427765793534, 18.548190986660131 ], [ 73.194649932083848, 18.547989897593709 ], [ 73.194886387066731, 18.547775874614956 ], [ 73.19525659428524, 18.547520785072606 ], [ 73.195537066675399, 18.54735116312321 ], [ 73.195564531424452, 18.547343210437418 ], [ 73.196060383340239, 18.547199630870011 ], [ 73.19685143595143, 18.546990483953834 ], [ 73.198012207140437, 18.546712502148807 ], [ 73.199369394062387, 18.546417537887066 ], [ 73.19936697501754, 18.546413100196673 ], [ 73.199386932502819, 18.546408839836431 ], [ 73.199273729071251, 18.546242042136328 ], [ 73.198348948085993, 18.544879424319902 ], [ 73.198284978450147, 18.544365035708722 ], [ 73.198263746930138, 18.544194309453701 ], [ 73.198280270533644, 18.543296391065383 ], [ 73.198306686353533, 18.541860894561296 ], [ 73.198307821026901, 18.541799233251652 ], [ 73.198309456335323, 18.541710365968868 ], [ 73.198552432752763, 18.539834636591195 ], [ 73.198755462419285, 18.538357491239537 ], [ 73.198802224966528, 18.537997943971675 ], [ 73.198803411395602, 18.537988821750844 ], [ 73.199725652769928, 18.53632566089027 ], [ 73.2000570507048, 18.535752137794759 ], [ 73.200575093942632, 18.534855594162536 ], [ 73.200774646883872, 18.534510238012615 ], [ 73.201195214361974, 18.533782377948853 ], [ 73.201195358290249, 18.533760239190485 ], [ 73.201196013185381, 18.5336595044879 ], [ 73.201494692024198, 18.53262346419632 ], [ 73.201756759982288, 18.531714406903234 ], [ 73.201834440695166, 18.531459012615983 ], [ 73.201875739840943, 18.531364291865316 ], [ 73.202201415312459, 18.530964284285005 ], [ 73.202260945751334, 18.530853777308096 ], [ 73.202280460614475, 18.530817551628218 ], [ 73.202450819042269, 18.530600884831358 ], [ 73.203076063382525, 18.529805674885097 ], [ 73.203107787460453, 18.529766125577453 ], [ 73.203627168743651, 18.529118627579294 ], [ 73.203624683471219, 18.529089322295761 ], [ 73.204020260971788, 18.528609634128372 ], [ 73.204228851554092, 18.528356690025873 ], [ 73.204340015090793, 18.52834558200118 ], [ 73.20470565419464, 18.528236105735459 ], [ 73.204912277617552, 18.527659048861835 ], [ 73.204647431531328, 18.52731499862432 ], [ 73.204647092235632, 18.527314557858858 ], [ 73.204532205613134, 18.527176764415515 ], [ 73.203798199144728, 18.52639646286309 ], [ 73.20358373619689, 18.526168471473056 ], [ 73.202433069951553, 18.525312914931362 ], [ 73.201030127402078, 18.524269761944595 ], [ 73.200502001925031, 18.524048317798929 ], [ 73.197404655601929, 18.522934102720683 ], [ 73.194956209705595, 18.522965595299183 ], [ 73.190577386730297, 18.523099516169111 ], [ 73.189208248921659, 18.522716201920502 ], [ 73.187400011831244, 18.521532214428476 ], [ 73.184768359311363, 18.521710730395114 ], [ 73.183977771394268, 18.521326295114136 ], [ 73.181565091228606, 18.51758624242899 ], [ 73.181441612809806, 18.517394825191218 ], [ 73.180008084124154, 18.51633205015878 ], [ 73.179799164198187, 18.516520061062522 ], [ 73.179793706715031, 18.516524972343859 ], [ 73.179780423915986, 18.516549195047162 ], [ 73.179637793236964, 18.516809297913539 ], [ 73.179580057615567, 18.516953120709672 ], [ 73.179569975099923, 18.517119313037483 ], [ 73.179550622012982, 18.517438313316688 ], [ 73.178943520289749, 18.519498353474319 ], [ 73.17893082337622, 18.519541436556153 ], [ 73.179318489722164, 18.521196047488672 ], [ 73.179329813244181, 18.521244377269568 ], [ 73.178731977661187, 18.525676609772859 ], [ 73.176774790047602, 18.529723033759694 ], [ 73.174585519477603, 18.532081812885338 ], [ 73.174584507655538, 18.532109050029078 ], [ 73.174515628204574, 18.533963188775601 ], [ 73.174116260277401, 18.535325936392724 ], [ 73.173104161960794, 18.537738816893125 ], [ 73.172782973682672, 18.53844165754424 ], [ 73.171446540826423, 18.541225381657512 ], [ 73.170115560106979, 18.543895764072772 ], [ 73.16943725578335, 18.545307020229131 ], [ 73.169150811185318, 18.545902978971071 ], [ 73.168912310730946, 18.546136751259553 ], [ 73.167835482541477, 18.546934571923089 ], [ 73.167835094080658, 18.546934859730754 ], [ 73.167862971828583, 18.546950607428812 ], [ 73.168109058422715, 18.547089617537836 ], [ 73.169095217403139, 18.547770952493408 ], [ 73.16935072203853, 18.54811416143167 ], [ 73.170324319612291, 18.549408172636674 ], [ 73.172526616431355, 18.550549452548353 ], [ 73.17455384752526, 18.551475854746116 ], [ 73.175376087826521, 18.55186943746952 ], [ 73.176182560003951, 18.552827292042991 ], [ 73.178090746157181, 18.555049608779484 ], [ 73.178577621097759, 18.555628364204381 ], [ 73.179215423661219, 18.556747281626372 ], [ 73.180101471114938, 18.558259454475035 ], [ 73.18171330886122, 18.558991593176529 ], [ 73.182050536149973, 18.559105813200176 ], [ 73.184803960091983, 18.560246060990551 ], [ 73.187074645382665, 18.561247699144701 ] ] ] ] } },
{ "type": "Feature", "properties": { "MAHA_GVMP_": 37294, "MAHA_GVMP1": 8, "CCODE": "240009000202938200", "NAME": "Dapode", "OTHERS": null, "VIL_CD": "02938200", "DST": "24", "TQ": "0009", "CEN_CD": "02938600", "NAME_E": "Dapode", "T_CODE": "272409", "D_NAME": "Raigad", "T_NAME": "Sudhagad", "T_Name_Old": "Sudhagad", "D_Name_Old": "RAIGAD", "D_CODE": "2724", "Remarks": null, "Type": null, "Disputed": 0, "Shape_Leng": 0.03557325341, "Shape_Area": 7.200144e-05 }, "geometry": { "type": "MultiPolygon", "coordinates": [ [ [ [ 73.223534802151903, 18.559820998473128 ], [ 73.224167443984697, 18.559739687521187 ], [ 73.22426623877891, 18.559726989619094 ], [ 73.224392558061254, 18.559709488446856 ], [ 73.224499676630558, 18.559694647409117 ], [ 73.224500261396543, 18.559694542452348 ], [ 73.225061761224197, 18.55956654088709 ], [ 73.225096385965799, 18.559551718500416 ], [ 73.225321653005324, 18.559455284490639 ], [ 73.225536412781366, 18.559378693757594 ], [ 73.225637107614602, 18.559342782404087 ], [ 73.226054130380646, 18.559172969540043 ], [ 73.226108646467196, 18.559081946084575 ], [ 73.226116227223315, 18.559069288773117 ], [ 73.226364538332064, 18.55890048255327 ], [ 73.226260396216333, 18.558678767174797 ], [ 73.226421028955428, 18.558404655446452 ], [ 73.226455154681503, 18.55834150102163 ], [ 73.226593890988738, 18.557825609934469 ], [ 73.226617677005834, 18.557814066402614 ], [ 73.226810165238987, 18.557720650255987 ], [ 73.226895029549212, 18.557679464802902 ], [ 73.227024646248992, 18.557556292420202 ], [ 73.227230557977407, 18.557315358350024 ], [ 73.22726415328151, 18.557233929356528 ], [ 73.227447227951814, 18.556790187705985 ], [ 73.227695478631006, 18.555973226402728 ], [ 73.227841706469007, 18.555592269158126 ], [ 73.227989746960873, 18.555004816315147 ], [ 73.227995613030998, 18.554985511499467 ], [ 73.227995100454905, 18.554983572553738 ], [ 73.227768463209543, 18.554126256727216 ], [ 73.227731170181869, 18.553985185051658 ], [ 73.227730811446406, 18.553983828029743 ], [ 73.227736725492946, 18.553976745498062 ], [ 73.227822571017725, 18.553873938701713 ], [ 73.228078309715897, 18.553459416010014 ], [ 73.228256355759584, 18.553228281922827 ], [ 73.228443494072053, 18.55301352742066 ], [ 73.228508158788486, 18.552786894970779 ], [ 73.228585467593859, 18.55251594756794 ], [ 73.228778214785791, 18.551782244270726 ], [ 73.228788690510044, 18.551546229002952 ], [ 73.228755143000399, 18.551195892283317 ], [ 73.228736680955024, 18.551003092484962 ], [ 73.22876189182432, 18.550614678664431 ], [ 73.228846160016758, 18.550547312059507 ], [ 73.228884664084944, 18.550516530683808 ], [ 73.228886449960726, 18.550489105480722 ], [ 73.228928188409895, 18.549848137082222 ], [ 73.229002000043465, 18.549250519272221 ], [ 73.229041661533586, 18.549229291073971 ], [ 73.229107761041291, 18.54919391230618 ], [ 73.22911929418126, 18.549154581078085 ], [ 73.229279960240206, 18.548606662986572 ], [ 73.229199045834548, 18.548576087308618 ], [ 73.229199833074176, 18.548570376896919 ], [ 73.228247514118209, 18.548240342908286 ], [ 73.228120505273125, 18.548196326486334 ], [ 73.228098875987428, 18.548222685593032 ], [ 73.227930746300331, 18.548427580964642 ], [ 73.227799144373648, 18.548587960435952 ], [ 73.227597909751296, 18.548706931745187 ], [ 73.226516038060709, 18.549346535303073 ], [ 73.226065263024225, 18.549144389868616 ], [ 73.226065126724734, 18.548905493196571 ], [ 73.225895984954775, 18.548917247916791 ], [ 73.225812181411698, 18.548923071893114 ], [ 73.225814631262836, 18.548926417736197 ], [ 73.225855058349055, 18.548981630324988 ], [ 73.225847607959565, 18.548981029913534 ], [ 73.222878846102788, 18.548741759905113 ], [ 73.222572041208423, 18.54874872191283 ], [ 73.222212741444253, 18.548928897278984 ], [ 73.222040208505405, 18.549015415703934 ], [ 73.22072304693728, 18.549675911903364 ], [ 73.220654166623206, 18.54973057551814 ], [ 73.220602702735846, 18.549771417367708 ], [ 73.220494018775526, 18.550330090958482 ], [ 73.220589172836355, 18.550410204042123 ], [ 73.220645526893236, 18.550457650170358 ], [ 73.220509327062246, 18.551107168844226 ], [ 73.220403074298872, 18.551437704374223 ], [ 73.220249650907363, 18.55143869012096 ], [ 73.219961727345776, 18.551431795045005 ], [ 73.220051692347965, 18.551680937079141 ], [ 73.220291104188902, 18.552619257864308 ], [ 73.220847345344794, 18.554799278721816 ], [ 73.220919253210241, 18.555081095904541 ], [ 73.220992744226692, 18.555228836703179 ], [ 73.221080754451407, 18.555405765448938 ], [ 73.222524983179824, 18.558309069520931 ], [ 73.222754411692449, 18.5587702749404 ], [ 73.223534802151903, 18.559820998473128 ] ] ] ] } },
{ "type": "Feature", "properties": { "MAHA_GVMP_": 37307, "MAHA_GVMP1": 16, "CCODE": "240009000202937900", "NAME": "Unhere Kh", "OTHERS": null, "VIL_CD": "02937900", "DST": "24", "TQ": "0009", "CEN_CD": "02938300", "NAME_E": "Unhere Kh", "T_CODE": "272409", "D_NAME": "Raigad", "T_NAME": "Sudhagad", "T_Name_Old": "Sudhagad", "D_Name_Old": "RAIGAD", "D_CODE": "2724", "Remarks": null, "Type": null, "Disputed": 0, "Shape_Leng": 0.02946909254, "Shape_Area": 3.527451e-05 }, "geometry": { "type": "MultiPolygon", "coordinates": [ [ [ [ 73.216731538662657, 18.557441496077445 ], [ 73.216699029489519, 18.557505308576765 ], [ 73.216687264057327, 18.557528403018466 ], [ 73.216685892910391, 18.557531094451008 ], [ 73.216859101580383, 18.557566439417599 ], [ 73.217000914578193, 18.557592605922309 ], [ 73.217519992630002, 18.557301487015707 ], [ 73.217555657653804, 18.557126538105592 ], [ 73.217594643520442, 18.556935298929091 ], [ 73.217621450938623, 18.556803799005081 ], [ 73.218095152737476, 18.556346654700974 ], [ 73.218164224949589, 18.556279996494368 ], [ 73.218277850689844, 18.5561249764487 ], [ 73.218612875591361, 18.555714628285955 ], [ 73.21883073208727, 18.555490820879413 ], [ 73.218995187531334, 18.555326776854258 ], [ 73.219163112090428, 18.555219149386971 ], [ 73.219257718707354, 18.555203000573158 ], [ 73.219260588725888, 18.555201197300391 ], [ 73.219839835830555, 18.555170101562169 ], [ 73.220159034384039, 18.555353363708036 ], [ 73.220657801604773, 18.55545551990798 ], [ 73.220740474883144, 18.555445794635318 ], [ 73.221080754451407, 18.555405765448938 ], [ 73.220992744226692, 18.555228836703179 ], [ 73.220919253210241, 18.555081095904541 ], [ 73.220847345344794, 18.554799278721816 ], [ 73.220291104188902, 18.552619257864308 ], [ 73.220051692347965, 18.551680937079141 ], [ 73.219961727345776, 18.551431795045005 ], [ 73.219552846906197, 18.550133508033241 ], [ 73.219248708398425, 18.549167786722137 ], [ 73.218674070414636, 18.548329805291246 ], [ 73.217573400406366, 18.548669189363352 ], [ 73.217316667027092, 18.548816332280978 ], [ 73.217314007564539, 18.548848604969123 ], [ 73.217311882630554, 18.548876621836712 ], [ 73.21698728560807, 18.548700938812829 ], [ 73.216920871962259, 18.5486382798058 ], [ 73.216783572856286, 18.548460876968647 ], [ 73.216571981757511, 18.548336238625438 ], [ 73.216535892314255, 18.54831497999362 ], [ 73.216531128135557, 18.548324541087027 ], [ 73.216314571389489, 18.548759141336348 ], [ 73.216316597979244, 18.548887558995261 ], [ 73.216124846592379, 18.549023373215562 ], [ 73.216110296073339, 18.549033679081958 ], [ 73.216124657928333, 18.549382527289708 ], [ 73.216131147167744, 18.549540149875952 ], [ 73.216161826833115, 18.549530845768629 ], [ 73.216217175373799, 18.549514060408853 ], [ 73.216305611440077, 18.54968580774306 ], [ 73.216283929459792, 18.549804063654108 ], [ 73.216284316122767, 18.549836778273743 ], [ 73.216292807510058, 18.550555210998084 ], [ 73.216179671494672, 18.550665789692005 ], [ 73.216010375260225, 18.550831258767403 ], [ 73.215781760374966, 18.551631816080317 ], [ 73.215765104786101, 18.551648533183936 ], [ 73.215767740419494, 18.55166012641854 ], [ 73.215852043298639, 18.552030944607509 ], [ 73.215857886352353, 18.552159335243573 ], [ 73.215826369961917, 18.552495083059284 ], [ 73.215789366822207, 18.552586287128975 ], [ 73.215778864345623, 18.552592583532032 ], [ 73.215580147135825, 18.552706662941944 ], [ 73.215576811293261, 18.552713717367965 ], [ 73.215549778030208, 18.552770885553002 ], [ 73.215471373204991, 18.552976860851686 ], [ 73.215348884572563, 18.553195720638485 ], [ 73.215199591928922, 18.553462472330182 ], [ 73.214812493048328, 18.553967270293413 ], [ 73.214519942790503, 18.554215345264822 ], [ 73.214377140302645, 18.554382627924042 ], [ 73.214309323628925, 18.554440838601352 ], [ 73.214217220850571, 18.554486207718924 ], [ 73.214266693729314, 18.554556470512523 ], [ 73.214288255184556, 18.554587092684017 ], [ 73.21431106984636, 18.554609653993793 ], [ 73.214416216775192, 18.554713633176391 ], [ 73.214411598867514, 18.554758935826555 ], [ 73.214418457828913, 18.554781744504908 ], [ 73.214389270009463, 18.555049791712804 ], [ 73.21454944400034, 18.55530194044826 ], [ 73.214548520531764, 18.555335559764671 ], [ 73.214541615542998, 18.555586938763327 ], [ 73.214515421582576, 18.555725918856581 ], [ 73.214478086147722, 18.555838021450995 ], [ 73.214400648787603, 18.555872847606963 ], [ 73.214403454519243, 18.555882472368751 ], [ 73.214420311090805, 18.555940297007169 ], [ 73.214552653222029, 18.555983704144239 ], [ 73.214547813716536, 18.556079716113288 ], [ 73.214587082922208, 18.556294122162456 ], [ 73.214591102222812, 18.556316067121941 ], [ 73.214619584774596, 18.556302174148925 ], [ 73.214764441247723, 18.556231517209085 ], [ 73.214829670196707, 18.556301936106081 ], [ 73.21482687401442, 18.556307505219991 ], [ 73.214797787710552, 18.556365435945452 ], [ 73.214730239217715, 18.556475573692751 ], [ 73.214737983405939, 18.556484547083471 ], [ 73.214778098513648, 18.55653102947349 ], [ 73.21482706139966, 18.556587763962398 ], [ 73.214838325641608, 18.556629377506681 ], [ 73.214883689206431, 18.556796964135003 ], [ 73.214887663861873, 18.556811647689074 ], [ 73.215044169508928, 18.556784776324776 ], [ 73.215086932850909, 18.556777434014009 ], [ 73.215058543742259, 18.556668303708307 ], [ 73.215254808732482, 18.55630332884499 ], [ 73.215365723069397, 18.556133298963118 ], [ 73.215377274013974, 18.556071438248125 ], [ 73.215702804452462, 18.555976405860349 ], [ 73.215736003913776, 18.555964954744866 ], [ 73.215742085805914, 18.555964938375041 ], [ 73.216075643626425, 18.555964040283868 ], [ 73.216098850865194, 18.555963977777253 ], [ 73.216128701045477, 18.556015547224945 ], [ 73.216134103269042, 18.556020791578703 ], [ 73.216201376459821, 18.556025246845991 ], [ 73.216202749287504, 18.556025337763288 ], [ 73.216320866372882, 18.556033160180164 ], [ 73.216359413103646, 18.556061128005865 ], [ 73.216439069037222, 18.556240064615622 ], [ 73.216523203373356, 18.5564290609247 ], [ 73.216551851541112, 18.556579249031643 ], [ 73.216576749716694, 18.556709777574781 ], [ 73.216741228999865, 18.557195466283076 ], [ 73.216740206526936, 18.557221426072203 ], [ 73.216735251458772, 18.557347231282733 ], [ 73.2167340923815, 18.557376659299052 ], [ 73.216731538662657, 18.557441496077445 ] ] ] ] } },
{ "type": "Feature", "properties": { "MAHA_GVMP_": 37357, "MAHA_GVMP1": 32, "CCODE": "240009000302939500", "NAME": "Siddheshwar Bk", "OTHERS": null, "VIL_CD": "02939500", "DST": "24", "TQ": "0009", "CEN_CD": "02939900", "NAME_E": "Siddheshwar Bk", "T_CODE": "272409", "D_NAME": "Raigad", "T_NAME": "Sudhagad", "T_Name_Old": "Sudhagad", "D_Name_Old": "RAIGAD", "D_CODE": "2724", "Remarks": null, "Type": null, "Disputed": 0, "Shape_Leng": 0.08889745086, "Shape_Area": 0.00030512356 }, "geometry": { "type": "MultiPolygon", "coordinates": [ [ [ [ 73.258011322072264, 18.552059104860859 ], [ 73.259630885726494, 18.552259237592011 ], [ 73.259775168313467, 18.55227845278074 ], [ 73.259945706854751, 18.552318031262018 ], [ 73.259976031195663, 18.552301886058274 ], [ 73.26005784044537, 18.552258329358381 ], [ 73.260408436904811, 18.552052344692243 ], [ 73.260748367342728, 18.551942981321076 ], [ 73.26155721134603, 18.551675009320377 ], [ 73.262128249277112, 18.551960146569343 ], [ 73.262194945580177, 18.551998093987834 ], [ 73.262418217286211, 18.552107374218053 ], [ 73.262418251896179, 18.552107234615619 ], [ 73.262427555382374, 18.552070569602336 ], [ 73.262738504583865, 18.550845110306511 ], [ 73.262830136229752, 18.550483984027949 ], [ 73.262895257659068, 18.550227335279828 ], [ 73.263362737531168, 18.548899810899627 ], [ 73.264096561841768, 18.54725149937201 ], [ 73.264367717834716, 18.546642421707645 ], [ 73.264402177708121, 18.546565016701834 ], [ 73.264933448498994, 18.546584021262959 ], [ 73.265111291342237, 18.546590382703926 ], [ 73.265102810086887, 18.54658521739043 ], [ 73.265076584143344, 18.546569245078956 ], [ 73.264706598152657, 18.546343912859754 ], [ 73.264433743961149, 18.545854102628823 ], [ 73.264396778090259, 18.54569063281815 ], [ 73.264352180241303, 18.545493412585472 ], [ 73.264246623935037, 18.545160888298426 ], [ 73.2642426023246, 18.545148219363341 ], [ 73.263766756615667, 18.54400334962304 ], [ 73.263240064552349, 18.543483949199185 ], [ 73.263091697064624, 18.542556859460547 ], [ 73.261468850956987, 18.540988259907181 ], [ 73.261462281819604, 18.540987379875844 ], [ 73.260593983836941, 18.540871056681226 ], [ 73.259808432578041, 18.540265873651094 ], [ 73.259440401108009, 18.539996792710497 ], [ 73.259431025965227, 18.539994790060859 ], [ 73.259343188643982, 18.539930359248558 ], [ 73.258347931944684, 18.539144965705816 ], [ 73.258175642429251, 18.538354285298624 ], [ 73.258114011623377, 18.538071444036575 ], [ 73.25794765372649, 18.537189927093721 ], [ 73.257860324638557, 18.53685252448139 ], [ 73.257804278166191, 18.536635983922963 ], [ 73.257499220235786, 18.535711030948107 ], [ 73.257482407045643, 18.535565629558675 ], [ 73.257478570777835, 18.535324311882619 ], [ 73.257383024120486, 18.534767480809819 ], [ 73.257375329868523, 18.534708673786554 ], [ 73.257371007636152, 18.534697450345163 ], [ 73.257350530260283, 18.534644277193991 ], [ 73.257200361714752, 18.534254336754373 ], [ 73.25710228709147, 18.533861604773222 ], [ 73.256965958916453, 18.533503133551449 ], [ 73.256865419479027, 18.533238766811394 ], [ 73.25681756937081, 18.532965858431055 ], [ 73.256816461696872, 18.532959540911577 ], [ 73.256612409748016, 18.53241825128174 ], [ 73.256465540650311, 18.53202864862476 ], [ 73.25636087819862, 18.531751007244281 ], [ 73.256356917110452, 18.531367767601466 ], [ 73.256356042171774, 18.531283116099303 ], [ 73.256354389655257, 18.531259450965592 ], [ 73.256343312101251, 18.531100812879117 ], [ 73.256245422184975, 18.530799185156127 ], [ 73.25623343222486, 18.530748540815694 ], [ 73.256254517509319, 18.53031189675346 ], [ 73.256339108623706, 18.530036291093722 ], [ 73.256386988180907, 18.529880294664451 ], [ 73.256389138834265, 18.529745029403045 ], [ 73.256583275883429, 18.529448749731159 ], [ 73.256615827102053, 18.529409073643137 ], [ 73.256735260471885, 18.529263498275895 ], [ 73.256887143276344, 18.529071620018954 ], [ 73.256886990761188, 18.529067879246099 ], [ 73.256923496701347, 18.528947950201314 ], [ 73.256939462197124, 18.528895500417377 ], [ 73.25695027547431, 18.528859976663 ], [ 73.257030212295376, 18.528597367912425 ], [ 73.257047675042031, 18.528539999118607 ], [ 73.257363741333052, 18.528149526165407 ], [ 73.25744476149697, 18.528049432288242 ], [ 73.257448505019056, 18.52804848023419 ], [ 73.257365699076502, 18.527996358640564 ], [ 73.25722306349229, 18.527906577557872 ], [ 73.256609449403697, 18.527520339676414 ], [ 73.256233062361616, 18.527283421926597 ], [ 73.255687972199951, 18.52687660737638 ], [ 73.254186081092655, 18.526739553593131 ], [ 73.253321633881285, 18.526684038753103 ], [ 73.253059091689522, 18.52666717749247 ], [ 73.252770872554947, 18.5269246875813 ], [ 73.252276810161959, 18.527366106001864 ], [ 73.252160418444589, 18.527470095278602 ], [ 73.252022854185384, 18.527413593100164 ], [ 73.251339614345738, 18.527310559984642 ], [ 73.251021160929383, 18.526902701190807 ], [ 73.250570343153754, 18.526393829057213 ], [ 73.250204038602988, 18.525889295955835 ], [ 73.249705075757163, 18.525202038730868 ], [ 73.249617584453574, 18.525229855247233 ], [ 73.249568995438437, 18.525245303357224 ], [ 73.249562529403249, 18.525247359129651 ], [ 73.249424580581092, 18.525250519438487 ], [ 73.249304297719561, 18.525194068986195 ], [ 73.249299337789353, 18.525197140793182 ], [ 73.248932785773945, 18.525274975789557 ], [ 73.248897350458776, 18.52541804405115 ], [ 73.248826108269782, 18.525483621533112 ], [ 73.248588957783682, 18.525701914826072 ], [ 73.248504886137482, 18.525779301248804 ], [ 73.248409846755976, 18.525868312969692 ], [ 73.248400963409665, 18.526593705978428 ], [ 73.24838505295395, 18.526667138298421 ], [ 73.24830473182675, 18.526879934619387 ], [ 73.248253770372173, 18.527014947497094 ], [ 73.248248263247433, 18.527024310175193 ], [ 73.24822717514229, 18.527080737479992 ], [ 73.248181390155821, 18.527138001208471 ], [ 73.248164264526054, 18.527159420387989 ], [ 73.248127151545589, 18.52723021221459 ], [ 73.248125819519203, 18.527232753011162 ], [ 73.24812547802901, 18.527233404392518 ], [ 73.248024414849112, 18.527426178842575 ], [ 73.247986365654583, 18.52766755959334 ], [ 73.247937698294152, 18.527829437401067 ], [ 73.247957989243844, 18.528222940130661 ], [ 73.247972298243496, 18.528368701834893 ], [ 73.247992134244441, 18.528570765111226 ], [ 73.247976841986144, 18.528610910760335 ], [ 73.247976969041474, 18.528617683574964 ], [ 73.247948250269587, 18.528685970452273 ], [ 73.24789930719794, 18.528814456868815 ], [ 73.247937720916411, 18.528834958575487 ], [ 73.248007428607536, 18.52887216209183 ], [ 73.248010561971512, 18.528873834390538 ], [ 73.248012296058732, 18.528883075449869 ], [ 73.248036007888174, 18.52900943716935 ], [ 73.24802282320087, 18.52905051985914 ], [ 73.247946349567428, 18.529288806673605 ], [ 73.247911556694476, 18.52939721874759 ], [ 73.247719845088227, 18.529391215104283 ], [ 73.247359003269082, 18.529379914449123 ], [ 73.24741439646823, 18.528892863103579 ], [ 73.247417173257361, 18.528868447779928 ], [ 73.247418849681708, 18.528853707570022 ], [ 73.247126360374409, 18.52888487467817 ], [ 73.247094189180018, 18.52888189850421 ], [ 73.247060629968587, 18.528891878722106 ], [ 73.246951129511217, 18.528924443157507 ], [ 73.246830533860418, 18.529027879068735 ], [ 73.246839592797812, 18.529319126888538 ], [ 73.246840742620634, 18.529356094002537 ], [ 73.246800709597323, 18.529448905204276 ], [ 73.246777746354837, 18.529502142356591 ], [ 73.246833630796459, 18.529532451601312 ], [ 73.246943011221504, 18.529591774617643 ], [ 73.247374846145419, 18.52953575270999 ], [ 73.247462897721391, 18.529536289628595 ], [ 73.24747435540155, 18.529544961838212 ], [ 73.24755623387, 18.529656496294194 ], [ 73.247544362924884, 18.529864040694918 ], [ 73.247541129210219, 18.52992057691165 ], [ 73.247447791254558, 18.529986481327796 ], [ 73.247413310905529, 18.530010827318449 ], [ 73.247390467864648, 18.530026840510118 ], [ 73.247303358130978, 18.530087905219659 ], [ 73.247265394415763, 18.530192739048573 ], [ 73.247133732937982, 18.530199450253519 ], [ 73.246633678122805, 18.53024595934022 ], [ 73.246632618766853, 18.530244653187879 ], [ 73.246558735495967, 18.530153557386939 ], [ 73.246521525418075, 18.530107678457682 ], [ 73.246465351304039, 18.530078255951651 ], [ 73.246384901535748, 18.530076710030926 ], [ 73.246307283095348, 18.530205266290579 ], [ 73.246297654112936, 18.530221214365611 ], [ 73.246180028706817, 18.530207712363449 ], [ 73.246167242577144, 18.530206244662622 ], [ 73.246160266968275, 18.530205443942634 ], [ 73.246088907490503, 18.53049769517736 ], [ 73.246222872955514, 18.53057024672205 ], [ 73.246295684197889, 18.530615158469459 ], [ 73.246890054838786, 18.531001803155164 ], [ 73.246986112930188, 18.531243082611127 ], [ 73.246989326886933, 18.531298315074707 ], [ 73.246989197388018, 18.53130002273997 ], [ 73.246975210792698, 18.531421443825252 ], [ 73.246897453556471, 18.531460596871568 ], [ 73.246841519250438, 18.531488761402557 ], [ 73.246764705624003, 18.531527439229194 ], [ 73.246721608048006, 18.531437496270485 ], [ 73.246626941649197, 18.531438980538326 ], [ 73.246591601794989, 18.53143953461705 ], [ 73.246501520490426, 18.531440946934595 ], [ 73.246469908823713, 18.531522572877066 ], [ 73.246406512614215, 18.531686270901446 ], [ 73.246311039829152, 18.531932794570139 ], [ 73.246305052885759, 18.531985072285067 ], [ 73.246299261463832, 18.532034206714059 ], [ 73.246284015166282, 18.53208366744235 ], [ 73.246254048639969, 18.532417791379601 ], [ 73.246232695682124, 18.532598948830582 ], [ 73.246229949143128, 18.532622250303689 ], [ 73.247123634593436, 18.533878987070977 ], [ 73.24726060750271, 18.53503232368206 ], [ 73.247857349620631, 18.535131344777199 ], [ 73.247904036977388, 18.535139091813676 ], [ 73.247939439501295, 18.535144966300493 ], [ 73.247965252513836, 18.535168291921423 ], [ 73.248264384009758, 18.535438597808422 ], [ 73.248341798674687, 18.535508552243527 ], [ 73.249107185566288, 18.536119830981931 ], [ 73.249213669573692, 18.536468880179484 ], [ 73.249422201479774, 18.53705072333662 ], [ 73.249446259665604, 18.537196661211738 ], [ 73.249487942488315, 18.537449510210536 ], [ 73.249486407024278, 18.537688119053428 ], [ 73.249485720301038, 18.537794834612839 ], [ 73.249481424660075, 18.538462366493604 ], [ 73.249481025473244, 18.538524398859352 ], [ 73.248841178753821, 18.539076731856824 ], [ 73.248347204102402, 18.540027001474868 ], [ 73.247818474527094, 18.541044116717899 ], [ 73.247198382344891, 18.542236968543193 ], [ 73.247032145769765, 18.542974679165752 ], [ 73.24700888869495, 18.543184513636106 ], [ 73.247008770215473, 18.543185106077374 ], [ 73.246828776737061, 18.543470336650444 ], [ 73.246421991562784, 18.544114953459939 ], [ 73.246206781764556, 18.544772923782261 ], [ 73.246103740526451, 18.545068237786268 ], [ 73.246060216425121, 18.545152218267674 ], [ 73.245896207743101, 18.545445836719182 ], [ 73.245719039136759, 18.545744197689601 ], [ 73.245716122116505, 18.545749110090071 ], [ 73.245617238867396, 18.545889200814486 ], [ 73.245555334417134, 18.545976902474479 ], [ 73.24548874836114, 18.546036495281271 ], [ 73.245083525281188, 18.546302493098096 ], [ 73.244914066502417, 18.546401437057625 ], [ 73.244834498277896, 18.547142387830547 ], [ 73.244807679956466, 18.547392122444137 ], [ 73.24497847984054, 18.547432927648515 ], [ 73.245233066344099, 18.547730161537402 ], [ 73.245282545332259, 18.547787928901585 ], [ 73.245294430832132, 18.547790643427277 ], [ 73.245508296628145, 18.547839488027989 ], [ 73.246852110389739, 18.54814639417134 ], [ 73.247230070705257, 18.548247410549891 ], [ 73.247378052062743, 18.548389026045243 ], [ 73.247463828279592, 18.548417727670483 ], [ 73.247467055422078, 18.548418807505186 ], [ 73.248179363608529, 18.548657151432906 ], [ 73.248377231606071, 18.548746096817979 ], [ 73.248385844124641, 18.548749181107439 ], [ 73.249539346369261, 18.549024778157843 ], [ 73.249721082701058, 18.549056324943876 ], [ 73.250047323459, 18.549225098447664 ], [ 73.250222499616825, 18.549306115811135 ], [ 73.250705793412919, 18.549559768693143 ], [ 73.251217261288446, 18.549819538869883 ], [ 73.251502483099955, 18.549964399653845 ], [ 73.251711948403397, 18.550072645263867 ], [ 73.252448672811795, 18.550436900200793 ], [ 73.25358997730342, 18.550894558353946 ], [ 73.25397881937198, 18.551042828566779 ], [ 73.254472124612221, 18.551247985706254 ], [ 73.254509246163536, 18.551261504854892 ], [ 73.254679219736374, 18.551323406727477 ], [ 73.255615487223224, 18.551687763044185 ], [ 73.256131294453894, 18.551910855661959 ], [ 73.256882180740376, 18.551776198132188 ], [ 73.256902423409599, 18.551781412896105 ], [ 73.256928523917168, 18.551776673208906 ], [ 73.257164936708023, 18.551849039368904 ], [ 73.257710897134757, 18.551989683773797 ], [ 73.257842402854124, 18.552020071696234 ], [ 73.258011322072264, 18.552059104860859 ] ] ] ] } },
{ "type": "Feature", "properties": { "MAHA_GVMP_": 37359, "MAHA_GVMP1": 85, "CCODE": "240009000200000001", "NAME": "Kasbe Pali(Pali (CT))", "OTHERS": null, "VIL_CD": "00000001", "DST": "0", "TQ": null, "CEN_CD": "42419000", "NAME_E": "Kasbe Pali(Pali (CT))", "T_CODE": "272409", "D_NAME": "Raigad", "T_NAME": "Sudhagad", "T_Name_Old": null, "D_Name_Old": null, "D_CODE": "2724", "Remarks": "Town added", "Type": "Town", "Disputed": 0, "Shape_Leng": 0.10482078966, "Shape_Area": 0.0003305928 }, "geometry": { "type": "MultiPolygon", "coordinates": [ [ [ [ 73.220509327062246, 18.551107168844226 ], [ 73.220645526893236, 18.550457650170358 ], [ 73.220589172836355, 18.550410204042123 ], [ 73.220494018775526, 18.550330090958482 ], [ 73.220602702735846, 18.549771417367708 ], [ 73.220654166623206, 18.54973057551814 ], [ 73.22072304693728, 18.549675911903364 ], [ 73.222040208505405, 18.549015415703934 ], [ 73.222212741444253, 18.548928897278984 ], [ 73.222572041208423, 18.54874872191283 ], [ 73.222878846102788, 18.548741759905113 ], [ 73.225847607959565, 18.548981029913534 ], [ 73.225855058349055, 18.548981630324988 ], [ 73.225814631262836, 18.548926417736197 ], [ 73.225812181411698, 18.548923071893114 ], [ 73.225805235983273, 18.548913586290269 ], [ 73.225555320053161, 18.548572266911606 ], [ 73.224914564183507, 18.547697155296248 ], [ 73.22453942571957, 18.547184805179427 ], [ 73.224537970045219, 18.547177422003926 ], [ 73.223870325961911, 18.543791064908078 ], [ 73.223813750332226, 18.54346993943409 ], [ 73.223874254092948, 18.543394665374251 ], [ 73.225757521024548, 18.539240777865814 ], [ 73.225772577137661, 18.53920756798027 ], [ 73.226223803183359, 18.538218427535185 ], [ 73.226839320631768, 18.536869120813151 ], [ 73.226889872626714, 18.536830488819021 ], [ 73.226957828772811, 18.536778556468903 ], [ 73.22707999738742, 18.536773448918609 ], [ 73.227924880233616, 18.537365587823274 ], [ 73.227804352025373, 18.537177646917371 ], [ 73.226506271092148, 18.535153504505161 ], [ 73.226161655152453, 18.534625376611189 ], [ 73.226124864468375, 18.534568994233837 ], [ 73.226186096352308, 18.534233614770642 ], [ 73.22623828905364, 18.533753905806691 ], [ 73.226239352194682, 18.533744134329538 ], [ 73.226151440173567, 18.533758961380045 ], [ 73.225803277673322, 18.53384405636217 ], [ 73.225638641382375, 18.533884295142286 ], [ 73.225490018731136, 18.533920619886715 ], [ 73.225439431805739, 18.533943616734177 ], [ 73.225308473330188, 18.533774336473471 ], [ 73.225234143605803, 18.533750890380361 ], [ 73.225105125049765, 18.533710193507147 ], [ 73.225165974248682, 18.533399048849162 ], [ 73.22514505348795, 18.533114258534113 ], [ 73.225230042984776, 18.532874486240019 ], [ 73.225301212615875, 18.532813087017757 ], [ 73.225389307818261, 18.532690379851545 ], [ 73.225388232906766, 18.532555938195514 ], [ 73.225377348588211, 18.532418047658325 ], [ 73.225407427152959, 18.532368910411492 ], [ 73.225538210163165, 18.532155258972921 ], [ 73.22552676055102, 18.531768543772614 ], [ 73.225457247522968, 18.531674519710293 ], [ 73.225369959505088, 18.531556452824077 ], [ 73.225367916476614, 18.531464200490859 ], [ 73.225394073467328, 18.531286396353721 ], [ 73.225386675883783, 18.531240947597155 ], [ 73.225412906411748, 18.531158377746465 ], [ 73.225526906352286, 18.530383448918883 ], [ 73.225532239064876, 18.530346520250021 ], [ 73.225548135597137, 18.529983877059749 ], [ 73.225590251200401, 18.529630822387105 ], [ 73.225599386337478, 18.529554242431402 ], [ 73.225532311327072, 18.529428150596118 ], [ 73.225404603342611, 18.52918807649047 ], [ 73.225233545678577, 18.528914641386905 ], [ 73.225154735857132, 18.528793645784049 ], [ 73.225095373004933, 18.528312245363395 ], [ 73.225064965437412, 18.528065655480646 ], [ 73.224967359846062, 18.527274119007643 ], [ 73.224849525160266, 18.52681988715301 ], [ 73.224819952625069, 18.526735085466839 ], [ 73.224786126375704, 18.526638085795412 ], [ 73.224755391089957, 18.526529218025303 ], [ 73.224687266398291, 18.526287912345026 ], [ 73.224601695838032, 18.526035596449162 ], [ 73.224559307893685, 18.525890580845726 ], [ 73.224533948712804, 18.525751245355423 ], [ 73.224523261324237, 18.525003063292047 ], [ 73.224519031588159, 18.524706954295198 ], [ 73.224518888424996, 18.524696931919721 ], [ 73.224523747903902, 18.524655402331405 ], [ 73.224543386006019, 18.524487572955422 ], [ 73.224584238295051, 18.524257916120007 ], [ 73.224634674407923, 18.524045494442248 ], [ 73.223177988525606, 18.524281737863362 ], [ 73.22224775187135, 18.524649153582004 ], [ 73.221647334267004, 18.524886297349383 ], [ 73.221255567997275, 18.52504102981942 ], [ 73.221185821922575, 18.525068576697265 ], [ 73.221165772059123, 18.525076495575604 ], [ 73.221076925010834, 18.525111586502419 ], [ 73.221066030126337, 18.525123499733525 ], [ 73.221048278074989, 18.525142911066666 ], [ 73.220878315349296, 18.52532875987805 ], [ 73.220655077477545, 18.525572862512661 ], [ 73.220622331355855, 18.525608669145527 ], [ 73.22066403576946, 18.525770635765014 ], [ 73.220678744057352, 18.525827757980608 ], [ 73.220795977752289, 18.526060472598829 ], [ 73.220788194648549, 18.526168177442287 ], [ 73.22075792468371, 18.526587060685927 ], [ 73.22079057704434, 18.526911247945407 ], [ 73.220795445821352, 18.526959587238309 ], [ 73.221270996544604, 18.526683898612589 ], [ 73.22147283821721, 18.526677733613951 ], [ 73.221583310852168, 18.526686123697402 ], [ 73.221609606896095, 18.526603096535382 ], [ 73.221763753680307, 18.526372513190779 ], [ 73.222155790899194, 18.525995220489733 ], [ 73.222160068964172, 18.525991103308968 ], [ 73.222165472469044, 18.525988061093813 ], [ 73.222346533010352, 18.525854168958574 ], [ 73.222396719185213, 18.525877491893084 ], [ 73.222480768438629, 18.525916551913554 ], [ 73.222784316575826, 18.526396531772434 ], [ 73.222930614597885, 18.526645886429151 ], [ 73.222859930073355, 18.527396900537497 ], [ 73.222812778371065, 18.527701365397888 ], [ 73.222797705877781, 18.527737300606475 ], [ 73.222683180082868, 18.528010347684415 ], [ 73.222755473082032, 18.528198913870938 ], [ 73.222795575982957, 18.52832987726606 ], [ 73.222820745598654, 18.528412073165725 ], [ 73.222749800347003, 18.528837122383095 ], [ 73.222613939038865, 18.529501333655901 ], [ 73.222609396420864, 18.529505736312842 ], [ 73.22240395473375, 18.529686304976281 ], [ 73.222349259815815, 18.529597464426445 ], [ 73.222305723995532, 18.529526749438787 ], [ 73.22228194997416, 18.529488133400605 ], [ 73.222192865322882, 18.529436770760071 ], [ 73.221926132876604, 18.529282983083249 ], [ 73.221817895199138, 18.529273663593187 ], [ 73.221813779575939, 18.529273309228131 ], [ 73.221805777026702, 18.529277048048414 ], [ 73.221663371243892, 18.529343580467469 ], [ 73.221553577248301, 18.52942225823557 ], [ 73.221433150371297, 18.529804377674793 ], [ 73.221431460059591, 18.529805465490142 ], [ 73.221419075059544, 18.529846968523486 ], [ 73.221385402461522, 18.529835106260862 ], [ 73.22136161123899, 18.529826725027874 ], [ 73.221340473948487, 18.529864020378341 ], [ 73.221329346952814, 18.529883653218576 ], [ 73.221265684709863, 18.529912151568055 ], [ 73.221233387385269, 18.529926609426411 ], [ 73.220972239243224, 18.529866943230331 ], [ 73.220569714564533, 18.529760121238382 ], [ 73.220339734167851, 18.529685642877155 ], [ 73.22029844060728, 18.529688130002114 ], [ 73.219955549743531, 18.529708782082707 ], [ 73.219904669413154, 18.529712886837274 ], [ 73.219889074666128, 18.529650582290174 ], [ 73.219824872167919, 18.52953897116646 ], [ 73.219849271731164, 18.529496815334028 ], [ 73.219853248538868, 18.529489944485761 ], [ 73.21989463759121, 18.529418435359162 ], [ 73.219891990790927, 18.529387928328845 ], [ 73.219884128111516, 18.529297302990642 ], [ 73.219960667343344, 18.529149590875761 ], [ 73.219929883480063, 18.529085413394114 ], [ 73.219885856681685, 18.528993627257023 ], [ 73.219902798813109, 18.528666636899914 ], [ 73.219892998219393, 18.528661820340346 ], [ 73.219858576493834, 18.528644903573706 ], [ 73.219836675371653, 18.528634140128986 ], [ 73.219739499446575, 18.528631915032406 ], [ 73.219071893170678, 18.528559093263709 ], [ 73.21893415190857, 18.528611486139368 ], [ 73.218863787769692, 18.528638250613881 ], [ 73.218847324735577, 18.528615659566469 ], [ 73.21878456205252, 18.528529534744905 ], [ 73.218793498166065, 18.528392567973981 ], [ 73.218799900812314, 18.528294432359303 ], [ 73.21875482040673, 18.527911494477905 ], [ 73.218727189183198, 18.527676778737941 ], [ 73.218705848219713, 18.527562543930514 ], [ 73.218656218109231, 18.527296881184327 ], [ 73.218625172076258, 18.527105900293691 ], [ 73.218616708169748, 18.52700477157282 ], [ 73.218591506978726, 18.526703661177351 ], [ 73.21859128706717, 18.52670103361271 ], [ 73.218624423387155, 18.526624987795401 ], [ 73.218767749967299, 18.526491441434246 ], [ 73.217810014552242, 18.525714608762598 ], [ 73.217486539053368, 18.525546815677046 ], [ 73.215021690034973, 18.524268221144041 ], [ 73.213937051868697, 18.524303613578979 ], [ 73.213480129732091, 18.524943192604439 ], [ 73.213263811826323, 18.525113669992038 ], [ 73.212604634284617, 18.525356005359299 ], [ 73.2114654607131, 18.525522046408469 ], [ 73.211524086007046, 18.525700501448171 ], [ 73.210887917100706, 18.526249530444829 ], [ 73.210796925221246, 18.52656484993588 ], [ 73.210260028883397, 18.526769221613904 ], [ 73.209639898775038, 18.526478359408429 ], [ 73.209182321152696, 18.52604318360585 ], [ 73.208799705936542, 18.525813672651793 ], [ 73.208431595408001, 18.52551806335407 ], [ 73.208148015917459, 18.525290335091483 ], [ 73.207721065205533, 18.524947470746213 ], [ 73.207697248965701, 18.524928344957971 ], [ 73.207684487401991, 18.52494136580475 ], [ 73.207455932064136, 18.525174564333895 ], [ 73.206764205189245, 18.526318992069548 ], [ 73.20604329386623, 18.526419818323745 ], [ 73.205294772058323, 18.526189740751647 ], [ 73.20525380534707, 18.52617714846815 ], [ 73.204898927576494, 18.526668754502623 ], [ 73.20453647163265, 18.527170854836925 ], [ 73.204532205613134, 18.527176764415515 ], [ 73.204647092235632, 18.527314557858858 ], [ 73.204647431531328, 18.52731499862432 ], [ 73.204912277617552, 18.527659048861835 ], [ 73.20470565419464, 18.528236105735459 ], [ 73.204816306197245, 18.528511533833694 ], [ 73.204980364272103, 18.528754422806287 ], [ 73.205007406141306, 18.528794458377092 ], [ 73.206887740746481, 18.531892166673003 ], [ 73.206927909531373, 18.531958340260474 ], [ 73.207201931997247, 18.5324097600747 ], [ 73.210240297002031, 18.535170762270866 ], [ 73.210900997158262, 18.537171812589179 ], [ 73.211361809066545, 18.539286150776036 ], [ 73.21191181366396, 18.540233158438866 ], [ 73.212119161375085, 18.54055379178385 ], [ 73.214302466824051, 18.543047868295389 ], [ 73.215893839464968, 18.544865694600844 ], [ 73.21623808288399, 18.545275975911977 ], [ 73.217833734195551, 18.547177694815616 ], [ 73.218108956463084, 18.547505702800265 ], [ 73.218674070414636, 18.548329805291246 ], [ 73.219248708398425, 18.549167786722137 ], [ 73.219552846906197, 18.550133508033241 ], [ 73.219961727345776, 18.551431795045005 ], [ 73.220249650907363, 18.55143869012096 ], [ 73.220403074298872, 18.551437704374223 ], [ 73.220509327062246, 18.551107168844226 ] ] ] ] } },
{ "type": "Feature", "properties": { "MAHA_GVMP_": 37376, "MAHA_GVMP1": 7, "CCODE": "240009000202938400", "NAME": "Ghera Sarasgad", "OTHERS": null, "VIL_CD": "02938400", "DST": "24", "TQ": "0009", "CEN_CD": "02938800", "NAME_E": "Ghera Sarasgad", "T_CODE": "272409", "D_NAME": "Raigad", "T_NAME": "Sudhagad", "T_Name_Old": "Sudhagad", "D_Name_Old": "RAIGAD", "D_CODE": "2724", "Remarks": null, "Type": null, "Disputed": 0, "Shape_Leng": 0.03835297647, "Shape_Area": 9.296813e-05 }, "geometry": { "type": "MultiPolygon", "coordinates": [ [ [ [ 73.225895984954775, 18.548917247916791 ], [ 73.226065126724734, 18.548905493196571 ], [ 73.226065263024225, 18.549144389868616 ], [ 73.226516038060709, 18.549346535303073 ], [ 73.227597909751296, 18.548706931745187 ], [ 73.227799144373648, 18.548587960435952 ], [ 73.227930746300331, 18.548427580964642 ], [ 73.228098875987428, 18.548222685593032 ], [ 73.228120505273125, 18.548196326486334 ], [ 73.228247514118209, 18.548240342908286 ], [ 73.229199833074176, 18.548570376896919 ], [ 73.229199045834548, 18.548576087308618 ], [ 73.229279960240206, 18.548606662986572 ], [ 73.229283717504018, 18.548608082768396 ], [ 73.229537943012247, 18.548660518375016 ], [ 73.229705459905915, 18.548563500287742 ], [ 73.229642754515169, 18.548425708172601 ], [ 73.22976538708042, 18.548367894959028 ], [ 73.230422257557393, 18.548058221579083 ], [ 73.230636782437557, 18.548041970950351 ], [ 73.231538567999507, 18.547076439355749 ], [ 73.231761889467521, 18.546831724553044 ], [ 73.231940855511596, 18.54665347042652 ], [ 73.23239304668715, 18.546203075628796 ], [ 73.233014706494714, 18.545583879781873 ], [ 73.233260910008084, 18.545283358632389 ], [ 73.23335450494983, 18.545169114330349 ], [ 73.233673552468929, 18.54477967553413 ], [ 73.233976909317732, 18.544493589611704 ], [ 73.234271376834045, 18.544049947271617 ], [ 73.234371748419733, 18.543927428913321 ], [ 73.234391240139075, 18.543063860324764 ], [ 73.234712604307617, 18.541765636252308 ], [ 73.235112512615672, 18.541344999314276 ], [ 73.235511049586023, 18.540925801889216 ], [ 73.2355848153083, 18.540873078733398 ], [ 73.235285263051708, 18.540785711104377 ], [ 73.234832313961704, 18.540640927807715 ], [ 73.234805036351304, 18.540632208590409 ], [ 73.234033610868892, 18.539949849759807 ], [ 73.233624302234261, 18.539534459937329 ], [ 73.233510146745289, 18.539418607896323 ], [ 73.232239426099625, 18.538032917296562 ], [ 73.232150260852336, 18.53803417966401 ], [ 73.232100060117205, 18.538035197001648 ], [ 73.230091839897057, 18.538068035437448 ], [ 73.228635710979688, 18.537767616707015 ], [ 73.228233984513736, 18.537550850802802 ], [ 73.227924880233616, 18.537365587823274 ], [ 73.22707999738742, 18.536773448918609 ], [ 73.226957828772811, 18.536778556468903 ], [ 73.226889872626714, 18.536830488819021 ], [ 73.226839320631768, 18.536869120813151 ], [ 73.226223803183359, 18.538218427535185 ], [ 73.225772577137661, 18.53920756798027 ], [ 73.225757521024548, 18.539240777865814 ], [ 73.223874254092948, 18.543394665374251 ], [ 73.223813750332226, 18.54346993943409 ], [ 73.223870325961911, 18.543791064908078 ], [ 73.224537970045219, 18.547177422003926 ], [ 73.22453942571957, 18.547184805179427 ], [ 73.224914564183507, 18.547697155296248 ], [ 73.225555320053161, 18.548572266911606 ], [ 73.225805235983273, 18.548913586290269 ], [ 73.225812181411698, 18.548923071893114 ], [ 73.225895984954775, 18.548917247916791 ] ] ] ] } },
{ "type": "Feature", "properties": { "MAHA_GVMP_": 37393, "MAHA_GVMP1": 46, "CCODE": "240009000302939400", "NAME": "Wavloli", "OTHERS": null, "VIL_CD": "02939400", "DST": "24", "TQ": "0009", "CEN_CD": "02939800", "NAME_E": "Wavloli", "T_CODE": "272409", "D_NAME": "Raigad", "T_NAME": "Sudhagad", "T_Name_Old": "Sudhagad", "D_Name_Old": "RAIGAD", "D_CODE": "2724", "Remarks": null, "Type": null, "Disputed": 0, "Shape_Leng": 0.0830957443, "Shape_Area": 0.00021913886 }, "geometry": { "type": "MultiPolygon", "coordinates": [ [ [ [ 73.243795590388231, 18.547154586864508 ], [ 73.243926437315281, 18.547174679831073 ], [ 73.244133136560038, 18.547231525671805 ], [ 73.244296986866686, 18.547276587131591 ], [ 73.244359656768324, 18.547288422372333 ], [ 73.244426305825982, 18.547301009053854 ], [ 73.244807679956466, 18.547392122444137 ], [ 73.244834498277896, 18.547142387830547 ], [ 73.244914066502417, 18.546401437057625 ], [ 73.245083525281188, 18.546302493098096 ], [ 73.24548874836114, 18.546036495281271 ], [ 73.245555334417134, 18.545976902474479 ], [ 73.245617238867396, 18.545889200814486 ], [ 73.245716122116505, 18.545749110090071 ], [ 73.245719039136759, 18.545744197689601 ], [ 73.245896207743101, 18.545445836719182 ], [ 73.246060216425121, 18.545152218267674 ], [ 73.246103740526451, 18.545068237786268 ], [ 73.246206781764556, 18.544772923782261 ], [ 73.246421991562784, 18.544114953459939 ], [ 73.246828776737061, 18.543470336650444 ], [ 73.247008770215473, 18.543185106077374 ], [ 73.24700888869495, 18.543184513636106 ], [ 73.247032145769765, 18.542974679165752 ], [ 73.247198382344891, 18.542236968543193 ], [ 73.247818474527094, 18.541044116717899 ], [ 73.248347204102402, 18.540027001474868 ], [ 73.248841178753821, 18.539076731856824 ], [ 73.249481025473244, 18.538524398859352 ], [ 73.249481424660075, 18.538462366493604 ], [ 73.249485720301038, 18.537794834612839 ], [ 73.249486407024278, 18.537688119053428 ], [ 73.249487942488315, 18.537449510210536 ], [ 73.249446259665604, 18.537196661211738 ], [ 73.249422201479774, 18.53705072333662 ], [ 73.249213669573692, 18.536468880179484 ], [ 73.249107185566288, 18.536119830981931 ], [ 73.248341798674687, 18.535508552243527 ], [ 73.248264384009758, 18.535438597808422 ], [ 73.247965252513836, 18.535168291921423 ], [ 73.247939439501295, 18.535144966300493 ], [ 73.247904036977388, 18.535139091813676 ], [ 73.247857349620631, 18.535131344777199 ], [ 73.24726060750271, 18.53503232368206 ], [ 73.247123634593436, 18.533878987070977 ], [ 73.246229949143128, 18.532622250303689 ], [ 73.246232695682124, 18.532598948830582 ], [ 73.246254048639969, 18.532417791379601 ], [ 73.246284015166282, 18.53208366744235 ], [ 73.246299261463832, 18.532034206714059 ], [ 73.246305052885759, 18.531985072285067 ], [ 73.246311039829152, 18.531932794570139 ], [ 73.246406512614215, 18.531686270901446 ], [ 73.246469908823713, 18.531522572877066 ], [ 73.246501520490426, 18.531440946934595 ], [ 73.246591601794989, 18.53143953461705 ], [ 73.246626941649197, 18.531438980538326 ], [ 73.246721608048006, 18.531437496270485 ], [ 73.246764705624003, 18.531527439229194 ], [ 73.246841519250438, 18.531488761402557 ], [ 73.246897453556471, 18.531460596871568 ], [ 73.246975210792698, 18.531421443825252 ], [ 73.246989197388018, 18.53130002273997 ], [ 73.246989326886933, 18.531298315074707 ], [ 73.246986112930188, 18.531243082611127 ], [ 73.246890054838786, 18.531001803155164 ], [ 73.246295684197889, 18.530615158469459 ], [ 73.246222872955514, 18.53057024672205 ], [ 73.246088907490503, 18.53049769517736 ], [ 73.246160266968275, 18.530205443942634 ], [ 73.246167242577144, 18.530206244662622 ], [ 73.246180028706817, 18.530207712363449 ], [ 73.246297654112936, 18.530221214365611 ], [ 73.246307283095348, 18.530205266290579 ], [ 73.246384901535748, 18.530076710030926 ], [ 73.246465351304039, 18.530078255951651 ], [ 73.246521525418075, 18.530107678457682 ], [ 73.246558735495967, 18.530153557386939 ], [ 73.246632618766853, 18.530244653187879 ], [ 73.246633678122805, 18.53024595934022 ], [ 73.247133732937982, 18.530199450253519 ], [ 73.247265394415763, 18.530192739048573 ], [ 73.247303358130978, 18.530087905219659 ], [ 73.247390467864648, 18.530026840510118 ], [ 73.247413310905529, 18.530010827318449 ], [ 73.247447791254558, 18.529986481327796 ], [ 73.247541129210219, 18.52992057691165 ], [ 73.247544362924884, 18.529864040694918 ], [ 73.24755623387, 18.529656496294194 ], [ 73.24747435540155, 18.529544961838212 ], [ 73.247462897721391, 18.529536289628595 ], [ 73.247374846145419, 18.52953575270999 ], [ 73.246943011221504, 18.529591774617643 ], [ 73.246833630796459, 18.529532451601312 ], [ 73.246777746354837, 18.529502142356591 ], [ 73.246800709597323, 18.529448905204276 ], [ 73.246840742620634, 18.529356094002537 ], [ 73.246839592797812, 18.529319126888538 ], [ 73.246830533860418, 18.529027879068735 ], [ 73.246951129511217, 18.528924443157507 ], [ 73.247060629968587, 18.528891878722106 ], [ 73.247094189180018, 18.52888189850421 ], [ 73.247126360374409, 18.52888487467817 ], [ 73.247418849681708, 18.528853707570022 ], [ 73.247417173257361, 18.528868447779928 ], [ 73.24741439646823, 18.528892863103579 ], [ 73.247359003269082, 18.529379914449123 ], [ 73.247719845088227, 18.529391215104283 ], [ 73.247911556694476, 18.52939721874759 ], [ 73.247946349567428, 18.529288806673605 ], [ 73.24802282320087, 18.52905051985914 ], [ 73.248036007888174, 18.52900943716935 ], [ 73.248012296058732, 18.528883075449869 ], [ 73.248010561971512, 18.528873834390538 ], [ 73.248007428607536, 18.52887216209183 ], [ 73.247937720916411, 18.528834958575487 ], [ 73.24789930719794, 18.528814456868815 ], [ 73.247948250269587, 18.528685970452273 ], [ 73.247976969041474, 18.528617683574964 ], [ 73.247976841986144, 18.528610910760335 ], [ 73.247992134244441, 18.528570765111226 ], [ 73.247972298243496, 18.528368701834893 ], [ 73.247957989243844, 18.528222940130661 ], [ 73.247937698294152, 18.527829437401067 ], [ 73.247986365654583, 18.52766755959334 ], [ 73.248024414849112, 18.527426178842575 ], [ 73.24812547802901, 18.527233404392518 ], [ 73.248125819519203, 18.527232753011162 ], [ 73.248127151545589, 18.52723021221459 ], [ 73.248164264526054, 18.527159420387989 ], [ 73.248181390155821, 18.527138001208471 ], [ 73.24822717514229, 18.527080737479992 ], [ 73.248248263247433, 18.527024310175193 ], [ 73.248253770372173, 18.527014947497094 ], [ 73.24830473182675, 18.526879934619387 ], [ 73.24838505295395, 18.526667138298421 ], [ 73.248400963409665, 18.526593705978428 ], [ 73.248409846755976, 18.525868312969692 ], [ 73.248504886137482, 18.525779301248804 ], [ 73.248588957783682, 18.525701914826072 ], [ 73.248826108269782, 18.525483621533112 ], [ 73.248897350458776, 18.52541804405115 ], [ 73.248932785773945, 18.525274975789557 ], [ 73.249299337789353, 18.525197140793182 ], [ 73.249304297719561, 18.525194068986195 ], [ 73.249424580581092, 18.525250519438487 ], [ 73.249562529403249, 18.525247359129651 ], [ 73.249568995438437, 18.525245303357224 ], [ 73.249617584453574, 18.525229855247233 ], [ 73.249705075757163, 18.525202038730868 ], [ 73.249553009672809, 18.524992585870848 ], [ 73.249530459323864, 18.524961525405502 ], [ 73.249573119424554, 18.524342644357091 ], [ 73.249704021081186, 18.523865446042976 ], [ 73.249730878741275, 18.523820481184657 ], [ 73.249835293934552, 18.523645669925997 ], [ 73.249925656586129, 18.523037127159625 ], [ 73.249295659406755, 18.522816700672081 ], [ 73.248795911041213, 18.522641844377972 ], [ 73.248494440749994, 18.522536362525216 ], [ 73.248360794749772, 18.522489600747861 ], [ 73.248182918113173, 18.522427362801864 ], [ 73.247924888436216, 18.522337079419856 ], [ 73.247907582807329, 18.522331024244806 ], [ 73.247134009537888, 18.522445662084635 ], [ 73.247033654833217, 18.522460533666845 ], [ 73.24694637128465, 18.522531307676957 ], [ 73.246743730158016, 18.522695619188539 ], [ 73.24656690473546, 18.52283899760647 ], [ 73.246558417409574, 18.522845879521412 ], [ 73.246252346195888, 18.523094055546949 ], [ 73.245871267498785, 18.523403049243882 ], [ 73.245829603844186, 18.523472347751635 ], [ 73.245738016161852, 18.523511357573682 ], [ 73.245543346122133, 18.523632727233064 ], [ 73.245506700753992, 18.523655574240024 ], [ 73.245248663044549, 18.523860543358637 ], [ 73.244916449316747, 18.524007254669868 ], [ 73.244632137329631, 18.524066349816906 ], [ 73.244220700024073, 18.524197210593002 ], [ 73.244099930631023, 18.52421289638437 ], [ 73.243804517322417, 18.524251264970189 ], [ 73.24369781311924, 18.524251357042999 ], [ 73.243667185868674, 18.524134458729577 ], [ 73.243610643799855, 18.523869404842799 ], [ 73.243567700847393, 18.52378482263083 ], [ 73.243364236584512, 18.523320726131828 ], [ 73.243050624818977, 18.522739582336669 ], [ 73.242672660704386, 18.522260562470251 ], [ 73.242032352645538, 18.521570544611734 ], [ 73.241751188609328, 18.521474368589395 ], [ 73.241788900309245, 18.521240755496819 ], [ 73.241346467576648, 18.521090178309123 ], [ 73.240644228457143, 18.521034378919126 ], [ 73.240087642307344, 18.520758739722851 ], [ 73.239615350573843, 18.520748500327898 ], [ 73.239602346259062, 18.520814474025713 ], [ 73.239600765285672, 18.520822494640981 ], [ 73.239584123152667, 18.520906923692451 ], [ 73.239584819544746, 18.520923024779847 ], [ 73.239590971260839, 18.521065256751854 ], [ 73.239600215872315, 18.521066761916529 ], [ 73.239608768793005, 18.521210002879116 ], [ 73.239607246825244, 18.521266735941822 ], [ 73.239604297055905, 18.52137669179973 ], [ 73.239607952838583, 18.521463616059179 ], [ 73.239594132864113, 18.522194749925177 ], [ 73.239586827051085, 18.522581255135549 ], [ 73.239632642324807, 18.522852216150795 ], [ 73.239659198277252, 18.523008971208071 ], [ 73.239675365948017, 18.523275058469835 ], [ 73.239683951947825, 18.523416366378285 ], [ 73.239794821276291, 18.524276809209766 ], [ 73.23979546616647, 18.524281814096241 ], [ 73.239797826312326, 18.524293674816306 ], [ 73.239918677286198, 18.524900999243812 ], [ 73.239961515424227, 18.525065111074639 ], [ 73.239975557994853, 18.525118907739682 ], [ 73.240129974975218, 18.526334287926943 ], [ 73.240099020488969, 18.526747270046542 ], [ 73.240082888194365, 18.526962499738943 ], [ 73.240072705162333, 18.527060422868658 ], [ 73.240029512194212, 18.527184685401551 ], [ 73.240001801612834, 18.527302819110901 ], [ 73.239982131044712, 18.528068329674682 ], [ 73.239980594577389, 18.528128123386523 ], [ 73.239979364058968, 18.528176010646348 ], [ 73.239873201266107, 18.528974929482843 ], [ 73.239866933109795, 18.529022099710403 ], [ 73.239851141948179, 18.529396829882273 ], [ 73.239835473106496, 18.529564099589891 ], [ 73.239817160573807, 18.529609982897 ], [ 73.239806646568354, 18.529757360687313 ], [ 73.239807472511188, 18.529863013741249 ], [ 73.239798892554006, 18.529954606961553 ], [ 73.239808539472506, 18.529999497252675 ], [ 73.239818951933216, 18.53133142646692 ], [ 73.239812653241188, 18.531482485780032 ], [ 73.239790282508693, 18.531496298332911 ], [ 73.239769128449439, 18.531509359660561 ], [ 73.239723583800981, 18.531537480658358 ], [ 73.239636027180893, 18.531536035761405 ], [ 73.239304163996508, 18.531530558844338 ], [ 73.239259427197339, 18.531810988454879 ], [ 73.239180380922221, 18.532317294177005 ], [ 73.239145870703908, 18.532888189492041 ], [ 73.239115386280901, 18.533196097026917 ], [ 73.239083892719577, 18.533514196177805 ], [ 73.239062077665096, 18.533835081886252 ], [ 73.239048684768534, 18.534086087038702 ], [ 73.239028625394781, 18.534343314040541 ], [ 73.239011740275373, 18.534607201323979 ], [ 73.239015099859955, 18.534616171926359 ], [ 73.239014698573328, 18.53462160486913 ], [ 73.239235288664247, 18.535247439864008 ], [ 73.239254215264623, 18.535301136196892 ], [ 73.239395035174823, 18.536017240689205 ], [ 73.239396413892393, 18.536074332411886 ], [ 73.239398099551693, 18.536082983149754 ], [ 73.239398227212746, 18.536149420662696 ], [ 73.239401167647316, 18.537679671136402 ], [ 73.239401175445153, 18.537683729191258 ], [ 73.238366542541371, 18.537908561165978 ], [ 73.238238964704919, 18.53793628416696 ], [ 73.238233006247697, 18.537937041018779 ], [ 73.238149245383681, 18.537947680424907 ], [ 73.238099261391824, 18.537992765355398 ], [ 73.237505495455991, 18.538528331909163 ], [ 73.23740940081143, 18.538530120695498 ], [ 73.237293178608695, 18.538532284088205 ], [ 73.237334391855541, 18.538980507572319 ], [ 73.237268463547082, 18.539051825321508 ], [ 73.237200877547707, 18.539172300349662 ], [ 73.236435666118155, 18.539972221176129 ], [ 73.236048201256381, 18.540371825461307 ], [ 73.2355848153083, 18.540873078733398 ], [ 73.235511049586023, 18.540925801889216 ], [ 73.235112512615672, 18.541344999314276 ], [ 73.234712604307617, 18.541765636252308 ], [ 73.234905308489488, 18.541889448359029 ], [ 73.23517127963396, 18.542057439937366 ], [ 73.235586584092005, 18.542319751386913 ], [ 73.235990252695785, 18.543107468512915 ], [ 73.236940907221026, 18.543693771012101 ], [ 73.237295455333481, 18.54392088893303 ], [ 73.237321225115863, 18.543937396599176 ], [ 73.237982509943095, 18.544154217186417 ], [ 73.238843107903506, 18.54435203207305 ], [ 73.238964497427844, 18.544493794478058 ], [ 73.239253283515723, 18.544831046456409 ], [ 73.239372190852293, 18.545011825848917 ], [ 73.239464982693733, 18.545129730265842 ], [ 73.24003860269039, 18.546024284754424 ], [ 73.240909933630917, 18.546623259269381 ], [ 73.241141967184035, 18.546778768229615 ], [ 73.241164885522721, 18.546794128076499 ], [ 73.241552889287107, 18.546816148878236 ], [ 73.242233111163273, 18.546863169644553 ], [ 73.242593048967478, 18.546891009906517 ], [ 73.242926335085826, 18.546960680359234 ], [ 73.243441842252878, 18.547100264520168 ], [ 73.243795590388231, 18.547154586864508 ] ] ] ] } },
{ "type": "Feature", "properties": { "MAHA_GVMP_": 37395, "MAHA_GVMP1": 39, "CCODE": "240009000202937800", "NAME": "Balap", "OTHERS": null, "VIL_CD": "02937800", "DST": "24", "TQ": "0009", "CEN_CD": "02938200", "NAME_E": "Balap", "T_CODE": "272409", "D_NAME": "Raigad", "T_NAME": "Sudhagad", "T_Name_Old": "Sudhagad", "D_Name_Old": "RAIGAD", "D_CODE": "2724", "Remarks": null, "Type": null, "Disputed": 0, "Shape_Leng": 0.04809262408, "Shape_Area": 0.00012785008 }, "geometry": { "type": "MultiPolygon", "coordinates": [ [ [ [ 73.199369394062387, 18.546417537887066 ], [ 73.199405825920621, 18.546409619819826 ], [ 73.200222856288974, 18.545979106920186 ], [ 73.200691197861772, 18.545756948346309 ], [ 73.200817271239998, 18.545694047404425 ], [ 73.202468039822804, 18.544774575813847 ], [ 73.203172563171847, 18.544020608485084 ], [ 73.203405649212243, 18.543771162244923 ], [ 73.203592933387256, 18.543570731944442 ], [ 73.203716121284117, 18.543443337110546 ], [ 73.204769987411453, 18.542348224245814 ], [ 73.205424452682394, 18.541668533621532 ], [ 73.205472973177962, 18.541663710756893 ], [ 73.207252245968562, 18.541484737221367 ], [ 73.207256101246458, 18.541484483413342 ], [ 73.207276317283458, 18.541483152511034 ], [ 73.207800703681755, 18.541191267387148 ], [ 73.208346144972666, 18.540851365435969 ], [ 73.208418362303803, 18.540806361634736 ], [ 73.208494645202393, 18.540758824231034 ], [ 73.208671795381179, 18.5406465948966 ], [ 73.20874968357839, 18.540617693325657 ], [ 73.208871954130302, 18.540572322939454 ], [ 73.209054568855947, 18.540527080688094 ], [ 73.209240855671055, 18.540333471858673 ], [ 73.209295354890628, 18.540301935222772 ], [ 73.209583749446665, 18.540019647573729 ], [ 73.209639184969149, 18.539965385770131 ], [ 73.209648320352471, 18.539960914525068 ], [ 73.209689161656286, 18.539940925045642 ], [ 73.209728385735218, 18.539924641115931 ], [ 73.209914899856187, 18.539847511930532 ], [ 73.210511694922161, 18.539541041652626 ], [ 73.21063922322918, 18.539537871297057 ], [ 73.210760068352215, 18.539497695518094 ], [ 73.210839537995355, 18.539471275245035 ], [ 73.210963097184049, 18.539444083131912 ], [ 73.210994432265579, 18.539437187094052 ], [ 73.211190703919101, 18.539356495817458 ], [ 73.211361809066545, 18.539286150776036 ], [ 73.210900997158262, 18.537171812589179 ], [ 73.210240297002031, 18.535170762270866 ], [ 73.207201931997247, 18.5324097600747 ], [ 73.206927909531373, 18.531958340260474 ], [ 73.206887740746481, 18.531892166673003 ], [ 73.205007406141306, 18.528794458377092 ], [ 73.204980364272103, 18.528754422806287 ], [ 73.204816306197245, 18.528511533833694 ], [ 73.20470565419464, 18.528236105735459 ], [ 73.204340015090793, 18.52834558200118 ], [ 73.204228851554092, 18.528356690025873 ], [ 73.204020260971788, 18.528609634128372 ], [ 73.203624683471219, 18.529089322295761 ], [ 73.203627168743651, 18.529118627579294 ], [ 73.203107787460453, 18.529766125577453 ], [ 73.203076063382525, 18.529805674885097 ], [ 73.202450819042269, 18.530600884831358 ], [ 73.202280460614475, 18.530817551628218 ], [ 73.202260945751334, 18.530853777308096 ], [ 73.202201415312459, 18.530964284285005 ], [ 73.201875739840943, 18.531364291865316 ], [ 73.201834440695166, 18.531459012615983 ], [ 73.201756759982288, 18.531714406903234 ], [ 73.201494692024198, 18.53262346419632 ], [ 73.201196013185381, 18.5336595044879 ], [ 73.201195358290249, 18.533760239190485 ], [ 73.201195214361974, 18.533782377948853 ], [ 73.200774646883872, 18.534510238012615 ], [ 73.200575093942632, 18.534855594162536 ], [ 73.2000570507048, 18.535752137794759 ], [ 73.199725652769928, 18.53632566089027 ], [ 73.198803411395602, 18.537988821750844 ], [ 73.198802224966528, 18.537997943971675 ], [ 73.198755462419285, 18.538357491239537 ], [ 73.198552432752763, 18.539834636591195 ], [ 73.198309456335323, 18.541710365968868 ], [ 73.198307821026901, 18.541799233251652 ], [ 73.198306686353533, 18.541860894561296 ], [ 73.198280270533644, 18.543296391065383 ], [ 73.198263746930138, 18.544194309453701 ], [ 73.198284978450147, 18.544365035708722 ], [ 73.198348948085993, 18.544879424319902 ], [ 73.199273729071251, 18.546242042136328 ], [ 73.199386932502819, 18.546408839836431 ], [ 73.19936697501754, 18.546413100196673 ], [ 73.199369394062387, 18.546417537887066 ] ] ] ] } },
{ "type": "Feature", "properties": { "MAHA_GVMP_": 37458, "MAHA_GVMP1": 201, "CCODE": "240009000202938100", "NAME": "Zap", "OTHERS": null, "VIL_CD": "02938100", "DST": "24", "TQ": "0009", "CEN_CD": "02938500", "NAME_E": "Zap", "T_CODE": "272409", "D_NAME": "Raigad", "T_NAME": "Sudhagad", "T_Name_Old": "Sudhagad", "D_Name_Old": "RAIGAD", "D_CODE": "2724", "Remarks": null, "Type": null, "Disputed": 0, "Shape_Leng": 0.06540502884, "Shape_Area": 0.00022563945 }, "geometry": { "type": "MultiPolygon", "coordinates": [ [ [ [ 73.2355848153083, 18.540873078733398 ], [ 73.236048201256381, 18.540371825461307 ], [ 73.236435666118155, 18.539972221176129 ], [ 73.237200877547707, 18.539172300349662 ], [ 73.237268463547082, 18.539051825321508 ], [ 73.237334391855541, 18.538980507572319 ], [ 73.237293178608695, 18.538532284088205 ], [ 73.23740940081143, 18.538530120695498 ], [ 73.237505495455991, 18.538528331909163 ], [ 73.238099261391824, 18.537992765355398 ], [ 73.238149245383681, 18.537947680424907 ], [ 73.238233006247697, 18.537937041018779 ], [ 73.238238964704919, 18.53793628416696 ], [ 73.238366542541371, 18.537908561165978 ], [ 73.239401175445153, 18.537683729191258 ], [ 73.239401167647316, 18.537679671136402 ], [ 73.239398227212746, 18.536149420662696 ], [ 73.239398099551693, 18.536082983149754 ], [ 73.239396413892393, 18.536074332411886 ], [ 73.239395035174823, 18.536017240689205 ], [ 73.239254215264623, 18.535301136196892 ], [ 73.239235288664247, 18.535247439864008 ], [ 73.239014698573328, 18.53462160486913 ], [ 73.239015099859955, 18.534616171926359 ], [ 73.239011740275373, 18.534607201323979 ], [ 73.239028625394781, 18.534343314040541 ], [ 73.239048684768534, 18.534086087038702 ], [ 73.239062077665096, 18.533835081886252 ], [ 73.239083892719577, 18.533514196177805 ], [ 73.239115386280901, 18.533196097026917 ], [ 73.239145870703908, 18.532888189492041 ], [ 73.239180380922221, 18.532317294177005 ], [ 73.239259427197339, 18.531810988454879 ], [ 73.239304163996508, 18.531530558844338 ], [ 73.239636027180893, 18.531536035761405 ], [ 73.239723583800981, 18.531537480658358 ], [ 73.239769128449439, 18.531509359660561 ], [ 73.239790282508693, 18.531496298332911 ], [ 73.239812653241188, 18.531482485780032 ], [ 73.239818951933216, 18.53133142646692 ], [ 73.239808539472506, 18.529999497252675 ], [ 73.239798892554006, 18.529954606961553 ], [ 73.239807472511188, 18.529863013741249 ], [ 73.239806646568354, 18.529757360687313 ], [ 73.239817160573807, 18.529609982897 ], [ 73.239835473106496, 18.529564099589891 ], [ 73.239851141948179, 18.529396829882273 ], [ 73.239866933109795, 18.529022099710403 ], [ 73.239873201266107, 18.528974929482843 ], [ 73.239979364058968, 18.528176010646348 ], [ 73.239980594577389, 18.528128123386523 ], [ 73.239982131044712, 18.528068329674682 ], [ 73.240001801612834, 18.527302819110901 ], [ 73.240029512194212, 18.527184685401551 ], [ 73.240072705162333, 18.527060422868658 ], [ 73.240082888194365, 18.526962499738943 ], [ 73.240099020488969, 18.526747270046542 ], [ 73.240129974975218, 18.526334287926943 ], [ 73.239975557994853, 18.525118907739682 ], [ 73.239961515424227, 18.525065111074639 ], [ 73.239918677286198, 18.524900999243812 ], [ 73.239797826312326, 18.524293674816306 ], [ 73.23979546616647, 18.524281814096241 ], [ 73.239794821276291, 18.524276809209766 ], [ 73.239683951947825, 18.523416366378285 ], [ 73.239675365948017, 18.523275058469835 ], [ 73.239659198277252, 18.523008971208071 ], [ 73.239632642324807, 18.522852216150795 ], [ 73.239586827051085, 18.522581255135549 ], [ 73.239594132864113, 18.522194749925177 ], [ 73.239607952838583, 18.521463616059179 ], [ 73.239604297055905, 18.52137669179973 ], [ 73.239607246825244, 18.521266735941822 ], [ 73.239608768793005, 18.521210002879116 ], [ 73.239600215872315, 18.521066761916529 ], [ 73.239590971260839, 18.521065256751854 ], [ 73.239584819544746, 18.520923024779847 ], [ 73.239584123152667, 18.520906923692451 ], [ 73.239600765285672, 18.520822494640981 ], [ 73.239602346259062, 18.520814474025713 ], [ 73.239615350573843, 18.520748500327898 ], [ 73.239147271299487, 18.520688860374662 ], [ 73.238244044018586, 18.520573772989167 ], [ 73.238208349839397, 18.520569224817564 ], [ 73.238029216667996, 18.520374911227123 ], [ 73.237749925772505, 18.520071950948704 ], [ 73.237018508239942, 18.519910087023447 ], [ 73.236947552156778, 18.519894384156544 ], [ 73.236703838320466, 18.519931616517169 ], [ 73.235364887263643, 18.519870402076549 ], [ 73.235350173416577, 18.519869729333095 ], [ 73.234855642429409, 18.520903228356531 ], [ 73.234909148585871, 18.522252180720557 ], [ 73.234912484478343, 18.522336281738092 ], [ 73.234541014019158, 18.522595330082822 ], [ 73.233326292558843, 18.522663302694184 ], [ 73.231469585562706, 18.52325804481535 ], [ 73.231363025020585, 18.523292177708981 ], [ 73.231303241531521, 18.523311327199167 ], [ 73.231301540080608, 18.523311872197326 ], [ 73.230293316789641, 18.523634816755361 ], [ 73.229937605745704, 18.523748753182076 ], [ 73.22967966772103, 18.523700516939869 ], [ 73.229521488328942, 18.523670936082624 ], [ 73.229230845857614, 18.523616583160845 ], [ 73.229199839156934, 18.523610784582843 ], [ 73.228452048791326, 18.52421569860752 ], [ 73.228014605511135, 18.524569558560245 ], [ 73.227786910562031, 18.524564868741038 ], [ 73.227631545007625, 18.52456166852869 ], [ 73.226998955369027, 18.524548637158716 ], [ 73.22669558643139, 18.524542386996586 ], [ 73.224915225816915, 18.524062577514485 ], [ 73.224634674407923, 18.524045494442248 ], [ 73.224584238295051, 18.524257916120007 ], [ 73.224543386006019, 18.524487572955422 ], [ 73.224523747903902, 18.524655402331405 ], [ 73.224518888424996, 18.524696931919721 ], [ 73.224519031588159, 18.524706954295198 ], [ 73.224523261324237, 18.525003063292047 ], [ 73.224533948712804, 18.525751245355423 ], [ 73.224559307893685, 18.525890580845726 ], [ 73.224601695838032, 18.526035596449162 ], [ 73.224687266398291, 18.526287912345026 ], [ 73.224755391089957, 18.526529218025303 ], [ 73.224786126375704, 18.526638085795412 ], [ 73.224819952625069, 18.526735085466839 ], [ 73.224849525160266, 18.52681988715301 ], [ 73.224967359846062, 18.527274119007643 ], [ 73.225064965437412, 18.528065655480646 ], [ 73.225095373004933, 18.528312245363395 ], [ 73.225154735857132, 18.528793645784049 ], [ 73.225233545678577, 18.528914641386905 ], [ 73.225404603342611, 18.52918807649047 ], [ 73.225532311327072, 18.529428150596118 ], [ 73.225599386337478, 18.529554242431402 ], [ 73.225590251200401, 18.529630822387105 ], [ 73.225548135597137, 18.529983877059749 ], [ 73.225532239064876, 18.530346520250021 ], [ 73.225526906352286, 18.530383448918883 ], [ 73.225412906411748, 18.531158377746465 ], [ 73.225386675883783, 18.531240947597155 ], [ 73.225394073467328, 18.531286396353721 ], [ 73.225367916476614, 18.531464200490859 ], [ 73.225369959505088, 18.531556452824077 ], [ 73.225457247522968, 18.531674519710293 ], [ 73.22552676055102, 18.531768543772614 ], [ 73.225538210163165, 18.532155258972921 ], [ 73.225407427152959, 18.532368910411492 ], [ 73.225377348588211, 18.532418047658325 ], [ 73.225388232906766, 18.532555938195514 ], [ 73.225389307818261, 18.532690379851545 ], [ 73.225301212615875, 18.532813087017757 ], [ 73.225230042984776, 18.532874486240019 ], [ 73.22514505348795, 18.533114258534113 ], [ 73.225165974248682, 18.533399048849162 ], [ 73.225105125049765, 18.533710193507147 ], [ 73.225234143605803, 18.533750890380361 ], [ 73.225308473330188, 18.533774336473471 ], [ 73.225439431805739, 18.533943616734177 ], [ 73.225490018731136, 18.533920619886715 ], [ 73.225638641382375, 18.533884295142286 ], [ 73.225803277673322, 18.53384405636217 ], [ 73.226151440173567, 18.533758961380045 ], [ 73.226239352194682, 18.533744134329538 ], [ 73.22623828905364, 18.533753905806691 ], [ 73.226186096352308, 18.534233614770642 ], [ 73.226124864468375, 18.534568994233837 ], [ 73.226161655152453, 18.534625376611189 ], [ 73.226506271092148, 18.535153504505161 ], [ 73.227804352025373, 18.537177646917371 ], [ 73.227924880233616, 18.537365587823274 ], [ 73.228233984513736, 18.537550850802802 ], [ 73.228635710979688, 18.537767616707015 ], [ 73.230091839897057, 18.538068035437448 ], [ 73.232100060117205, 18.538035197001648 ], [ 73.232150260852336, 18.53803417966401 ], [ 73.232239426099625, 18.538032917296562 ], [ 73.233510146745289, 18.539418607896323 ], [ 73.233624302234261, 18.539534459937329 ], [ 73.234033610868892, 18.539949849759807 ], [ 73.234805036351304, 18.540632208590409 ], [ 73.234832313961704, 18.540640927807715 ], [ 73.235285263051708, 18.540785711104377 ], [ 73.2355848153083, 18.540873078733398 ] ] ] ] } },
{ "type": "Feature", "properties": { "MAHA_GVMP_": 37534, "MAHA_GVMP1": 14, "CCODE": "240009000202938000", "NAME": "Burmali", "OTHERS": null, "VIL_CD": "02938000", "DST": "24", "TQ": "0009", "CEN_CD": "02938400", "NAME_E": "Burmali", "T_CODE": "272409", "D_NAME": "Raigad", "T_NAME": "Sudhagad", "T_Name_Old": "Sudhagad", "D_Name_Old": "RAIGAD", "D_CODE": "2724", "Remarks": null, "Type": null, "Disputed": 0, "Shape_Leng": 0.02073644701, "Shape_Area": 1.570336e-05 }, "geometry": { "type": "MultiPolygon", "coordinates": [ [ [ [ 73.21859128706717, 18.52670103361271 ], [ 73.218591506978726, 18.526703661177351 ], [ 73.218616708169748, 18.52700477157282 ], [ 73.218625172076258, 18.527105900293691 ], [ 73.218656218109231, 18.527296881184327 ], [ 73.218705848219713, 18.527562543930514 ], [ 73.218727189183198, 18.527676778737941 ], [ 73.21875482040673, 18.527911494477905 ], [ 73.218799900812314, 18.528294432359303 ], [ 73.218793498166065, 18.528392567973981 ], [ 73.21878456205252, 18.528529534744905 ], [ 73.218847324735577, 18.528615659566469 ], [ 73.218863787769692, 18.528638250613881 ], [ 73.21893415190857, 18.528611486139368 ], [ 73.219071893170678, 18.528559093263709 ], [ 73.219739499446575, 18.528631915032406 ], [ 73.219836675371653, 18.528634140128986 ], [ 73.219858576493834, 18.528644903573706 ], [ 73.219892998219393, 18.528661820340346 ], [ 73.219902798813109, 18.528666636899914 ], [ 73.219885856681685, 18.528993627257023 ], [ 73.219929883480063, 18.529085413394114 ], [ 73.219960667343344, 18.529149590875761 ], [ 73.219884128111516, 18.529297302990642 ], [ 73.219891990790927, 18.529387928328845 ], [ 73.21989463759121, 18.529418435359162 ], [ 73.219853248538868, 18.529489944485761 ], [ 73.219849271731164, 18.529496815334028 ], [ 73.219824872167919, 18.52953897116646 ], [ 73.219889074666128, 18.529650582290174 ], [ 73.219904669413154, 18.529712886837274 ], [ 73.219955549743531, 18.529708782082707 ], [ 73.22029844060728, 18.529688130002114 ], [ 73.220339734167851, 18.529685642877155 ], [ 73.220569714564533, 18.529760121238382 ], [ 73.220972239243224, 18.529866943230331 ], [ 73.221233387385269, 18.529926609426411 ], [ 73.221265684709863, 18.529912151568055 ], [ 73.221329346952814, 18.529883653218576 ], [ 73.221340473948487, 18.529864020378341 ], [ 73.22136161123899, 18.529826725027874 ], [ 73.221385402461522, 18.529835106260862 ], [ 73.221419075059544, 18.529846968523486 ], [ 73.221431460059591, 18.529805465490142 ], [ 73.221433150371297, 18.529804377674793 ], [ 73.221553577248301, 18.52942225823557 ], [ 73.221663371243892, 18.529343580467469 ], [ 73.221805777026702, 18.529277048048414 ], [ 73.221813779575939, 18.529273309228131 ], [ 73.221817895199138, 18.529273663593187 ], [ 73.221926132876604, 18.529282983083249 ], [ 73.222192865322882, 18.529436770760071 ], [ 73.22228194997416, 18.529488133400605 ], [ 73.222305723995532, 18.529526749438787 ], [ 73.222349259815815, 18.529597464426445 ], [ 73.22240395473375, 18.529686304976281 ], [ 73.222609396420864, 18.529505736312842 ], [ 73.222613939038865, 18.529501333655901 ], [ 73.222749800347003, 18.528837122383095 ], [ 73.222820745598654, 18.528412073165725 ], [ 73.222795575982957, 18.52832987726606 ], [ 73.222755473082032, 18.528198913870938 ], [ 73.222683180082868, 18.528010347684415 ], [ 73.222797705877781, 18.527737300606475 ], [ 73.222812778371065, 18.527701365397888 ], [ 73.222859930073355, 18.527396900537497 ], [ 73.222930614597885, 18.526645886429151 ], [ 73.222784316575826, 18.526396531772434 ], [ 73.222480768438629, 18.525916551913554 ], [ 73.222396719185213, 18.525877491893084 ], [ 73.222346533010352, 18.525854168958574 ], [ 73.222165472469044, 18.525988061093813 ], [ 73.222160068964172, 18.525991103308968 ], [ 73.222155790899194, 18.525995220489733 ], [ 73.221763753680307, 18.526372513190779 ], [ 73.221609606896095, 18.526603096535382 ], [ 73.221583310852168, 18.526686123697402 ], [ 73.22147283821721, 18.526677733613951 ], [ 73.221270996544604, 18.526683898612589 ], [ 73.220795445821352, 18.526959587238309 ], [ 73.22079057704434, 18.526911247945407 ], [ 73.22075792468371, 18.526587060685927 ], [ 73.220788194648549, 18.526168177442287 ], [ 73.220795977752289, 18.526060472598829 ], [ 73.220678744057352, 18.525827757980608 ], [ 73.22066403576946, 18.525770635765014 ], [ 73.220622331355855, 18.525608669145527 ], [ 73.220623355661246, 18.525602427752347 ], [ 73.220662106099155, 18.52542170308584 ], [ 73.220768388318959, 18.52511776432334 ], [ 73.220967289046484, 18.524837544732861 ], [ 73.220893534989784, 18.524837944601074 ], [ 73.220454841882542, 18.524840322445129 ], [ 73.220297065107957, 18.524845317208303 ], [ 73.220059149849249, 18.524842466338555 ], [ 73.219865416905236, 18.524843515698421 ], [ 73.219848739153804, 18.5248399447986 ], [ 73.219785672736464, 18.524826441533264 ], [ 73.219754716946341, 18.524838817970533 ], [ 73.219699868769339, 18.524860746808486 ], [ 73.219226629407842, 18.525049951640938 ], [ 73.218888108638737, 18.525100403908198 ], [ 73.218301600720054, 18.525181461833142 ], [ 73.217962823843664, 18.525410867999256 ], [ 73.217882924856667, 18.525464972222892 ], [ 73.217858174365574, 18.525481732197647 ], [ 73.217822285768079, 18.525655271413882 ], [ 73.217810014552242, 18.525714608762598 ], [ 73.218767749967299, 18.526491441434246 ], [ 73.218624423387155, 18.526624987795401 ], [ 73.21859128706717, 18.52670103361271 ] ] ] ] } },
{ "type": "Feature", "properties": { "MAHA_GVMP_": 37538, "MAHA_GVMP1": 633, "CCODE": "240009000302940200", "NAME": "Bharje", "OTHERS": null, "VIL_CD": "02940200", "DST": "24", "TQ": "0009", "CEN_CD": "02940600", "NAME_E": "Bharje", "T_CODE": "272409", "D_NAME": "Raigad", "T_NAME": "Sudhagad", "T_Name_Old": "Sudhagad", "D_Name_Old": "RAIGAD", "D_CODE": "2724", "Remarks": null, "Type": null, "Disputed": 0, "Shape_Leng": 0.11358457571, "Shape_Area": 0.00050506326 }, "geometry": { "type": "MultiPolygon", "coordinates": [ [ [ [ 73.263754428780373, 18.53048652039115 ], [ 73.263854214816149, 18.530398588359162 ], [ 73.263925227010475, 18.530336382671805 ], [ 73.263968436219159, 18.530298531975177 ], [ 73.264054936195066, 18.530286089568051 ], [ 73.264182596853061, 18.530292900925417 ], [ 73.264583144803964, 18.530167756432775 ], [ 73.26470562698961, 18.5300610011613 ], [ 73.264731303401732, 18.529950184983761 ], [ 73.264919851562126, 18.529657321406091 ], [ 73.265087394351895, 18.52941972655367 ], [ 73.265129521539848, 18.529359985251801 ], [ 73.265158712152072, 18.529347205553961 ], [ 73.265814541016539, 18.529060080909574 ], [ 73.265844007415467, 18.52904902020839 ], [ 73.265873490244246, 18.529037953334068 ], [ 73.266058167784365, 18.528699186620543 ], [ 73.26623830086686, 18.52841345703655 ], [ 73.266256522799608, 18.528384553092394 ], [ 73.26673397867944, 18.528601044279526 ], [ 73.266930372324055, 18.528675934452508 ], [ 73.26741354770536, 18.528523617698454 ], [ 73.267528353775788, 18.527981285474027 ], [ 73.267560116593586, 18.52783523261354 ], [ 73.267477169612391, 18.527698261433727 ], [ 73.267462786116027, 18.52767450979627 ], [ 73.267416797114095, 18.527476312480474 ], [ 73.267389143366358, 18.527358338030353 ], [ 73.267383683486514, 18.527296486198395 ], [ 73.267356043467885, 18.527016900948524 ], [ 73.267336962947809, 18.526823896490271 ], [ 73.267286566152961, 18.526382686630825 ], [ 73.267479466022564, 18.526147057052412 ], [ 73.26746671361883, 18.52608487374556 ], [ 73.267474362493772, 18.526073785784263 ], [ 73.267472309594609, 18.525794128517816 ], [ 73.26746743340766, 18.525129863688903 ], [ 73.267460304226177, 18.524850307281554 ], [ 73.267459747552721, 18.52482847842515 ], [ 73.267451899366222, 18.524520726557455 ], [ 73.267430279762152, 18.524282643905337 ], [ 73.26743472758011, 18.524275377599224 ], [ 73.267510814448656, 18.524151075978637 ], [ 73.267555283119179, 18.524088817891823 ], [ 73.267886609285142, 18.523624944985499 ], [ 73.267938163543988, 18.523552766211765 ], [ 73.267985081225959, 18.523447392897253 ], [ 73.26803871775104, 18.523326929431391 ], [ 73.268230015184258, 18.523037040520137 ], [ 73.2682321659438, 18.523033781288291 ], [ 73.268232305293509, 18.5230332037533 ], [ 73.268234291854469, 18.523024970446272 ], [ 73.268234749359578, 18.523023074315006 ], [ 73.268313435386517, 18.522696959212624 ], [ 73.26831403592729, 18.522694970160501 ], [ 73.268342032641215, 18.522602242140749 ], [ 73.268405757646576, 18.522251002315784 ], [ 73.268420107419161, 18.522181634182687 ], [ 73.268421528141744, 18.522164078190315 ], [ 73.268431540870324, 18.521889445361467 ], [ 73.268441351012882, 18.521862595413268 ], [ 73.26843983441006, 18.521708877019705 ], [ 73.268500717601171, 18.521700111366215 ], [ 73.268517954762729, 18.521652933862754 ], [ 73.2685201592152, 18.521644376022607 ], [ 73.268554129213555, 18.521360305218764 ], [ 73.268587707322922, 18.521271865550716 ], [ 73.268625106117213, 18.52123696371001 ], [ 73.268669576837794, 18.521064324192423 ], [ 73.268669646099568, 18.521059868415875 ], [ 73.268675317487919, 18.520979402066189 ], [ 73.268679196301093, 18.520913372837697 ], [ 73.268672567439864, 18.520803543750162 ], [ 73.268632704441984, 18.520584363367732 ], [ 73.268650257399315, 18.520478842017098 ], [ 73.268661535264698, 18.520411043936917 ], [ 73.268709957996293, 18.520119944946146 ], [ 73.268718559132822, 18.52006823808938 ], [ 73.268791703595411, 18.519977688963309 ], [ 73.268982819354733, 18.5197410967819 ], [ 73.269127299164495, 18.519604841805744 ], [ 73.26912278644096, 18.519567823675629 ], [ 73.269011233329536, 18.518652741941878 ], [ 73.269039786745168, 18.518401821086059 ], [ 73.269050094285944, 18.518117625552122 ], [ 73.269094611603236, 18.517920030748996 ], [ 73.269165391190597, 18.517298029261894 ], [ 73.269192756867767, 18.517284519273744 ], [ 73.269235024910017, 18.517159163886333 ], [ 73.269616681553146, 18.516027266490084 ], [ 73.26962161849292, 18.516012335352002 ], [ 73.26966539788225, 18.515879930112646 ], [ 73.269678817914269, 18.515839342876006 ], [ 73.269699778941856, 18.515775948784949 ], [ 73.269722219701009, 18.515713977772975 ], [ 73.269772174332559, 18.515576025981488 ], [ 73.269783894160867, 18.515543661154197 ], [ 73.269782916342479, 18.515444848164066 ], [ 73.269775701994263, 18.514715801997511 ], [ 73.269680940254091, 18.513835973020377 ], [ 73.269567250076989, 18.51287993379907 ], [ 73.269558879029887, 18.512805982484849 ], [ 73.269557574005319, 18.512794453660717 ], [ 73.269794314667422, 18.512535064336873 ], [ 73.269832128282076, 18.512345833298355 ], [ 73.269835372564444, 18.512250904172276 ], [ 73.269933749065672, 18.511749584557151 ], [ 73.269913389249609, 18.511663893816262 ], [ 73.269920374792093, 18.511605546227941 ], [ 73.270020562534626, 18.510768711580681 ], [ 73.270049337141131, 18.510474211598591 ], [ 73.270104769737259, 18.510065350638058 ], [ 73.270131217435164, 18.509844438667358 ], [ 73.270167570309809, 18.509565256013502 ], [ 73.270173448237472, 18.509558787505966 ], [ 73.270239148489111, 18.509486486031335 ], [ 73.270323980590831, 18.509410143244622 ], [ 73.271128573652163, 18.508686062104346 ], [ 73.271151209757932, 18.508668520783431 ], [ 73.27129637817319, 18.508556025764619 ], [ 73.271274699886987, 18.50854481796955 ], [ 73.271162895999055, 18.508263962522733 ], [ 73.270849487986652, 18.507594685069364 ], [ 73.270806639109821, 18.507441742745868 ], [ 73.270634047009025, 18.506771812570548 ], [ 73.27062172959603, 18.506607404846477 ], [ 73.270489942835468, 18.506212456434184 ], [ 73.270444265671358, 18.50607556724816 ], [ 73.270453407627883, 18.506070640424241 ], [ 73.271222933038928, 18.505655921776395 ], [ 73.271659450405025, 18.504480227306942 ], [ 73.271705626875303, 18.504355856859831 ], [ 73.271603265583622, 18.50437673546412 ], [ 73.271539922224974, 18.504389655561113 ], [ 73.271223735154649, 18.504438489470999 ], [ 73.27072761058281, 18.504515112933404 ], [ 73.270745669351868, 18.50445992162804 ], [ 73.270827168625146, 18.504210842654231 ], [ 73.270865925884436, 18.5040923920252 ], [ 73.27125736617495, 18.503083991680285 ], [ 73.271395955652054, 18.502721066830475 ], [ 73.271559282017847, 18.502293361275065 ], [ 73.271824066293391, 18.501629280762529 ], [ 73.271968880093993, 18.501113090085084 ], [ 73.272038729034705, 18.500864111470491 ], [ 73.272068384665545, 18.50075840287019 ], [ 73.271611037392915, 18.500511069034644 ], [ 73.270429197890394, 18.499871920680164 ], [ 73.270429070426474, 18.499869524295718 ], [ 73.270412430792987, 18.499860805829428 ], [ 73.270416522496532, 18.499633616674657 ], [ 73.270424314213471, 18.499200985043842 ], [ 73.270424360722245, 18.49919840265818 ], [ 73.270161696503521, 18.498863487362144 ], [ 73.270287512213145, 18.498585964903441 ], [ 73.270434097970224, 18.49839491158292 ], [ 73.270399503837325, 18.498338934581909 ], [ 73.270091417621927, 18.497840416287715 ], [ 73.270077959096795, 18.497818638796105 ], [ 73.269298357085745, 18.496567753905651 ], [ 73.269485573033762, 18.496334613517263 ], [ 73.269789634567019, 18.495939506524962 ], [ 73.269648389062127, 18.495432422550323 ], [ 73.269499827985101, 18.494899071653208 ], [ 73.269484203725881, 18.494842978612951 ], [ 73.269550843435809, 18.494334235295582 ], [ 73.269566619855993, 18.494159560086359 ], [ 73.269627146446851, 18.493347037836543 ], [ 73.269754890034449, 18.492903792102538 ], [ 73.269766067884916, 18.492836214433567 ], [ 73.269828630575262, 18.492457979640392 ], [ 73.269906079353802, 18.491989745784281 ], [ 73.268728412212056, 18.492000703518556 ], [ 73.267934906972243, 18.492025828719306 ], [ 73.266978448011514, 18.492053782194205 ], [ 73.266602975989144, 18.492060057882838 ], [ 73.264931807881396, 18.492327293015137 ], [ 73.264430498075683, 18.492392207650767 ], [ 73.264018481454684, 18.492159102446465 ], [ 73.264020473130643, 18.492099234022476 ], [ 73.263844609877594, 18.492042881957047 ], [ 73.263803078627859, 18.491973842482992 ], [ 73.263522041216561, 18.491854551693848 ], [ 73.26347293173211, 18.491779571064512 ], [ 73.263184769815723, 18.491661074311139 ], [ 73.263192912131558, 18.491587201815264 ], [ 73.262598776806783, 18.491259126998557 ], [ 73.261545443984744, 18.491803139027354 ], [ 73.261355226729791, 18.491887249962474 ], [ 73.260282921902331, 18.492361400272273 ], [ 73.259874749677749, 18.492590801609651 ], [ 73.259884190507933, 18.492656349323056 ], [ 73.259937566378028, 18.492674046489071 ], [ 73.259993518481281, 18.492829028212896 ], [ 73.260117941663225, 18.493173666900589 ], [ 73.260443257986083, 18.494660581697929 ], [ 73.260444941694573, 18.494669893698187 ], [ 73.260501473430281, 18.494982550267821 ], [ 73.260644521214374, 18.495862879637741 ], [ 73.260722973072916, 18.49632115311573 ], [ 73.260741561949828, 18.496460072118964 ], [ 73.260759750251736, 18.496572003169547 ], [ 73.260631429701107, 18.497081837898463 ], [ 73.260552038723915, 18.497436398659318 ], [ 73.260541675024001, 18.497438443386159 ], [ 73.260533994680316, 18.497439958694599 ], [ 73.260204073914792, 18.497505050734958 ], [ 73.260189054537591, 18.49758374767282 ], [ 73.260167747400374, 18.497695390421711 ], [ 73.260182900769621, 18.498364661471498 ], [ 73.26019198072396, 18.498765688619358 ], [ 73.260179465933732, 18.498932575958861 ], [ 73.260176146088327, 18.498976846734536 ], [ 73.26014502370316, 18.499391868598536 ], [ 73.260143549882969, 18.499613019508558 ], [ 73.260118259663273, 18.5001065997414 ], [ 73.260116193233046, 18.500297120293794 ], [ 73.260112360611856, 18.500409429895626 ], [ 73.26008103600941, 18.501327347982397 ], [ 73.260048694760826, 18.502275046917532 ], [ 73.260046762896025, 18.502331656215972 ], [ 73.260157124183195, 18.502933891123746 ], [ 73.26017068312899, 18.503034327311298 ], [ 73.260151237344644, 18.503256766585082 ], [ 73.260136822869015, 18.503421652615941 ], [ 73.26011441940841, 18.503586918262613 ], [ 73.260100223596055, 18.503691637609734 ], [ 73.259981562766257, 18.504061084866009 ], [ 73.259911301584168, 18.504279840350648 ], [ 73.259895450776185, 18.504291589962804 ], [ 73.259874209677378, 18.504348448162887 ], [ 73.259436178870146, 18.504632029798756 ], [ 73.259264279963531, 18.50474331680897 ], [ 73.258994046303712, 18.504918264928051 ], [ 73.258923072162133, 18.504998206991502 ], [ 73.258792359568133, 18.505145435458076 ], [ 73.258687927954554, 18.505245494238011 ], [ 73.258570060606303, 18.505305748605906 ], [ 73.258527825916588, 18.505421613979536 ], [ 73.258462110244068, 18.505544862715396 ], [ 73.258301274370183, 18.505989531134276 ], [ 73.258189870719264, 18.506297531164023 ], [ 73.258061740706864, 18.506534361165677 ], [ 73.257975403267835, 18.506730738605484 ], [ 73.257818392184959, 18.506979833344985 ], [ 73.257719872323889, 18.507159506148923 ], [ 73.257587142709212, 18.507346704152326 ], [ 73.257358633194769, 18.507668986171382 ], [ 73.25696899948673, 18.508345612025721 ], [ 73.256832308358071, 18.508308161286891 ], [ 73.256830436828466, 18.508314155584173 ], [ 73.256679209813228, 18.508798517109483 ], [ 73.256562238323625, 18.509173160431203 ], [ 73.25617940711993, 18.51009817299871 ], [ 73.256138275579985, 18.510237356092546 ], [ 73.255799365602911, 18.511384168723907 ], [ 73.255677752802228, 18.511795681461024 ], [ 73.255619302023433, 18.512013956666578 ], [ 73.255571287703617, 18.512186856737912 ], [ 73.255398200004606, 18.512760912354111 ], [ 73.255401878556597, 18.512796897962744 ], [ 73.255444889099294, 18.513217649501087 ], [ 73.255412239119153, 18.513602091378175 ], [ 73.254828972857581, 18.514641132482836 ], [ 73.254801703291207, 18.514689710629682 ], [ 73.254783022120819, 18.51472298934533 ], [ 73.254711129504187, 18.514891038182554 ], [ 73.25456787144185, 18.515225902527163 ], [ 73.254567263301681, 18.515246224895463 ], [ 73.254565218657376, 18.515314551225856 ], [ 73.254569225363468, 18.515516464296127 ], [ 73.254561423051427, 18.516000155695735 ], [ 73.254391524633263, 18.516426001787863 ], [ 73.254349393935229, 18.51655004484968 ], [ 73.253825296258469, 18.516958831581803 ], [ 73.25347518693917, 18.517437274214899 ], [ 73.253410934516921, 18.517525078137055 ], [ 73.2531896053639, 18.517663906873452 ], [ 73.253085989200088, 18.517725341955384 ], [ 73.253023549117984, 18.517768065354403 ], [ 73.252885218875633, 18.517854832541275 ], [ 73.252818448158678, 18.517925325294812 ], [ 73.252774778512276, 18.517971429197871 ], [ 73.252441783206791, 18.518142212530961 ], [ 73.252399538021677, 18.518166537626314 ], [ 73.252208038453148, 18.518438847410664 ], [ 73.252175725523728, 18.518455549817929 ], [ 73.252038409175043, 18.518535299619884 ], [ 73.251859895257269, 18.518618800592776 ], [ 73.25170897389188, 18.518696810647214 ], [ 73.251510649978854, 18.5188556825143 ], [ 73.251403262686893, 18.518943474968523 ], [ 73.251249545248299, 18.519089950928048 ], [ 73.251199463728938, 18.519141980196594 ], [ 73.25111035845714, 18.519230668777311 ], [ 73.251066068097145, 18.519274751968453 ], [ 73.250943885276513, 18.519438648343339 ], [ 73.250911758571817, 18.519495067647426 ], [ 73.250868852622091, 18.519570416852673 ], [ 73.250798673438226, 18.519645619045093 ], [ 73.250789032848218, 18.519655949643834 ], [ 73.250508357141143, 18.520009017801158 ], [ 73.250467769061402, 18.520132776602395 ], [ 73.250417549993927, 18.520221146937445 ], [ 73.250181185774181, 18.520329479937629 ], [ 73.250076669200837, 18.520377382963318 ], [ 73.249795018816599, 18.520485319852639 ], [ 73.249554718584761, 18.520581416651396 ], [ 73.249471805265387, 18.520605460765864 ], [ 73.249349953939884, 18.520640796472662 ], [ 73.249265827638226, 18.520703849786003 ], [ 73.248918769723559, 18.520963971486708 ], [ 73.248919032215099, 18.52115380187081 ], [ 73.248891724358486, 18.521177731161742 ], [ 73.248888153504822, 18.521180860223865 ], [ 73.248806231892218, 18.521252646313826 ], [ 73.248530839855221, 18.521493965537672 ], [ 73.248401741310033, 18.521792704449638 ], [ 73.248346956544708, 18.52200844515761 ], [ 73.248284992401182, 18.522062864859947 ], [ 73.248253400955491, 18.522090609869622 ], [ 73.248210262728264, 18.522128495752156 ], [ 73.248173892432874, 18.522160437719606 ], [ 73.247912719995213, 18.522274232678853 ], [ 73.247924888436216, 18.522337079419856 ], [ 73.248182918113173, 18.522427362801864 ], [ 73.248360794749772, 18.522489600747861 ], [ 73.248494440749994, 18.522536362525216 ], [ 73.248795911041213, 18.522641844377972 ], [ 73.249295659406755, 18.522816700672081 ], [ 73.249925656586129, 18.523037127159625 ], [ 73.249835293934552, 18.523645669925997 ], [ 73.249730878741275, 18.523820481184657 ], [ 73.249704021081186, 18.523865446042976 ], [ 73.249573119424554, 18.524342644357091 ], [ 73.249530459323864, 18.524961525405502 ], [ 73.249553009672809, 18.524992585870848 ], [ 73.249705075757163, 18.525202038730868 ], [ 73.250204038602988, 18.525889295955835 ], [ 73.250570343153754, 18.526393829057213 ], [ 73.251021160929383, 18.526902701190807 ], [ 73.251339614345738, 18.527310559984642 ], [ 73.252022854185384, 18.527413593100164 ], [ 73.252160418444589, 18.527470095278602 ], [ 73.252276810161959, 18.527366106001864 ], [ 73.252770872554947, 18.5269246875813 ], [ 73.253059091689522, 18.52666717749247 ], [ 73.253321633881285, 18.526684038753103 ], [ 73.254186081092655, 18.526739553593131 ], [ 73.255687972199951, 18.52687660737638 ], [ 73.256233062361616, 18.527283421926597 ], [ 73.256609449403697, 18.527520339676414 ], [ 73.25722306349229, 18.527906577557872 ], [ 73.257365699076502, 18.527996358640564 ], [ 73.257448505019056, 18.52804848023419 ], [ 73.257590698541264, 18.528012317457922 ], [ 73.257653097360503, 18.527996448098918 ], [ 73.257888662655262, 18.527936538576967 ], [ 73.258055899284955, 18.527894006358849 ], [ 73.258121138191711, 18.527877414520901 ], [ 73.258239974772778, 18.527897797699268 ], [ 73.25873476192254, 18.527982664101899 ], [ 73.258784246438779, 18.528005354578397 ], [ 73.259056369592997, 18.52813013274681 ], [ 73.259714445082352, 18.528575754446706 ], [ 73.260160510180299, 18.528877808789161 ], [ 73.260642297973618, 18.529585466135359 ], [ 73.260744808295613, 18.52969203718709 ], [ 73.261034608403463, 18.529943174934488 ], [ 73.261383322658958, 18.530115772788349 ], [ 73.261524419992043, 18.53018483941122 ], [ 73.261682210855838, 18.530223432471473 ], [ 73.261893815436963, 18.530257821793668 ], [ 73.262181250918445, 18.530271137615671 ], [ 73.262936435504912, 18.530360387394637 ], [ 73.263147712922375, 18.530385356181114 ], [ 73.263707235587731, 18.530451479451187 ], [ 73.263729993912534, 18.530454168948381 ], [ 73.263737462698998, 18.530464057524739 ], [ 73.263754428780373, 18.53048652039115 ] ] ] ] } },
{ "type": "Feature", "properties": { "MAHA_GVMP_": 37551, "MAHA_GVMP1": 31, "CCODE": "240009000302938900", "NAME": "Shiloshi", "OTHERS": null, "VIL_CD": "02938900", "DST": "24", "TQ": "0009", "CEN_CD": "02939300", "NAME_E": "Shiloshi", "T_CODE": "272409", "D_NAME": "Raigad", "T_NAME": "Sudhagad", "T_Name_Old": "Sudhagad", "D_Name_Old": "RAIGAD", "D_CODE": "2724", "Remarks": null, "Type": null, "Disputed": 0, "Shape_Leng": 0.094377242, "Shape_Area": 0.00045709208 }, "geometry": { "type": "MultiPolygon", "coordinates": [ [ [ [ 73.200502001925031, 18.524048317798929 ], [ 73.201030127402078, 18.524269761944595 ], [ 73.202433069951553, 18.525312914931362 ], [ 73.20358373619689, 18.526168471473056 ], [ 73.203798199144728, 18.52639646286309 ], [ 73.204532205613134, 18.527176764415515 ], [ 73.20453647163265, 18.527170854836925 ], [ 73.204898927576494, 18.526668754502623 ], [ 73.20525380534707, 18.52617714846815 ], [ 73.205294772058323, 18.526189740751647 ], [ 73.20604329386623, 18.526419818323745 ], [ 73.206764205189245, 18.526318992069548 ], [ 73.207455932064136, 18.525174564333895 ], [ 73.207684487401991, 18.52494136580475 ], [ 73.207697248965701, 18.524928344957971 ], [ 73.207721065205533, 18.524947470746213 ], [ 73.208148015917459, 18.525290335091483 ], [ 73.208431595408001, 18.52551806335407 ], [ 73.208799705936542, 18.525813672651793 ], [ 73.209182321152696, 18.52604318360585 ], [ 73.209639898775038, 18.526478359408429 ], [ 73.210260028883397, 18.526769221613904 ], [ 73.210796925221246, 18.52656484993588 ], [ 73.210887917100706, 18.526249530444829 ], [ 73.211524086007046, 18.525700501448171 ], [ 73.2114654607131, 18.525522046408469 ], [ 73.212604634284617, 18.525356005359299 ], [ 73.213263811826323, 18.525113669992038 ], [ 73.213480129732091, 18.524943192604439 ], [ 73.213937051868697, 18.524303613578979 ], [ 73.213934552798378, 18.524303695118192 ], [ 73.213936517993488, 18.524224858246441 ], [ 73.213947003010105, 18.524103646334254 ], [ 73.213949499135367, 18.524096176585545 ], [ 73.214042991237761, 18.523816397446865 ], [ 73.214071680061693, 18.523730544713942 ], [ 73.214112097394661, 18.523608444613387 ], [ 73.214109239320351, 18.52356665580686 ], [ 73.214098033357459, 18.523402809689401 ], [ 73.214098760280478, 18.523365903260697 ], [ 73.214099363554737, 18.523335274565056 ], [ 73.214113325270091, 18.522626424447594 ], [ 73.214105163846511, 18.522217661448508 ], [ 73.214107840577356, 18.52198554891288 ], [ 73.214097547333949, 18.521836188419172 ], [ 73.214090777752062, 18.521497132485933 ], [ 73.214121981610788, 18.521384635296783 ], [ 73.214180035528557, 18.521175336972874 ], [ 73.214399554119382, 18.520425981443225 ], [ 73.214492594950286, 18.520116195461128 ], [ 73.214532116772148, 18.519984604424394 ], [ 73.214755127676483, 18.519160236489938 ], [ 73.214947329463769, 18.51850723638529 ], [ 73.215201507939355, 18.518260395025322 ], [ 73.215230443296434, 18.518213802646301 ], [ 73.215292937916558, 18.518150828571095 ], [ 73.216330979849317, 18.516447575360814 ], [ 73.216391101915406, 18.516314341660802 ], [ 73.216402067366175, 18.516290041613331 ], [ 73.216861875815994, 18.515271073774727 ], [ 73.217109637328065, 18.514722011342201 ], [ 73.217255278005211, 18.514353184259221 ], [ 73.217252792469367, 18.514343701313237 ], [ 73.217253846025699, 18.514341299341595 ], [ 73.21697475584557, 18.513248896718665 ], [ 73.216973470973471, 18.513243867494907 ], [ 73.217025807400546, 18.513096747286795 ], [ 73.217751253765414, 18.510934661817544 ], [ 73.217760388521981, 18.510907436661171 ], [ 73.217747793753745, 18.510421312778874 ], [ 73.217741722098594, 18.509520476441651 ], [ 73.217806311316451, 18.508449342841345 ], [ 73.217817794074506, 18.508355832638529 ], [ 73.217954641679398, 18.507241401856731 ], [ 73.218010405532482, 18.506678780774052 ], [ 73.218222812080285, 18.504729701003214 ], [ 73.218246186500892, 18.504469298713616 ], [ 73.218267299026309, 18.50438001455791 ], [ 73.218435949077048, 18.502402849819305 ], [ 73.218688788914847, 18.500275841981534 ], [ 73.218749431633569, 18.499820991766114 ], [ 73.218827797767631, 18.49910641129128 ], [ 73.218873714106621, 18.498720130364575 ], [ 73.219078578407618, 18.496908732138309 ], [ 73.219224374849716, 18.496374036002635 ], [ 73.219660184280201, 18.494798404693654 ], [ 73.219860139028981, 18.494042384120178 ], [ 73.219932269184142, 18.493777844121212 ], [ 73.21993037471043, 18.493776824296447 ], [ 73.219670940478466, 18.493637166500037 ], [ 73.21954489376958, 18.493574366746714 ], [ 73.219509527598063, 18.493556746375589 ], [ 73.219387026494246, 18.493534911352924 ], [ 73.218697926982202, 18.493412082277985 ], [ 73.218313775408717, 18.49327025078162 ], [ 73.218025142904139, 18.493163684937599 ], [ 73.217898140199793, 18.493169913507131 ], [ 73.21787019469275, 18.493171284021628 ], [ 73.217360187279724, 18.493242960832276 ], [ 73.215493827936939, 18.493488796198903 ], [ 73.21526830182944, 18.493569041934848 ], [ 73.21522746788537, 18.493583571257659 ], [ 73.214614064354748, 18.494198062344822 ], [ 73.21395914572696, 18.494879635045663 ], [ 73.213884474374481, 18.494958880599086 ], [ 73.213597524916167, 18.49529469078567 ], [ 73.21338744639678, 18.495446124662294 ], [ 73.212286356328264, 18.496057138924243 ], [ 73.212009806950164, 18.496210599348331 ], [ 73.212003254811066, 18.49622086021111 ], [ 73.21072077731975, 18.498229233563848 ], [ 73.210699338506743, 18.498238255577064 ], [ 73.209938943503232, 18.498558247494486 ], [ 73.208629817538963, 18.499109148202422 ], [ 73.207463919620125, 18.499601087320002 ], [ 73.207085838978003, 18.499765544489435 ], [ 73.20635785767945, 18.500082198103541 ], [ 73.202915308402339, 18.501235438382992 ], [ 73.201927156140471, 18.501570080254169 ], [ 73.201909270744352, 18.501576137157258 ], [ 73.202301449685422, 18.503417268839939 ], [ 73.202421825916872, 18.504038846626486 ], [ 73.202374284739108, 18.504388839036665 ], [ 73.201985406291669, 18.506538134805908 ], [ 73.201561699701813, 18.5091800340129 ], [ 73.201338319707702, 18.51054153079275 ], [ 73.201125646756623, 18.512280672856321 ], [ 73.20100415230246, 18.512894603230109 ], [ 73.200756802278079, 18.513565293422346 ], [ 73.200063542733744, 18.514787022088683 ], [ 73.200023015580541, 18.514858442310413 ], [ 73.200010500673216, 18.514880497076774 ], [ 73.199473688900071, 18.51569577497105 ], [ 73.199062686199397, 18.516319975138344 ], [ 73.198617833617789, 18.516815410738786 ], [ 73.198222080986909, 18.517256160023521 ], [ 73.198196406205, 18.517284753892454 ], [ 73.19816230817554, 18.518015370757439 ], [ 73.198143084636854, 18.518427269823917 ], [ 73.198510247194804, 18.519739045522101 ], [ 73.198521979382804, 18.519780961210472 ], [ 73.198546064584036, 18.519931150550178 ], [ 73.198594567729174, 18.520233603312022 ], [ 73.198650565297157, 18.520582787946125 ], [ 73.198661632356107, 18.520651798751203 ], [ 73.198684903866138, 18.52079691263566 ], [ 73.198699116874707, 18.520885540405345 ], [ 73.198863719102746, 18.521094507654539 ], [ 73.199276641076153, 18.521618721024993 ], [ 73.199362184252038, 18.521727798746781 ], [ 73.200002912628008, 18.522544797888031 ], [ 73.200243396669919, 18.522985780608622 ], [ 73.200281598707932, 18.523039730842925 ], [ 73.200612789624188, 18.523507448290616 ], [ 73.20060896578002, 18.523517569066485 ], [ 73.200555958587984, 18.523657865945836 ], [ 73.200542075560975, 18.523758329218765 ], [ 73.200502001925031, 18.524048317798929 ] ] ] ] } },
{ "type": "Feature", "properties": { "MAHA_GVMP_": 37563, "MAHA_GVMP1": 27, "CCODE": "240009000302939000", "NAME": "Madhali", "OTHERS": null, "VIL_CD": "02939000", "DST": "24", "TQ": "0009", "CEN_CD": "02939400", "NAME_E": "Madhali", "T_CODE": "272409", "D_NAME": "Raigad", "T_NAME": "Sudhagad", "T_Name_Old": "Sudhagad", "D_Name_Old": "RAIGAD", "D_CODE": "2724", "Remarks": null, "Type": null, "Disputed": 0, "Shape_Leng": 0.08006026506, "Shape_Area": 0.00019731362 }, "geometry": { "type": "MultiPolygon", "coordinates": [ [ [ [ 73.217810014552242, 18.525714608762598 ], [ 73.217822285768079, 18.525655271413882 ], [ 73.217858174365574, 18.525481732197647 ], [ 73.217882924856667, 18.525464972222892 ], [ 73.217962823843664, 18.525410867999256 ], [ 73.218301600720054, 18.525181461833142 ], [ 73.218888108638737, 18.525100403908198 ], [ 73.219226629407842, 18.525049951640938 ], [ 73.219699868769339, 18.524860746808486 ], [ 73.219754716946341, 18.524838817970533 ], [ 73.219785672736464, 18.524826441533264 ], [ 73.219848739153804, 18.5248399447986 ], [ 73.219865416905236, 18.524843515698421 ], [ 73.220059149849249, 18.524842466338555 ], [ 73.220297065107957, 18.524845317208303 ], [ 73.220454841882542, 18.524840322445129 ], [ 73.220893534989784, 18.524837944601074 ], [ 73.220967289046484, 18.524837544732861 ], [ 73.220979406088304, 18.524823715289301 ], [ 73.220982723323118, 18.524819929256694 ], [ 73.221087418355864, 18.524700438403897 ], [ 73.221198083924492, 18.524545269549435 ], [ 73.221226403467824, 18.524451384251677 ], [ 73.221410496351496, 18.524131380938059 ], [ 73.221461611618565, 18.524042528508971 ], [ 73.221448056864801, 18.523864665677138 ], [ 73.221444107164302, 18.523812838408787 ], [ 73.221256378907356, 18.523668934645229 ], [ 73.221220840407227, 18.523641692432989 ], [ 73.221205159388944, 18.523346144952825 ], [ 73.22120192868789, 18.523285254294251 ], [ 73.221269277785609, 18.523119725280651 ], [ 73.221296758871972, 18.523052182819981 ], [ 73.221211535882446, 18.522874989548882 ], [ 73.22123733863242, 18.522767832476518 ], [ 73.221261561945369, 18.522667234573703 ], [ 73.221359880325451, 18.522553829990045 ], [ 73.221403334917568, 18.522503707558485 ], [ 73.221388413627608, 18.522402360937292 ], [ 73.221384150901258, 18.522373408129113 ], [ 73.221181146887659, 18.522263670605525 ], [ 73.221153153744922, 18.522248538373333 ], [ 73.221151240687448, 18.521853973159409 ], [ 73.221151039151778, 18.521812406598542 ], [ 73.221206011372146, 18.521721151955944 ], [ 73.221248256997967, 18.521660991573867 ], [ 73.221285735044773, 18.52160762047555 ], [ 73.221198907815847, 18.521478989077934 ], [ 73.221177632943636, 18.521427812593572 ], [ 73.221167433374831, 18.521394136688798 ], [ 73.221182037173321, 18.521341759951383 ], [ 73.221235543498778, 18.521200251439836 ], [ 73.22129822373023, 18.52103921294065 ], [ 73.221093674594044, 18.520980598196843 ], [ 73.221056965302978, 18.520957745600924 ], [ 73.221089836627471, 18.520415501264949 ], [ 73.22116285563061, 18.5202509169481 ], [ 73.221201772571192, 18.520056353371444 ], [ 73.221347678679024, 18.519793782566524 ], [ 73.221351326484069, 18.519740605833817 ], [ 73.221374911492717, 18.519396789053246 ], [ 73.22137811150418, 18.51935013992869 ], [ 73.221376768860807, 18.5192635268657 ], [ 73.221404401807774, 18.518966884194185 ], [ 73.221416053416363, 18.51884180260538 ], [ 73.221468932920857, 18.518488270344278 ], [ 73.221525945428823, 18.518059259506572 ], [ 73.221532393839141, 18.517963283472341 ], [ 73.221570925686024, 18.517738634382624 ], [ 73.221639234415193, 18.517094063684112 ], [ 73.221641078256539, 18.51707666487215 ], [ 73.221697234153908, 18.516715309610333 ], [ 73.221792799397065, 18.51644783454941 ], [ 73.221813612112555, 18.516332996653944 ], [ 73.221858997022423, 18.516082576718304 ], [ 73.221953753161017, 18.515924599134564 ], [ 73.221981390814051, 18.515819305272771 ], [ 73.22203841870936, 18.515602040115255 ], [ 73.222098942556613, 18.515381534783558 ], [ 73.222107852056752, 18.515328690001525 ], [ 73.222178073713337, 18.514674164832002 ], [ 73.222265330114396, 18.514379621515502 ], [ 73.222267545074317, 18.514372144667391 ], [ 73.222540080460078, 18.513452165425633 ], [ 73.222851917227842, 18.512399506518705 ], [ 73.222853043787325, 18.512395703598429 ], [ 73.222853968409311, 18.512093363449935 ], [ 73.222859963698511, 18.512050725032566 ], [ 73.222880944713665, 18.511901508161486 ], [ 73.222972779672716, 18.511248375312732 ], [ 73.223098951167799, 18.510982817415822 ], [ 73.223175978462052, 18.51082069472136 ], [ 73.223251581080604, 18.510400454476951 ], [ 73.22326080020548, 18.510349209451306 ], [ 73.223219769508205, 18.510180099606941 ], [ 73.223321930392956, 18.510094988043477 ], [ 73.223325695752521, 18.509974285892611 ], [ 73.223329136373479, 18.509863993396777 ], [ 73.223316326246845, 18.509807638005668 ], [ 73.223297665503139, 18.509725544016476 ], [ 73.22322111370903, 18.509509648620337 ], [ 73.223167818495483, 18.509299056736097 ], [ 73.223165592941882, 18.509157504020607 ], [ 73.22317470392835, 18.509088936371825 ], [ 73.223205442094127, 18.508996349115023 ], [ 73.223199737909283, 18.508906793158417 ], [ 73.223208047155879, 18.508639301571463 ], [ 73.223376631649103, 18.508453797016671 ], [ 73.223384492589958, 18.508413686444385 ], [ 73.223565125842867, 18.507491997202294 ], [ 73.223593703901201, 18.507346175455098 ], [ 73.223603064600411, 18.507298411710451 ], [ 73.223474547660771, 18.507133679916592 ], [ 73.223497309284994, 18.507122395863576 ], [ 73.223641998969413, 18.507050665994427 ], [ 73.223795276009355, 18.50702905104265 ], [ 73.223882491267091, 18.506689607503233 ], [ 73.223874779724781, 18.5066781976588 ], [ 73.223846375854237, 18.506636171840398 ], [ 73.223750243928009, 18.50656774942729 ], [ 73.22369842925616, 18.506417272507633 ], [ 73.223675723144822, 18.506351330755479 ], [ 73.223753614103032, 18.505893688367848 ], [ 73.223625703016523, 18.505725488227256 ], [ 73.223880710842252, 18.505526841199014 ], [ 73.223886835441533, 18.505509569381275 ], [ 73.224043506877706, 18.505067743219684 ], [ 73.224161773998787, 18.504714340203634 ], [ 73.224323468451473, 18.504216984200013 ], [ 73.224494238718933, 18.503796629376495 ], [ 73.224955273490366, 18.502496439427546 ], [ 73.224996237982396, 18.502380912159254 ], [ 73.224997105630052, 18.502378465234642 ], [ 73.225672957798054, 18.502437674481428 ], [ 73.225734380650124, 18.502442826423589 ], [ 73.226280467082177, 18.502488629425841 ], [ 73.22634833749953, 18.50209349846449 ], [ 73.226478490691591, 18.501335761737437 ], [ 73.226566510513237, 18.500823316722972 ], [ 73.226619271912057, 18.500516142191657 ], [ 73.226777752493433, 18.499593468520175 ], [ 73.226875923747684, 18.498882009201168 ], [ 73.226971775738207, 18.498000487363072 ], [ 73.227027221086928, 18.497490569041247 ], [ 73.227150204270743, 18.496293965281382 ], [ 73.226158326403606, 18.496051963342495 ], [ 73.226088648169252, 18.496040629205481 ], [ 73.225651329159291, 18.495969492547147 ], [ 73.225622687824796, 18.495943918789465 ], [ 73.225274430561228, 18.49563296001304 ], [ 73.224840487075483, 18.495229390593408 ], [ 73.224663601529244, 18.495087546721663 ], [ 73.224574635126316, 18.495008107575529 ], [ 73.223957203593045, 18.493884479129576 ], [ 73.223869816552508, 18.493684867123761 ], [ 73.223566517201164, 18.493624776729746 ], [ 73.222758450542415, 18.493653897139836 ], [ 73.22271362320879, 18.493666995145531 ], [ 73.222709775303144, 18.493668119456515 ], [ 73.220777322930246, 18.494232746654973 ], [ 73.220773674140901, 18.494230782481452 ], [ 73.220545493066311, 18.494107950484818 ], [ 73.219948329142142, 18.493718943518616 ], [ 73.219932269184142, 18.493777844121212 ], [ 73.219860139028981, 18.494042384120178 ], [ 73.219660184280201, 18.494798404693654 ], [ 73.219224374849716, 18.496374036002635 ], [ 73.219078578407618, 18.496908732138309 ], [ 73.218873714106621, 18.498720130364575 ], [ 73.218827797767631, 18.49910641129128 ], [ 73.218749431633569, 18.499820991766114 ], [ 73.218688788914847, 18.500275841981534 ], [ 73.218435949077048, 18.502402849819305 ], [ 73.218267299026309, 18.50438001455791 ], [ 73.218246186500892, 18.504469298713616 ], [ 73.218222812080285, 18.504729701003214 ], [ 73.218010405532482, 18.506678780774052 ], [ 73.217954641679398, 18.507241401856731 ], [ 73.217817794074506, 18.508355832638529 ], [ 73.217806311316451, 18.508449342841345 ], [ 73.217741722098594, 18.509520476441651 ], [ 73.217747793753745, 18.510421312778874 ], [ 73.217760388521981, 18.510907436661171 ], [ 73.217751253765414, 18.510934661817544 ], [ 73.217025807400546, 18.513096747286795 ], [ 73.216973470973471, 18.513243867494907 ], [ 73.21697475584557, 18.513248896718665 ], [ 73.217253846025699, 18.514341299341595 ], [ 73.217252792469367, 18.514343701313237 ], [ 73.217255278005211, 18.514353184259221 ], [ 73.217109637328065, 18.514722011342201 ], [ 73.216861875815994, 18.515271073774727 ], [ 73.216402067366175, 18.516290041613331 ], [ 73.216391101915406, 18.516314341660802 ], [ 73.216330979849317, 18.516447575360814 ], [ 73.215292937916558, 18.518150828571095 ], [ 73.215230443296434, 18.518213802646301 ], [ 73.215201507939355, 18.518260395025322 ], [ 73.214947329463769, 18.51850723638529 ], [ 73.214755127676483, 18.519160236489938 ], [ 73.214532116772148, 18.519984604424394 ], [ 73.214492594950286, 18.520116195461128 ], [ 73.214399554119382, 18.520425981443225 ], [ 73.214180035528557, 18.521175336972874 ], [ 73.214121981610788, 18.521384635296783 ], [ 73.214090777752062, 18.521497132485933 ], [ 73.214097547333949, 18.521836188419172 ], [ 73.214107840577356, 18.52198554891288 ], [ 73.214105163846511, 18.522217661448508 ], [ 73.214113325270091, 18.522626424447594 ], [ 73.214099363554737, 18.523335274565056 ], [ 73.214098760280478, 18.523365903260697 ], [ 73.214098033357459, 18.523402809689401 ], [ 73.214109239320351, 18.52356665580686 ], [ 73.214112097394661, 18.523608444613387 ], [ 73.214071680061693, 18.523730544713942 ], [ 73.214042991237761, 18.523816397446865 ], [ 73.213949499135367, 18.524096176585545 ], [ 73.213947003010105, 18.524103646334254 ], [ 73.213936517993488, 18.524224858246441 ], [ 73.213934552798378, 18.524303695118192 ], [ 73.213937051868697, 18.524303613578979 ], [ 73.215021690034973, 18.524268221144041 ], [ 73.217486539053368, 18.525546815677046 ], [ 73.217810014552242, 18.525714608762598 ] ] ] ] } },
{ "type": "Feature", "properties": { "MAHA_GVMP_": 37565, "MAHA_GVMP1": 28, "CCODE": "240009000302939200", "NAME": "Siddheshwar Kh", "OTHERS": null, "VIL_CD": "02939200", "DST": "24", "TQ": "0009", "CEN_CD": "02939600", "NAME_E": "Siddheshwar Kh", "T_CODE": "272409", "D_NAME": "Raigad", "T_NAME": "Sudhagad", "T_Name_Old": "Sudhagad", "D_Name_Old": "RAIGAD", "D_CODE": "2724", "Remarks": null, "Type": null, "Disputed": 0, "Shape_Leng": 0.06171278031, "Shape_Area": 0.00015405928 }, "geometry": { "type": "MultiPolygon", "coordinates": [ [ [ [ 73.220967289046484, 18.524837544732861 ], [ 73.220768388318959, 18.52511776432334 ], [ 73.220662106099155, 18.52542170308584 ], [ 73.220623355661246, 18.525602427752347 ], [ 73.220622331355855, 18.525608669145527 ], [ 73.220655077477545, 18.525572862512661 ], [ 73.220878315349296, 18.52532875987805 ], [ 73.221048278074989, 18.525142911066666 ], [ 73.221066030126337, 18.525123499733525 ], [ 73.221076925010834, 18.525111586502419 ], [ 73.221165772059123, 18.525076495575604 ], [ 73.221185821922575, 18.525068576697265 ], [ 73.221255567997275, 18.52504102981942 ], [ 73.221647334267004, 18.524886297349383 ], [ 73.22224775187135, 18.524649153582004 ], [ 73.223177988525606, 18.524281737863362 ], [ 73.224634674407923, 18.524045494442248 ], [ 73.224915225816915, 18.524062577514485 ], [ 73.22669558643139, 18.524542386996586 ], [ 73.226998955369027, 18.524548637158716 ], [ 73.227631545007625, 18.52456166852869 ], [ 73.227786910562031, 18.524564868741038 ], [ 73.228014605511135, 18.524569558560245 ], [ 73.228452048791326, 18.52421569860752 ], [ 73.229199839156934, 18.523610784582843 ], [ 73.229230845857614, 18.523616583160845 ], [ 73.229521488328942, 18.523670936082624 ], [ 73.22967966772103, 18.523700516939869 ], [ 73.229937605745704, 18.523748753182076 ], [ 73.230293316789641, 18.523634816755361 ], [ 73.231301540080608, 18.523311872197326 ], [ 73.23130137585855, 18.52331109482202 ], [ 73.231288769425703, 18.523212214629439 ], [ 73.231265505364775, 18.523095474403078 ], [ 73.231261472056531, 18.523075235042484 ], [ 73.231258820966673, 18.523061931726886 ], [ 73.231288325340756, 18.522905460079187 ], [ 73.23138993012293, 18.52260273106134 ], [ 73.231388776227277, 18.522589222793897 ], [ 73.231444080595509, 18.521693196711624 ], [ 73.231467091696402, 18.521638263211173 ], [ 73.231485679478055, 18.521404193636613 ], [ 73.231490570560936, 18.521342601794629 ], [ 73.231540061529984, 18.521178415231077 ], [ 73.231532222302576, 18.521021193755416 ], [ 73.231579378313199, 18.520848963194396 ], [ 73.231588306122092, 18.520816355613022 ], [ 73.231575035374419, 18.520694580967017 ], [ 73.231568599096931, 18.520280485425019 ], [ 73.231569298479371, 18.520250834284582 ], [ 73.231566582374512, 18.520150733653509 ], [ 73.231558238182856, 18.519613883418856 ], [ 73.231551813576971, 18.519606435264052 ], [ 73.231551420719313, 18.519591956599584 ], [ 73.231328400320365, 18.519345020904211 ], [ 73.231292260959151, 18.519305530772328 ], [ 73.231262018777045, 18.519272484575424 ], [ 73.2311367355735, 18.519135585091192 ], [ 73.231095874871471, 18.5190909357122 ], [ 73.230867113726731, 18.51884275645142 ], [ 73.230859097493692, 18.518834059751896 ], [ 73.23079860053673, 18.518768427406997 ], [ 73.230782953551511, 18.518751710799165 ], [ 73.23062288914906, 18.518580704185524 ], [ 73.230242651771675, 18.517475491126845 ], [ 73.230235162414431, 18.517453722112862 ], [ 73.230208661599249, 18.517375815391631 ], [ 73.230137815966032, 18.517220705248576 ], [ 73.229990751225216, 18.516963027203417 ], [ 73.229807944254389, 18.516654100384187 ], [ 73.229782345232991, 18.516607666665266 ], [ 73.229780330765664, 18.516607436037702 ], [ 73.229625969805909, 18.516589763859486 ], [ 73.229562742277267, 18.516582525151364 ], [ 73.229161990503144, 18.516536643916879 ], [ 73.22915946025762, 18.516470787620108 ], [ 73.229224298672762, 18.515579861548872 ], [ 73.229247579096238, 18.515359223282474 ], [ 73.229269476234037, 18.515151694466283 ], [ 73.22927077856167, 18.515139351718176 ], [ 73.229253623189777, 18.515012631521131 ], [ 73.229145132779536, 18.514060947241319 ], [ 73.229107699653071, 18.513903620974133 ], [ 73.229104497901176, 18.513890164438465 ], [ 73.229369602946463, 18.513353722855413 ], [ 73.229685112571815, 18.5126912664727 ], [ 73.229805273354657, 18.51197846893615 ], [ 73.22983883826106, 18.511797903485387 ], [ 73.229527497739696, 18.510862551449179 ], [ 73.229511235991311, 18.510825484217776 ], [ 73.229466622294012, 18.510687986983385 ], [ 73.229448258555749, 18.510631390772119 ], [ 73.229269231181831, 18.510087613896303 ], [ 73.22916612005406, 18.509618289671153 ], [ 73.22905590266754, 18.50914136609407 ], [ 73.228949204006085, 18.508512065909827 ], [ 73.228883924121476, 18.507970214425995 ], [ 73.22882477558278, 18.507745683434678 ], [ 73.228770231059571, 18.507391531190763 ], [ 73.228764349883477, 18.507353345202034 ], [ 73.228740685000105, 18.507117775406698 ], [ 73.228619958134971, 18.506452058520097 ], [ 73.228583631576498, 18.506206960830411 ], [ 73.228555727168271, 18.506097871417523 ], [ 73.228517341516465, 18.505886201731641 ], [ 73.228459982334527, 18.505670267086884 ], [ 73.228382494042137, 18.505420631121524 ], [ 73.228339003737972, 18.505250608576489 ], [ 73.227823062210973, 18.503600645317135 ], [ 73.227523852572233, 18.502610113682806 ], [ 73.227206747517982, 18.502583415553033 ], [ 73.22631401337128, 18.502491443068664 ], [ 73.226290441945252, 18.502489466052623 ], [ 73.226280467082177, 18.502488629425841 ], [ 73.225734380650124, 18.502442826423589 ], [ 73.225672957798054, 18.502437674481428 ], [ 73.224997105630052, 18.502378465234642 ], [ 73.224996237982396, 18.502380912159254 ], [ 73.224955273490366, 18.502496439427546 ], [ 73.224494238718933, 18.503796629376495 ], [ 73.224323468451473, 18.504216984200013 ], [ 73.224161773998787, 18.504714340203634 ], [ 73.224043506877706, 18.505067743219684 ], [ 73.223886835441533, 18.505509569381275 ], [ 73.223880710842252, 18.505526841199014 ], [ 73.223625703016523, 18.505725488227256 ], [ 73.223753614103032, 18.505893688367848 ], [ 73.223675723144822, 18.506351330755479 ], [ 73.22369842925616, 18.506417272507633 ], [ 73.223750243928009, 18.50656774942729 ], [ 73.223846375854237, 18.506636171840398 ], [ 73.223874779724781, 18.5066781976588 ], [ 73.223882491267091, 18.506689607503233 ], [ 73.223795276009355, 18.50702905104265 ], [ 73.223641998969413, 18.507050665994427 ], [ 73.223497309284994, 18.507122395863576 ], [ 73.223474547660771, 18.507133679916592 ], [ 73.223603064600411, 18.507298411710451 ], [ 73.223593703901201, 18.507346175455098 ], [ 73.223565125842867, 18.507491997202294 ], [ 73.223384492589958, 18.508413686444385 ], [ 73.223376631649103, 18.508453797016671 ], [ 73.223208047155879, 18.508639301571463 ], [ 73.223199737909283, 18.508906793158417 ], [ 73.223205442094127, 18.508996349115023 ], [ 73.22317470392835, 18.509088936371825 ], [ 73.223165592941882, 18.509157504020607 ], [ 73.223167818495483, 18.509299056736097 ], [ 73.22322111370903, 18.509509648620337 ], [ 73.223297665503139, 18.509725544016476 ], [ 73.223316326246845, 18.509807638005668 ], [ 73.223329136373479, 18.509863993396777 ], [ 73.223325695752521, 18.509974285892611 ], [ 73.223321930392956, 18.510094988043477 ], [ 73.223219769508205, 18.510180099606941 ], [ 73.22326080020548, 18.510349209451306 ], [ 73.223251581080604, 18.510400454476951 ], [ 73.223175978462052, 18.51082069472136 ], [ 73.223098951167799, 18.510982817415822 ], [ 73.222972779672716, 18.511248375312732 ], [ 73.222880944713665, 18.511901508161486 ], [ 73.222859963698511, 18.512050725032566 ], [ 73.222853968409311, 18.512093363449935 ], [ 73.222853043787325, 18.512395703598429 ], [ 73.222851917227842, 18.512399506518705 ], [ 73.222540080460078, 18.513452165425633 ], [ 73.222267545074317, 18.514372144667391 ], [ 73.222265330114396, 18.514379621515502 ], [ 73.222178073713337, 18.514674164832002 ], [ 73.222107852056752, 18.515328690001525 ], [ 73.222098942556613, 18.515381534783558 ], [ 73.22203841870936, 18.515602040115255 ], [ 73.221981390814051, 18.515819305272771 ], [ 73.221953753161017, 18.515924599134564 ], [ 73.221858997022423, 18.516082576718304 ], [ 73.221813612112555, 18.516332996653944 ], [ 73.221792799397065, 18.51644783454941 ], [ 73.221697234153908, 18.516715309610333 ], [ 73.221641078256539, 18.51707666487215 ], [ 73.221639234415193, 18.517094063684112 ], [ 73.221570925686024, 18.517738634382624 ], [ 73.221532393839141, 18.517963283472341 ], [ 73.221525945428823, 18.518059259506572 ], [ 73.221468932920857, 18.518488270344278 ], [ 73.221416053416363, 18.51884180260538 ], [ 73.221404401807774, 18.518966884194185 ], [ 73.221376768860807, 18.5192635268657 ], [ 73.22137811150418, 18.51935013992869 ], [ 73.221374911492717, 18.519396789053246 ], [ 73.221351326484069, 18.519740605833817 ], [ 73.221347678679024, 18.519793782566524 ], [ 73.221201772571192, 18.520056353371444 ], [ 73.22116285563061, 18.5202509169481 ], [ 73.221089836627471, 18.520415501264949 ], [ 73.221056965302978, 18.520957745600924 ], [ 73.221093674594044, 18.520980598196843 ], [ 73.22129822373023, 18.52103921294065 ], [ 73.221235543498778, 18.521200251439836 ], [ 73.221182037173321, 18.521341759951383 ], [ 73.221167433374831, 18.521394136688798 ], [ 73.221177632943636, 18.521427812593572 ], [ 73.221198907815847, 18.521478989077934 ], [ 73.221285735044773, 18.52160762047555 ], [ 73.221248256997967, 18.521660991573867 ], [ 73.221206011372146, 18.521721151955944 ], [ 73.221151039151778, 18.521812406598542 ], [ 73.221151240687448, 18.521853973159409 ], [ 73.221153153744922, 18.522248538373333 ], [ 73.221181146887659, 18.522263670605525 ], [ 73.221384150901258, 18.522373408129113 ], [ 73.221388413627608, 18.522402360937292 ], [ 73.221403334917568, 18.522503707558485 ], [ 73.221359880325451, 18.522553829990045 ], [ 73.221261561945369, 18.522667234573703 ], [ 73.22123733863242, 18.522767832476518 ], [ 73.221211535882446, 18.522874989548882 ], [ 73.221296758871972, 18.523052182819981 ], [ 73.221269277785609, 18.523119725280651 ], [ 73.22120192868789, 18.523285254294251 ], [ 73.221205159388944, 18.523346144952825 ], [ 73.221220840407227, 18.523641692432989 ], [ 73.221256378907356, 18.523668934645229 ], [ 73.221444107164302, 18.523812838408787 ], [ 73.221448056864801, 18.523864665677138 ], [ 73.221461611618565, 18.524042528508971 ], [ 73.221410496351496, 18.524131380938059 ], [ 73.221226403467824, 18.524451384251677 ], [ 73.221198083924492, 18.524545269549435 ], [ 73.221087418355864, 18.524700438403897 ], [ 73.220982723323118, 18.524819929256694 ], [ 73.220979406088304, 18.524823715289301 ], [ 73.220967289046484, 18.524837544732861 ] ] ] ] } },
{ "type": "Feature", "properties": { "MAHA_GVMP_": 37575, "MAHA_GVMP1": 165, "CCODE": "240008000202921500", "NAME": "Tamsoli", "OTHERS": null, "VIL_CD": "02921500", "DST": "24", "TQ": "0008", "CEN_CD": "02921900", "NAME_E": "Tamsoli", "T_CODE": "272408", "D_NAME": "Raigad", "T_NAME": "Roha", "T_Name_Old": "Roha", "D_Name_Old": "RAIGAD", "D_CODE": "2724", "Remarks": null, "Type": null, "Disputed": 0, "Shape_Leng": 0.07428621451, "Shape_Area": 0.00021455647 }, "geometry": { "type": "MultiPolygon", "coordinates": [ [ [ [ 73.200555958587984, 18.523657865945836 ], [ 73.20060896578002, 18.523517569066485 ], [ 73.200612789624188, 18.523507448290616 ], [ 73.200281598707932, 18.523039730842925 ], [ 73.200243396669919, 18.522985780608622 ], [ 73.200002912628008, 18.522544797888031 ], [ 73.199362184252038, 18.521727798746781 ], [ 73.199276641076153, 18.521618721024993 ], [ 73.198863719102746, 18.521094507654539 ], [ 73.198699116874707, 18.520885540405345 ], [ 73.198684903866138, 18.52079691263566 ], [ 73.198661632356107, 18.520651798751203 ], [ 73.198650565297157, 18.520582787946125 ], [ 73.198594567729174, 18.520233603312022 ], [ 73.198546064584036, 18.519931150550178 ], [ 73.198521979382804, 18.519780961210472 ], [ 73.198510247194804, 18.519739045522101 ], [ 73.198143084636854, 18.518427269823917 ], [ 73.19816230817554, 18.518015370757439 ], [ 73.198196406205, 18.517284753892454 ], [ 73.198222080986909, 18.517256160023521 ], [ 73.198617833617789, 18.516815410738786 ], [ 73.199062686199397, 18.516319975138344 ], [ 73.199473688900071, 18.51569577497105 ], [ 73.200010500673216, 18.514880497076774 ], [ 73.200023015580541, 18.514858442310413 ], [ 73.200063542733744, 18.514787022088683 ], [ 73.200756802278079, 18.513565293422346 ], [ 73.20100415230246, 18.512894603230109 ], [ 73.201125646756623, 18.512280672856321 ], [ 73.201338319707702, 18.51054153079275 ], [ 73.201561699701813, 18.5091800340129 ], [ 73.201985406291669, 18.506538134805908 ], [ 73.202374284739108, 18.504388839036665 ], [ 73.202421825916872, 18.504038846626486 ], [ 73.202301449685422, 18.503417268839939 ], [ 73.201909270744352, 18.501576137157258 ], [ 73.201927156140471, 18.501570080254169 ], [ 73.200978898237338, 18.501209163831561 ], [ 73.200969026554446, 18.501223465476585 ], [ 73.200168912334277, 18.502382624858058 ], [ 73.199885928767742, 18.50281430228307 ], [ 73.198644798403905, 18.504504168742244 ], [ 73.19837124415352, 18.504831504365256 ], [ 73.197312443869635, 18.506313698626059 ], [ 73.197304099102837, 18.50632538017976 ], [ 73.195189365731665, 18.50932649776621 ], [ 73.194741442446002, 18.509266722066059 ], [ 73.193836264571985, 18.509145922031905 ], [ 73.193813405890296, 18.509142871380277 ], [ 73.192969765865769, 18.50916523473569 ], [ 73.192665552463041, 18.509173297952998 ], [ 73.192614205825521, 18.509200058516001 ], [ 73.19259952966604, 18.509208473699573 ], [ 73.192164660817355, 18.509457822862942 ], [ 73.19208634929015, 18.509509700263095 ], [ 73.192020714540263, 18.509553179894169 ], [ 73.191489294712483, 18.509670563227303 ], [ 73.191421793439304, 18.509976021495049 ], [ 73.191383288542397, 18.510150264213223 ], [ 73.191389025915271, 18.510320183262024 ], [ 73.191405229938994, 18.511030802077755 ], [ 73.19137322104234, 18.511098439439763 ], [ 73.19133573212423, 18.511177656450286 ], [ 73.191208675440464, 18.511446136540712 ], [ 73.190880311087369, 18.512158430993111 ], [ 73.190865653670187, 18.512169606025964 ], [ 73.190825814147956, 18.512198201279944 ], [ 73.190105414990001, 18.512715272575065 ], [ 73.190006015796257, 18.512801463655251 ], [ 73.189147095728174, 18.513546245067118 ], [ 73.188497439113462, 18.513694985147254 ], [ 73.188423738430401, 18.513711858897295 ], [ 73.187242098231025, 18.513956690867985 ], [ 73.187056291241163, 18.51402492972278 ], [ 73.186956439973244, 18.514061600667958 ], [ 73.186192109102478, 18.514681786635776 ], [ 73.186069834164243, 18.514781930879792 ], [ 73.185271396300493, 18.515435853642146 ], [ 73.184623578868639, 18.515855997415429 ], [ 73.184566499754396, 18.515875795669501 ], [ 73.183799936393484, 18.516171772008022 ], [ 73.183540962849577, 18.516399607902883 ], [ 73.182689232250254, 18.516917588320212 ], [ 73.182288890629422, 18.517135746496365 ], [ 73.181565091228606, 18.51758624242899 ], [ 73.183977771394268, 18.521326295114136 ], [ 73.184768359311363, 18.521710730395114 ], [ 73.187400011831244, 18.521532214428476 ], [ 73.189208248921659, 18.522716201920502 ], [ 73.190577386730297, 18.523099516169111 ], [ 73.194956209705595, 18.522965595299183 ], [ 73.197404655601929, 18.522934102720683 ], [ 73.200502001925031, 18.524048317798929 ], [ 73.200542075560975, 18.523758329218765 ], [ 73.200555958587984, 18.523657865945836 ] ] ] ] } },
{ "type": "Feature", "properties": { "MAHA_GVMP_": 37579, "MAHA_GVMP1": 199, "CCODE": "240009000302939300", "NAME": "Apatwane", "OTHERS": null, "VIL_CD": "02939300", "DST": "24", "TQ": "0009", "CEN_CD": "02939700", "NAME_E": "Apatwane", "T_CODE": "272409", "D_NAME": "Raigad", "T_NAME": "Sudhagad", "T_Name_Old": "Sudhagad", "D_Name_Old": "RAIGAD", "D_CODE": "2724", "Remarks": null, "Type": null, "Disputed": 0, "Shape_Leng": 0.12468274003, "Shape_Area": 0.00071184796 }, "geometry": { "type": "MultiPolygon", "coordinates": [ [ [ [ 73.231301540080608, 18.523311872197326 ], [ 73.231303241531521, 18.523311327199167 ], [ 73.231363025020585, 18.523292177708981 ], [ 73.231469585562706, 18.52325804481535 ], [ 73.233326292558843, 18.522663302694184 ], [ 73.234541014019158, 18.522595330082822 ], [ 73.234912484478343, 18.522336281738092 ], [ 73.234909148585871, 18.522252180720557 ], [ 73.234855642429409, 18.520903228356531 ], [ 73.235350173416577, 18.519869729333095 ], [ 73.235364887263643, 18.519870402076549 ], [ 73.236703838320466, 18.519931616517169 ], [ 73.236947552156778, 18.519894384156544 ], [ 73.237018508239942, 18.519910087023447 ], [ 73.237749925772505, 18.520071950948704 ], [ 73.238029216667996, 18.520374911227123 ], [ 73.238208349839397, 18.520569224817564 ], [ 73.238244044018586, 18.520573772989167 ], [ 73.239147271299487, 18.520688860374662 ], [ 73.239615350573843, 18.520748500327898 ], [ 73.240087642307344, 18.520758739722851 ], [ 73.240644228457143, 18.521034378919126 ], [ 73.241346467576648, 18.521090178309123 ], [ 73.241788900309245, 18.521240755496819 ], [ 73.241751188609328, 18.521474368589395 ], [ 73.242032352645538, 18.521570544611734 ], [ 73.242672660704386, 18.522260562470251 ], [ 73.243050624818977, 18.522739582336669 ], [ 73.243364236584512, 18.523320726131828 ], [ 73.243567700847393, 18.52378482263083 ], [ 73.243610643799855, 18.523869404842799 ], [ 73.243667185868674, 18.524134458729577 ], [ 73.24369781311924, 18.524251357042999 ], [ 73.243804517322417, 18.524251264970189 ], [ 73.244099930631023, 18.52421289638437 ], [ 73.244220700024073, 18.524197210593002 ], [ 73.244632137329631, 18.524066349816906 ], [ 73.244916449316747, 18.524007254669868 ], [ 73.245248663044549, 18.523860543358637 ], [ 73.245506700753992, 18.523655574240024 ], [ 73.245543346122133, 18.523632727233064 ], [ 73.245738016161852, 18.523511357573682 ], [ 73.245829603844186, 18.523472347751635 ], [ 73.245871267498785, 18.523403049243882 ], [ 73.246252346195888, 18.523094055546949 ], [ 73.246558417409574, 18.522845879521412 ], [ 73.246582656218777, 18.522569908783282 ], [ 73.246628203771536, 18.522051325115171 ], [ 73.246650968972631, 18.521792129730557 ], [ 73.24675166937584, 18.521027246687936 ], [ 73.246900133731515, 18.519922572683242 ], [ 73.246914224710395, 18.519817725635733 ], [ 73.246936976998938, 18.51964843192178 ], [ 73.246977546301537, 18.519346565716319 ], [ 73.246838939285908, 18.519098739866706 ], [ 73.246829680893825, 18.519082186065702 ], [ 73.246741462686657, 18.519217538493649 ], [ 73.246699712504324, 18.519281595346229 ], [ 73.246636874557566, 18.519161202386499 ], [ 73.246633764017815, 18.51915087619733 ], [ 73.24642193478229, 18.518722374591221 ], [ 73.246399757312247, 18.51867751246067 ], [ 73.245910797029012, 18.517688402900887 ], [ 73.245898376471757, 18.517633957477983 ], [ 73.245882525579248, 18.517525107892254 ], [ 73.245898784754957, 18.517212716508425 ], [ 73.245710229340489, 18.516341924196922 ], [ 73.245669497511358, 18.516153814041729 ], [ 73.245585934125984, 18.516101061706763 ], [ 73.245394585288977, 18.516020279673285 ], [ 73.245387162067459, 18.515975579553754 ], [ 73.245384672510113, 18.515960588278858 ], [ 73.245047224948109, 18.513928568208598 ], [ 73.245049393832232, 18.513923372541626 ], [ 73.245052198740154, 18.513916653248202 ], [ 73.245483511806299, 18.512883414988835 ], [ 73.245547212110921, 18.512755871240472 ], [ 73.245941406231793, 18.512134011308376 ], [ 73.246007091643946, 18.511853520866453 ], [ 73.246032732875676, 18.511744027190332 ], [ 73.246047340556743, 18.511697253298678 ], [ 73.246131104110702, 18.511323959132255 ], [ 73.246164774749104, 18.511173904702787 ], [ 73.246217056397256, 18.510742535566976 ], [ 73.246254321761569, 18.510435062511988 ], [ 73.246307897713962, 18.510204226571204 ], [ 73.246341982067406, 18.509747705476855 ], [ 73.246343748842435, 18.509724041468871 ], [ 73.246351232756354, 18.509693615639719 ], [ 73.246373856909941, 18.509561329479709 ], [ 73.246474425732686, 18.509180767831936 ], [ 73.246487360568324, 18.509131821100652 ], [ 73.246681423684436, 18.508397463088727 ], [ 73.246732192140712, 18.508250353200197 ], [ 73.246775235608709, 18.508125627516733 ], [ 73.246822692608134, 18.508067265305328 ], [ 73.246891549767895, 18.507982585267769 ], [ 73.24692904260661, 18.507855572348433 ], [ 73.246980516622273, 18.507791826276048 ], [ 73.246998871568621, 18.507710843408688 ], [ 73.247138589751216, 18.507428182944921 ], [ 73.247121628347941, 18.507169232832553 ], [ 73.24712875632099, 18.507137783662188 ], [ 73.247188674978247, 18.506705696790675 ], [ 73.247195771801103, 18.506654519863446 ], [ 73.247378304789606, 18.506271166338308 ], [ 73.247491797423038, 18.50600323993018 ], [ 73.247586269382396, 18.505747121443392 ], [ 73.247631251611494, 18.505680322056378 ], [ 73.247697386763832, 18.505515521998348 ], [ 73.247955085005401, 18.505128996543704 ], [ 73.248072771373415, 18.504952476297433 ], [ 73.248218820140664, 18.504323242879707 ], [ 73.248349021420097, 18.50389647486378 ], [ 73.248465951814694, 18.503764147958748 ], [ 73.24854600384441, 18.503654374582595 ], [ 73.248683248841814, 18.503565146130427 ], [ 73.248886302698395, 18.50331255794822 ], [ 73.248999753904343, 18.503171430270527 ], [ 73.249195231322972, 18.502853075462212 ], [ 73.250140200358601, 18.50106538845381 ], [ 73.249927463708957, 18.500815376150172 ], [ 73.24985408426403, 18.500729138954682 ], [ 73.249857177137358, 18.500721766720801 ], [ 73.250268250517308, 18.499741917965082 ], [ 73.250319916556407, 18.499494595371914 ], [ 73.250328698571707, 18.499452556257495 ], [ 73.250406497582333, 18.499080134947917 ], [ 73.250433100110172, 18.498946828678925 ], [ 73.250439549048053, 18.498921918165308 ], [ 73.250608547638478, 18.498269119365716 ], [ 73.250680066006623, 18.498100895055359 ], [ 73.250892096596829, 18.497755551514047 ], [ 73.25090618726307, 18.497719281855836 ], [ 73.25114000153485, 18.497117436809106 ], [ 73.251340942077093, 18.496607912735158 ], [ 73.251572489614659, 18.496087317731963 ], [ 73.251552574238644, 18.496025043379348 ], [ 73.251544131064122, 18.495998641994845 ], [ 73.251520097858304, 18.495923491312681 ], [ 73.251487600731537, 18.495821874246644 ], [ 73.251330416931694, 18.495330365726716 ], [ 73.25130999572923, 18.495227113530404 ], [ 73.251317429755602, 18.495215855215235 ], [ 73.251648942750762, 18.494713800064346 ], [ 73.251698416207716, 18.49462119620523 ], [ 73.252171528121494, 18.493903117657112 ], [ 73.252234404741102, 18.493807684403805 ], [ 73.252571960480054, 18.49339909823783 ], [ 73.252704816884318, 18.493053131795534 ], [ 73.252972973242777, 18.492375704154938 ], [ 73.253102441945032, 18.492207609479351 ], [ 73.253625964474679, 18.491527893823502 ], [ 73.253659190651376, 18.491484754373971 ], [ 73.25366476813474, 18.491472008088522 ], [ 73.253814317863032, 18.491130239639972 ], [ 73.253938461240921, 18.490846531611851 ], [ 73.253974454163711, 18.490698015493706 ], [ 73.253431242310796, 18.490737245611342 ], [ 73.251864095758719, 18.490340554933027 ], [ 73.251452350583349, 18.490144964102342 ], [ 73.249262896393645, 18.489651512240584 ], [ 73.248691674276756, 18.489429247029193 ], [ 73.247561265257218, 18.488989392659903 ], [ 73.244907093156087, 18.487970589213887 ], [ 73.242450677413615, 18.486841432369943 ], [ 73.24219416556241, 18.486759054799222 ], [ 73.242132675585026, 18.486776992146474 ], [ 73.242045445814085, 18.486807649809691 ], [ 73.23981862211815, 18.486619427952576 ], [ 73.239340143528409, 18.486569230448993 ], [ 73.237214342205505, 18.485703672889372 ], [ 73.237053433206142, 18.485676508078143 ], [ 73.235107434848317, 18.485679597199464 ], [ 73.234440903153597, 18.485400546619644 ], [ 73.234289822204573, 18.485334788468549 ], [ 73.234012727370043, 18.485214182180755 ], [ 73.233066121493152, 18.484797642195474 ], [ 73.232097423902928, 18.484307095727331 ], [ 73.231377884111964, 18.483904224078969 ], [ 73.230492104453276, 18.483408267957088 ], [ 73.230476448562115, 18.483399502018187 ], [ 73.230153996726244, 18.483735754429858 ], [ 73.22996146172477, 18.483936528819527 ], [ 73.229308844998286, 18.485128513974701 ], [ 73.228938897193245, 18.485837701532489 ], [ 73.228885367604676, 18.485898229953136 ], [ 73.228669565144116, 18.486237995288661 ], [ 73.228599717657232, 18.486347964752781 ], [ 73.228461688840753, 18.486619723876743 ], [ 73.228335525688124, 18.486758913758592 ], [ 73.228275776362125, 18.486860438889494 ], [ 73.228223263932875, 18.487036759154364 ], [ 73.228223508978999, 18.487094598649321 ], [ 73.228333024078893, 18.487679624748523 ], [ 73.228341195616281, 18.487723276672398 ], [ 73.228533585083881, 18.487994302293544 ], [ 73.228507909243206, 18.488030958818854 ], [ 73.228387595364154, 18.488190192430523 ], [ 73.227703285809923, 18.489161458981982 ], [ 73.227677934894587, 18.489197440239593 ], [ 73.227215473413025, 18.489781386207483 ], [ 73.227229477842457, 18.489858216669461 ], [ 73.227207753724315, 18.489889151950308 ], [ 73.22738821507221, 18.490774550536401 ], [ 73.227471203075538, 18.491184347559511 ], [ 73.227542844897414, 18.491577378361058 ], [ 73.227551902092955, 18.491627066481499 ], [ 73.227556372866047, 18.491651593301526 ], [ 73.2275732663594, 18.491744271544917 ], [ 73.227576430490785, 18.491808259634809 ], [ 73.227582571151004, 18.491932441796735 ], [ 73.227542845410994, 18.493548310034896 ], [ 73.227527558573399, 18.494170103146303 ], [ 73.227494278469578, 18.495523757862259 ], [ 73.227443388671418, 18.495664795933976 ], [ 73.227421855721957, 18.495796497142294 ], [ 73.227150204270743, 18.496293965281382 ], [ 73.227027221086928, 18.497490569041247 ], [ 73.226971775738207, 18.498000487363072 ], [ 73.226875923747684, 18.498882009201168 ], [ 73.226777752493433, 18.499593468520175 ], [ 73.226619271912057, 18.500516142191657 ], [ 73.226566510513237, 18.500823316722972 ], [ 73.226478490691591, 18.501335761737437 ], [ 73.22634833749953, 18.50209349846449 ], [ 73.226280467082177, 18.502488629425841 ], [ 73.226290441945252, 18.502489466052623 ], [ 73.22631401337128, 18.502491443068664 ], [ 73.227206747517982, 18.502583415553033 ], [ 73.227523852572233, 18.502610113682806 ], [ 73.227823062210973, 18.503600645317135 ], [ 73.228339003737972, 18.505250608576489 ], [ 73.228382494042137, 18.505420631121524 ], [ 73.228459982334527, 18.505670267086884 ], [ 73.228517341516465, 18.505886201731641 ], [ 73.228555727168271, 18.506097871417523 ], [ 73.228583631576498, 18.506206960830411 ], [ 73.228619958134971, 18.506452058520097 ], [ 73.228740685000105, 18.507117775406698 ], [ 73.228764349883477, 18.507353345202034 ], [ 73.228770231059571, 18.507391531190763 ], [ 73.22882477558278, 18.507745683434678 ], [ 73.228883924121476, 18.507970214425995 ], [ 73.228949204006085, 18.508512065909827 ], [ 73.22905590266754, 18.50914136609407 ], [ 73.22916612005406, 18.509618289671153 ], [ 73.229269231181831, 18.510087613896303 ], [ 73.229448258555749, 18.510631390772119 ], [ 73.229466622294012, 18.510687986983385 ], [ 73.229511235991311, 18.510825484217776 ], [ 73.229527497739696, 18.510862551449179 ], [ 73.22983883826106, 18.511797903485387 ], [ 73.229805273354657, 18.51197846893615 ], [ 73.229685112571815, 18.5126912664727 ], [ 73.229369602946463, 18.513353722855413 ], [ 73.229104497901176, 18.513890164438465 ], [ 73.229107699653071, 18.513903620974133 ], [ 73.229145132779536, 18.514060947241319 ], [ 73.229253623189777, 18.515012631521131 ], [ 73.22927077856167, 18.515139351718176 ], [ 73.229269476234037, 18.515151694466283 ], [ 73.229247579096238, 18.515359223282474 ], [ 73.229224298672762, 18.515579861548872 ], [ 73.22915946025762, 18.516470787620108 ], [ 73.229161990503144, 18.516536643916879 ], [ 73.229562742277267, 18.516582525151364 ], [ 73.229625969805909, 18.516589763859486 ], [ 73.229780330765664, 18.516607436037702 ], [ 73.229782345232991, 18.516607666665266 ], [ 73.229807944254389, 18.516654100384187 ], [ 73.229990751225216, 18.516963027203417 ], [ 73.230137815966032, 18.517220705248576 ], [ 73.230208661599249, 18.517375815391631 ], [ 73.230235162414431, 18.517453722112862 ], [ 73.230242651771675, 18.517475491126845 ], [ 73.23062288914906, 18.518580704185524 ], [ 73.230782953551511, 18.518751710799165 ], [ 73.23079860053673, 18.518768427406997 ], [ 73.230859097493692, 18.518834059751896 ], [ 73.230867113726731, 18.51884275645142 ], [ 73.231095874871471, 18.5190909357122 ], [ 73.2311367355735, 18.519135585091192 ], [ 73.231262018777045, 18.519272484575424 ], [ 73.231292260959151, 18.519305530772328 ], [ 73.231328400320365, 18.519345020904211 ], [ 73.231551420719313, 18.519591956599584 ], [ 73.231551813576971, 18.519606435264052 ], [ 73.231558238182856, 18.519613883418856 ], [ 73.231566582374512, 18.520150733653509 ], [ 73.231569298479371, 18.520250834284582 ], [ 73.231568599096931, 18.520280485425019 ], [ 73.231575035374419, 18.520694580967017 ], [ 73.231588306122092, 18.520816355613022 ], [ 73.231579378313199, 18.520848963194396 ], [ 73.231532222302576, 18.521021193755416 ], [ 73.231540061529984, 18.521178415231077 ], [ 73.231490570560936, 18.521342601794629 ], [ 73.231485679478055, 18.521404193636613 ], [ 73.231467091696402, 18.521638263211173 ], [ 73.231444080595509, 18.521693196711624 ], [ 73.231388776227277, 18.522589222793897 ], [ 73.23138993012293, 18.52260273106134 ], [ 73.231288325340756, 18.522905460079187 ], [ 73.231258820966673, 18.523061931726886 ], [ 73.231261472056531, 18.523075235042484 ], [ 73.231265505364775, 18.523095474403078 ], [ 73.231288769425703, 18.523212214629439 ], [ 73.23130137585855, 18.52331109482202 ], [ 73.231301540080608, 18.523311872197326 ] ] ] ] } },
{ "type": "Feature", "properties": { "MAHA_GVMP_": 37595, "MAHA_GVMP1": 29, "CCODE": "240009000302940300", "NAME": "Ambivali", "OTHERS": null, "VIL_CD": "02940300", "DST": "24", "TQ": "0009", "CEN_CD": "02940700", "NAME_E": "Ambivali", "T_CODE": "272409", "D_NAME": "Raigad", "T_NAME": "Sudhagad", "T_Name_Old": "Sudhagad", "D_Name_Old": "RAIGAD", "D_CODE": "2724", "Remarks": null, "Type": null, "Disputed": 0, "Shape_Leng": 0.07842293018, "Shape_Area": 0.00026862027 }, "geometry": { "type": "MultiPolygon", "coordinates": [ [ [ [ 73.247924888436216, 18.522337079419856 ], [ 73.247912719995213, 18.522274232678853 ], [ 73.248173892432874, 18.522160437719606 ], [ 73.248210262728264, 18.522128495752156 ], [ 73.248253400955491, 18.522090609869622 ], [ 73.248284992401182, 18.522062864859947 ], [ 73.248346956544708, 18.52200844515761 ], [ 73.248401741310033, 18.521792704449638 ], [ 73.248530839855221, 18.521493965537672 ], [ 73.248806231892218, 18.521252646313826 ], [ 73.248888153504822, 18.521180860223865 ], [ 73.248891724358486, 18.521177731161742 ], [ 73.248919032215099, 18.52115380187081 ], [ 73.248918769723559, 18.520963971486708 ], [ 73.249265827638226, 18.520703849786003 ], [ 73.249349953939884, 18.520640796472662 ], [ 73.249471805265387, 18.520605460765864 ], [ 73.249554718584761, 18.520581416651396 ], [ 73.249795018816599, 18.520485319852639 ], [ 73.250076669200837, 18.520377382963318 ], [ 73.250181185774181, 18.520329479937629 ], [ 73.250417549993927, 18.520221146937445 ], [ 73.250467769061402, 18.520132776602395 ], [ 73.250508357141143, 18.520009017801158 ], [ 73.250789032848218, 18.519655949643834 ], [ 73.250798673438226, 18.519645619045093 ], [ 73.250868852622091, 18.519570416852673 ], [ 73.250911758571817, 18.519495067647426 ], [ 73.250943885276513, 18.519438648343339 ], [ 73.251066068097145, 18.519274751968453 ], [ 73.25111035845714, 18.519230668777311 ], [ 73.251199463728938, 18.519141980196594 ], [ 73.251249545248299, 18.519089950928048 ], [ 73.251403262686893, 18.518943474968523 ], [ 73.251510649978854, 18.5188556825143 ], [ 73.25170897389188, 18.518696810647214 ], [ 73.251859895257269, 18.518618800592776 ], [ 73.252038409175043, 18.518535299619884 ], [ 73.252175725523728, 18.518455549817929 ], [ 73.252208038453148, 18.518438847410664 ], [ 73.252399538021677, 18.518166537626314 ], [ 73.252441783206791, 18.518142212530961 ], [ 73.252774778512276, 18.517971429197871 ], [ 73.252818448158678, 18.517925325294812 ], [ 73.252885218875633, 18.517854832541275 ], [ 73.253023549117984, 18.517768065354403 ], [ 73.253085989200088, 18.517725341955384 ], [ 73.2531896053639, 18.517663906873452 ], [ 73.253410934516921, 18.517525078137055 ], [ 73.25347518693917, 18.517437274214899 ], [ 73.253825296258469, 18.516958831581803 ], [ 73.254349393935229, 18.51655004484968 ], [ 73.254391524633263, 18.516426001787863 ], [ 73.254561423051427, 18.516000155695735 ], [ 73.254569225363468, 18.515516464296127 ], [ 73.254565218657376, 18.515314551225856 ], [ 73.254567263301681, 18.515246224895463 ], [ 73.25456787144185, 18.515225902527163 ], [ 73.254711129504187, 18.514891038182554 ], [ 73.254783022120819, 18.51472298934533 ], [ 73.254801703291207, 18.514689710629682 ], [ 73.254828972857581, 18.514641132482836 ], [ 73.255412239119153, 18.513602091378175 ], [ 73.255444889099294, 18.513217649501087 ], [ 73.255401878556597, 18.512796897962744 ], [ 73.255398200004606, 18.512760912354111 ], [ 73.255571287703617, 18.512186856737912 ], [ 73.255619302023433, 18.512013956666578 ], [ 73.255677752802228, 18.511795681461024 ], [ 73.255799365602911, 18.511384168723907 ], [ 73.256138275579985, 18.510237356092546 ], [ 73.25617940711993, 18.51009817299871 ], [ 73.256562238323625, 18.509173160431203 ], [ 73.256679209813228, 18.508798517109483 ], [ 73.256830436828466, 18.508314155584173 ], [ 73.256832308358071, 18.508308161286891 ], [ 73.25696899948673, 18.508345612025721 ], [ 73.257358633194769, 18.507668986171382 ], [ 73.257587142709212, 18.507346704152326 ], [ 73.257719872323889, 18.507159506148923 ], [ 73.257818392184959, 18.506979833344985 ], [ 73.257975403267835, 18.506730738605484 ], [ 73.258061740706864, 18.506534361165677 ], [ 73.258189870719264, 18.506297531164023 ], [ 73.258301274370183, 18.505989531134276 ], [ 73.258462110244068, 18.505544862715396 ], [ 73.258527825916588, 18.505421613979536 ], [ 73.258570060606303, 18.505305748605906 ], [ 73.258687927954554, 18.505245494238011 ], [ 73.258792359568133, 18.505145435458076 ], [ 73.258923072162133, 18.504998206991502 ], [ 73.258994046303712, 18.504918264928051 ], [ 73.259264279963531, 18.50474331680897 ], [ 73.259436178870146, 18.504632029798756 ], [ 73.259874209677378, 18.504348448162887 ], [ 73.259895450776185, 18.504291589962804 ], [ 73.259911301584168, 18.504279840350648 ], [ 73.259981562766257, 18.504061084866009 ], [ 73.260100223596055, 18.503691637609734 ], [ 73.26011441940841, 18.503586918262613 ], [ 73.260136822869015, 18.503421652615941 ], [ 73.260151237344644, 18.503256766585082 ], [ 73.26017068312899, 18.503034327311298 ], [ 73.260157124183195, 18.502933891123746 ], [ 73.260046762896025, 18.502331656215972 ], [ 73.260048694760826, 18.502275046917532 ], [ 73.26008103600941, 18.501327347982397 ], [ 73.260112360611856, 18.500409429895626 ], [ 73.260116193233046, 18.500297120293794 ], [ 73.260118259663273, 18.5001065997414 ], [ 73.260143549882969, 18.499613019508558 ], [ 73.26014502370316, 18.499391868598536 ], [ 73.260176146088327, 18.498976846734536 ], [ 73.260179465933732, 18.498932575958861 ], [ 73.26019198072396, 18.498765688619358 ], [ 73.260182900769621, 18.498364661471498 ], [ 73.260167747400374, 18.497695390421711 ], [ 73.260189054537591, 18.49758374767282 ], [ 73.260204073914792, 18.497505050734958 ], [ 73.260533994680316, 18.497439958694599 ], [ 73.260541675024001, 18.497438443386159 ], [ 73.260552038723915, 18.497436398659318 ], [ 73.260631429701107, 18.497081837898463 ], [ 73.260759750251736, 18.496572003169547 ], [ 73.260741561949828, 18.496460072118964 ], [ 73.260722973072916, 18.49632115311573 ], [ 73.260644521214374, 18.495862879637741 ], [ 73.260501473430281, 18.494982550267821 ], [ 73.260444941694573, 18.494669893698187 ], [ 73.260443257986083, 18.494660581697929 ], [ 73.260117941663225, 18.493173666900589 ], [ 73.259993518481281, 18.492829028212896 ], [ 73.259937566378028, 18.492674046489071 ], [ 73.259884190507933, 18.492656349323056 ], [ 73.258681835097491, 18.492257694491741 ], [ 73.255922645204919, 18.491355596047129 ], [ 73.25444712921626, 18.490874718274313 ], [ 73.253974454163711, 18.490698015493706 ], [ 73.253938461240921, 18.490846531611851 ], [ 73.253814317863032, 18.491130239639972 ], [ 73.25366476813474, 18.491472008088522 ], [ 73.253659190651376, 18.491484754373971 ], [ 73.253625964474679, 18.491527893823502 ], [ 73.253102441945032, 18.492207609479351 ], [ 73.252972973242777, 18.492375704154938 ], [ 73.252704816884318, 18.493053131795534 ], [ 73.252571960480054, 18.49339909823783 ], [ 73.252234404741102, 18.493807684403805 ], [ 73.252171528121494, 18.493903117657112 ], [ 73.251698416207716, 18.49462119620523 ], [ 73.251648942750762, 18.494713800064346 ], [ 73.251317429755602, 18.495215855215235 ], [ 73.25130999572923, 18.495227113530404 ], [ 73.251330416931694, 18.495330365726716 ], [ 73.251487600731537, 18.495821874246644 ], [ 73.251520097858304, 18.495923491312681 ], [ 73.251544131064122, 18.495998641994845 ], [ 73.251552574238644, 18.496025043379348 ], [ 73.251572489614659, 18.496087317731963 ], [ 73.251340942077093, 18.496607912735158 ], [ 73.25114000153485, 18.497117436809106 ], [ 73.25090618726307, 18.497719281855836 ], [ 73.250892096596829, 18.497755551514047 ], [ 73.250680066006623, 18.498100895055359 ], [ 73.250608547638478, 18.498269119365716 ], [ 73.250439549048053, 18.498921918165308 ], [ 73.250433100110172, 18.498946828678925 ], [ 73.250406497582333, 18.499080134947917 ], [ 73.250328698571707, 18.499452556257495 ], [ 73.250319916556407, 18.499494595371914 ], [ 73.250268250517308, 18.499741917965082 ], [ 73.249857177137358, 18.500721766720801 ], [ 73.24985408426403, 18.500729138954682 ], [ 73.249927463708957, 18.500815376150172 ], [ 73.250140200358601, 18.50106538845381 ], [ 73.249195231322972, 18.502853075462212 ], [ 73.248999753904343, 18.503171430270527 ], [ 73.248886302698395, 18.50331255794822 ], [ 73.248683248841814, 18.503565146130427 ], [ 73.24854600384441, 18.503654374582595 ], [ 73.248465951814694, 18.503764147958748 ], [ 73.248349021420097, 18.50389647486378 ], [ 73.248218820140664, 18.504323242879707 ], [ 73.248072771373415, 18.504952476297433 ], [ 73.247955085005401, 18.505128996543704 ], [ 73.247697386763832, 18.505515521998348 ], [ 73.247631251611494, 18.505680322056378 ], [ 73.247586269382396, 18.505747121443392 ], [ 73.247491797423038, 18.50600323993018 ], [ 73.247378304789606, 18.506271166338308 ], [ 73.247195771801103, 18.506654519863446 ], [ 73.247188674978247, 18.506705696790675 ], [ 73.24712875632099, 18.507137783662188 ], [ 73.247121628347941, 18.507169232832553 ], [ 73.247138589751216, 18.507428182944921 ], [ 73.246998871568621, 18.507710843408688 ], [ 73.246980516622273, 18.507791826276048 ], [ 73.24692904260661, 18.507855572348433 ], [ 73.246891549767895, 18.507982585267769 ], [ 73.246822692608134, 18.508067265305328 ], [ 73.246775235608709, 18.508125627516733 ], [ 73.246732192140712, 18.508250353200197 ], [ 73.246681423684436, 18.508397463088727 ], [ 73.246487360568324, 18.509131821100652 ], [ 73.246474425732686, 18.509180767831936 ], [ 73.246373856909941, 18.509561329479709 ], [ 73.246351232756354, 18.509693615639719 ], [ 73.246343748842435, 18.509724041468871 ], [ 73.246341982067406, 18.509747705476855 ], [ 73.246307897713962, 18.510204226571204 ], [ 73.246254321761569, 18.510435062511988 ], [ 73.246217056397256, 18.510742535566976 ], [ 73.246164774749104, 18.511173904702787 ], [ 73.246131104110702, 18.511323959132255 ], [ 73.246047340556743, 18.511697253298678 ], [ 73.246032732875676, 18.511744027190332 ], [ 73.246007091643946, 18.511853520866453 ], [ 73.245941406231793, 18.512134011308376 ], [ 73.245547212110921, 18.512755871240472 ], [ 73.245483511806299, 18.512883414988835 ], [ 73.245052198740154, 18.513916653248202 ], [ 73.245049393832232, 18.513923372541626 ], [ 73.245047224948109, 18.513928568208598 ], [ 73.245384672510113, 18.515960588278858 ], [ 73.245387162067459, 18.515975579553754 ], [ 73.245394585288977, 18.516020279673285 ], [ 73.245585934125984, 18.516101061706763 ], [ 73.245669497511358, 18.516153814041729 ], [ 73.245710229340489, 18.516341924196922 ], [ 73.245898784754957, 18.517212716508425 ], [ 73.245882525579248, 18.517525107892254 ], [ 73.245898376471757, 18.517633957477983 ], [ 73.245910797029012, 18.517688402900887 ], [ 73.246399757312247, 18.51867751246067 ], [ 73.24642193478229, 18.518722374591221 ], [ 73.246633764017815, 18.51915087619733 ], [ 73.246636874557566, 18.519161202386499 ], [ 73.246699712504324, 18.519281595346229 ], [ 73.246741462686657, 18.519217538493649 ], [ 73.246829680893825, 18.519082186065702 ], [ 73.246838939285908, 18.519098739866706 ], [ 73.246977546301537, 18.519346565716319 ], [ 73.246936976998938, 18.51964843192178 ], [ 73.246914224710395, 18.519817725635733 ], [ 73.246900133731515, 18.519922572683242 ], [ 73.24675166937584, 18.521027246687936 ], [ 73.246650968972631, 18.521792129730557 ], [ 73.246628203771536, 18.522051325115171 ], [ 73.246582656218777, 18.522569908783282 ], [ 73.246558417409574, 18.522845879521412 ], [ 73.24656690473546, 18.52283899760647 ], [ 73.246743730158016, 18.522695619188539 ], [ 73.24694637128465, 18.522531307676957 ], [ 73.247033654833217, 18.522460533666845 ], [ 73.247134009537888, 18.522445662084635 ], [ 73.247907582807329, 18.522331024244806 ], [ 73.247924888436216, 18.522337079419856 ] ] ] ] } }
]
}
