{
"type": "FeatureCollection",
"name": "EB",
"crs": { "type": "name", "properties": { "name": "urn:ogc:def:crs:OGC:1.3:CRS84" } },
"features": [
{ "type": "Feature", "properties": { "fid": 1, "Name": "EB 0080", "description": "EB Number 0080\nEB Total Population   625\nEB Sc Population       157\nEB ST Population        00", "timestamp": null, "begin": null, "end": null, "altitudeMode": null, "tessellate": 1, "extrude": 0, "visibility": 0, "drawOrder": null, "icon": null }, "geometry": { "type": "Polygon", "coordinates": [ [ [ 73.236287560312732, 18.52045068001464, 0.0 ], [ 73.236390099375285, 18.52043972883089, 0.0 ], [ 73.236528953450772, 18.520470751013011, 0.0 ], [ 73.236655750228692, 18.520470812940221, 0.0 ], [ 73.236742158626299, 18.52049112085394, 0.0 ], [ 73.236898786194317, 18.52047093152877, 0.0 ], [ 73.236978220241156, 18.520420428195958, 0.0 ], [ 73.237036230531928, 18.52037000663432, 0.0 ], [ 73.237102208008466, 18.520308567619448, 0.0 ], [ 73.237124514128283, 18.520318803918698, 0.0 ], [ 73.237232274286825, 18.520339321670001, 0.0 ], [ 73.237321788512816, 18.520380285142451, 0.0 ], [ 73.237448732399599, 18.520462480714851, 0.0 ], [ 73.23758777119167, 18.520545788255099, 0.0 ], [ 73.237696867423523, 18.520639691724451, 0.0 ], [ 73.237864944048283, 18.520765952484929, 0.0 ], [ 73.238005470656447, 18.520914576969329, 0.0 ], [ 73.238074798937646, 18.52101146398287, 0.0 ], [ 73.23814929497027, 18.521001239273669, 0.0 ], [ 73.238259963672533, 18.521012798623889, 0.0 ], [ 73.238350727976922, 18.521099860029501, 0.0 ], [ 73.238538782164227, 18.5211215614836, 0.0 ], [ 73.238748529858896, 18.52114303811425, 0.0 ], [ 73.238900859938127, 18.521143282762289, 0.0 ], [ 73.239082746724534, 18.5211866407797, 0.0 ], [ 73.239277296359575, 18.52118578485479, 0.0 ], [ 73.239419841767173, 18.52119596663017, 0.0 ], [ 73.239341142097842, 18.52129395992057, 0.0 ], [ 73.239190537278915, 18.521425048103531, 0.0 ], [ 73.238910917787535, 18.52177088979338, 0.0 ], [ 73.238747191090823, 18.522106472252979, 0.0 ], [ 73.238632638868665, 18.52244670179569, 0.0 ], [ 73.238615787173913, 18.522678868695991, 0.0 ], [ 73.238547755409627, 18.523309378136581, 0.0 ], [ 73.238481427391989, 18.523829101783331, 0.0 ], [ 73.238449330695389, 18.524319587529309, 0.0 ], [ 73.238641154345217, 18.52458917654808, 0.0 ], [ 73.238889881268634, 18.52481784389002, 0.0 ], [ 73.239172866322647, 18.524945493771622, 0.0 ], [ 73.2393790924434, 18.52511920429809, 0.0 ], [ 73.23948996051827, 18.525310762091209, 0.0 ], [ 73.239771379304145, 18.525397553657459, 0.0 ], [ 73.239960880220252, 18.52545707841707, 0.0 ], [ 73.240141752548197, 18.525411309078908, 0.0 ], [ 73.240308250048386, 18.525494855489061, 0.0 ], [ 73.240513423072827, 18.525556456632501, 0.0 ], [ 73.240759998431088, 18.525664908733379, 0.0 ], [ 73.241105131997003, 18.52581652506068, 0.0 ], [ 73.241290909474614, 18.525910432268621, 0.0 ], [ 73.241426620367818, 18.525937018758281, 0.0 ], [ 73.241282947602883, 18.52610956428494, 0.0 ], [ 73.241158442415184, 18.52621442911223, 0.0 ], [ 73.240892101924729, 18.52627751311519, 0.0 ], [ 73.240636717666732, 18.526262147953592, 0.0 ], [ 73.240440176554486, 18.526293018970161, 0.0 ], [ 73.240178300510792, 18.526136115890719, 0.0 ], [ 73.23996146723745, 18.52620336322201, 0.0 ], [ 73.23983509178116, 18.526161356058321, 0.0 ], [ 73.239874762359179, 18.526444921141831, 0.0 ], [ 73.239869651883055, 18.526856983741109, 0.0 ], [ 73.239789792924427, 18.527193059374969, 0.0 ], [ 73.239701889252089, 18.527674484266939, 0.0 ], [ 73.239740100529502, 18.527986073534301, 0.0 ], [ 73.239477957054802, 18.52987467470534, 0.0 ], [ 73.239492131718109, 18.531358363067451, 0.0 ], [ 73.239246191514127, 18.53154810695737, 0.0 ], [ 73.23915100547481, 18.531573788035239, 0.0 ], [ 73.238830891157477, 18.531409902888569, 0.0 ], [ 73.23843891217841, 18.531218113978159, 0.0 ], [ 73.238226009117156, 18.531249198278829, 0.0 ], [ 73.237875725435444, 18.531057591697799, 0.0 ], [ 73.23774269851954, 18.531031024278619, 0.0 ], [ 73.237408780053244, 18.5310327024957, 0.0 ], [ 73.236894172132878, 18.531003491012211, 0.0 ], [ 73.236451760848496, 18.530911527337359, 0.0 ], [ 73.236059523758485, 18.53089790639206, 0.0 ], [ 73.235774516965478, 18.530895500250729, 0.0 ], [ 73.235438803871645, 18.53102809075633, 0.0 ], [ 73.2351994024487, 18.531063907082931, 0.0 ], [ 73.235030219387539, 18.531116709296061, 0.0 ], [ 73.234272975377039, 18.53118002507998, 0.0 ], [ 73.233358523611187, 18.531229006394689, 0.0 ], [ 73.232805326974869, 18.531200050497461, 0.0 ], [ 73.231895711260194, 18.531325777956351, 0.0 ], [ 73.231607770903381, 18.531323262583669, 0.0 ], [ 73.231045139210877, 18.531374762040649, 0.0 ], [ 73.23057898542443, 18.531299293715051, 0.0 ], [ 73.230314793745535, 18.531240235133051, 0.0 ], [ 73.229990184870019, 18.531204123664111, 0.0 ], [ 73.229392918294423, 18.53122539229069, 0.0 ], [ 73.229318930700529, 18.531237843671398, 0.0 ], [ 73.22922888245111, 18.531260057584131, 0.0 ], [ 73.229061058161591, 18.531346184872341, 0.0 ], [ 73.228759437566993, 18.531508909340431, 0.0 ], [ 73.228593036295649, 18.531581226385491, 0.0 ], [ 73.228409512254842, 18.531726622785289, 0.0 ], [ 73.228234925784406, 18.532003383521879, 0.0 ], [ 73.228098009332882, 18.532265318018581, 0.0 ], [ 73.228014215357192, 18.532338303821831, 0.0 ], [ 73.227816750262107, 18.532497187914931, 0.0 ], [ 73.227666266574573, 18.532640674802, 0.0 ], [ 73.227443826947976, 18.53283756756791, 0.0 ], [ 73.227249567264479, 18.533020244129681, 0.0 ], [ 73.226994121872806, 18.533203492766901, 0.0 ], [ 73.226710333026261, 18.53345553168047, 0.0 ], [ 73.226539413898507, 18.533589979269411, 0.0 ], [ 73.226351715766071, 18.533757473778309, 0.0 ], [ 73.226074620097805, 18.533947253783829, 0.0 ], [ 73.225916303265436, 18.534067992683109, 0.0 ], [ 73.225786260278383, 18.534097417292539, 0.0 ], [ 73.225719117364747, 18.534105349297931, 0.0 ], [ 73.225659043169259, 18.534136181656521, 0.0 ], [ 73.225575519329055, 18.534057642556419, 0.0 ], [ 73.22557844196001, 18.533913714279588, 0.0 ], [ 73.225786956068561, 18.53377531781565, 0.0 ], [ 73.226345390997423, 18.53306325209789, 0.0 ], [ 73.226334272029604, 18.532499837304961, 0.0 ], [ 73.225949009418244, 18.531231068593389, 0.0 ], [ 73.22638573295886, 18.530051593270588, 0.0 ], [ 73.226061479684759, 18.529071502233979, 0.0 ], [ 73.226133710517445, 18.528751040489709, 0.0 ], [ 73.226091854377287, 18.527983631647189, 0.0 ], [ 73.226400300567491, 18.5273562959743, 0.0 ], [ 73.226245015363787, 18.526943077966731, 0.0 ], [ 73.226174088942741, 18.52652619280699, 0.0 ], [ 73.22568943581571, 18.524775168010571, 0.0 ], [ 73.225680627576438, 18.52449319113952, 0.0 ], [ 73.225321869347198, 18.524378842780461, 0.0 ], [ 73.225273592061825, 18.52432917419295, 0.0 ], [ 73.225406223455167, 18.524154601666002, 0.0 ], [ 73.225421261619459, 18.524020838110658, 0.0 ], [ 73.225438476486659, 18.52393667633503, 0.0 ], [ 73.225532202185121, 18.523501219690711, 0.0 ], [ 73.225574476213311, 18.5232078545625, 0.0 ], [ 73.225682248411758, 18.522759739533221, 0.0 ], [ 73.226016949459805, 18.522411873000859, 0.0 ], [ 73.226313989615946, 18.522248243655181, 0.0 ], [ 73.226611926490961, 18.522227606383609, 0.0 ], [ 73.226913172972459, 18.522298194357539, 0.0 ], [ 73.227275286987521, 18.522402703816841, 0.0 ], [ 73.227571865268374, 18.522496461605989, 0.0 ], [ 73.227662156204019, 18.52266348197897, 0.0 ], [ 73.227672665110745, 18.522811148835199, 0.0 ], [ 73.227909727335231, 18.52265402024101, 0.0 ], [ 73.228282530076129, 18.522781462948569, 0.0 ], [ 73.228572057233364, 18.522942763126942, 0.0 ], [ 73.228793395239876, 18.523073949206388, 0.0 ], [ 73.228895556690645, 18.523349694171841, 0.0 ], [ 73.229003257205051, 18.52356337192019, 0.0 ], [ 73.229121660029051, 18.523666065877809, 0.0 ], [ 73.229089224370711, 18.523780585666959, 0.0 ], [ 73.229010573756113, 18.52390755242752, 0.0 ], [ 73.228904593497802, 18.524012179610491, 0.0 ], [ 73.228815639346038, 18.524175754933982, 0.0 ], [ 73.228674246320708, 18.524295660936911, 0.0 ], [ 73.228503551288497, 18.524281216879821, 0.0 ], [ 73.228321070392624, 18.52448809705583, 0.0 ], [ 73.228245227354677, 18.524574527346239, 0.0 ], [ 73.228386628275771, 18.524660214158491, 0.0 ], [ 73.22843508982065, 18.524783516284071, 0.0 ], [ 73.228448530097864, 18.524920547556, 0.0 ], [ 73.228382434029399, 18.524996301433681, 0.0 ], [ 73.228535042562328, 18.524808125989608, 0.0 ], [ 73.228642540482795, 18.52467199491133, 0.0 ], [ 73.228880558024571, 18.524525117865341, 0.0 ], [ 73.229087583105354, 18.524440313896871, 0.0 ], [ 73.229282326250839, 18.52427219225353, 0.0 ], [ 73.229466747218723, 18.52430802492529, 0.0 ], [ 73.229611997657514, 18.524319743765972, 0.0 ], [ 73.229761509470563, 18.524282911094371, 0.0 ], [ 73.229994151114511, 18.524235929165439, 0.0 ], [ 73.230149651938433, 18.5242360705697, 0.0 ], [ 73.230332863463218, 18.524188634038659, 0.0 ], [ 73.230462818017642, 18.524117081528829, 0.0 ], [ 73.23062962315386, 18.52412746604162, 0.0 ], [ 73.230795736236445, 18.524137330179322, 0.0 ], [ 73.230904936588885, 18.52403061389257, 0.0 ], [ 73.231050269800633, 18.524053068800441, 0.0 ], [ 73.231219049717794, 18.523993852306489, 0.0 ], [ 73.231563062380118, 18.52386504121603, 0.0 ], [ 73.231850642983673, 18.52378541596477, 0.0 ], [ 73.232108277341212, 18.523660089419209, 0.0 ], [ 73.232399982307214, 18.52354750405803, 0.0 ], [ 73.232634133452208, 18.523558988792018, 0.0 ], [ 73.23295529170116, 18.523435436266961, 0.0 ], [ 73.233190229508935, 18.523291332394908, 0.0 ], [ 73.233380285396308, 18.523200199384931, 0.0 ], [ 73.233537464390167, 18.523178284189591, 0.0 ], [ 73.233809287005641, 18.52310060993598, 0.0 ], [ 73.233975753944193, 18.52314367292562, 0.0 ], [ 73.234226371305795, 18.5231235442611, 0.0 ], [ 73.234459454353541, 18.52309043248162, 0.0 ], [ 73.234660176758112, 18.523123191405851, 0.0 ], [ 73.234899840003223, 18.523014258836099, 0.0 ], [ 73.234964146012643, 18.52273534219059, 0.0 ], [ 73.235071453513882, 18.522514371815419, 0.0 ], [ 73.235123127888386, 18.522131646111241, 0.0 ], [ 73.235098967774391, 18.521880559207741, 0.0 ], [ 73.235109268988055, 18.52162012535608, 0.0 ], [ 73.235128897048995, 18.521330543905329, 0.0 ], [ 73.235233783900995, 18.52108119821164, 0.0 ], [ 73.235298353106728, 18.520917175988689, 0.0 ], [ 73.235284685281044, 18.520790399077089, 0.0 ], [ 73.235397738192276, 18.520653209370678, 0.0 ], [ 73.235488213018627, 18.520529178489799, 0.0 ], [ 73.235543294501653, 18.520406358806241, 0.0 ], [ 73.23565109694654, 18.52034038060189, 0.0 ], [ 73.235793076677254, 18.520373333332341, 0.0 ], [ 73.235891393873089, 18.52032944856035, 0.0 ], [ 73.236027768469214, 18.520406465436832, 0.0 ], [ 73.236171977750843, 18.520450618232459, 0.0 ], [ 73.236287560312732, 18.52045068001464, 0.0 ] ] ] } },
{ "type": "Feature", "properties": { "fid": 2, "Name": "EB 0081", "description": "EB Number 0081\nEB Total Population    105\nEB Sc Population          00\nEB ST Population        105", "timestamp": null, "begin": null, "end": null, "altitudeMode": null, "tessellate": 1, "extrude": 0, "visibility": 0, "drawOrder": null, "icon": null }, "geometry": { "type": "Polygon", "coordinates": [ [ [ 73.239034484410112, 18.531667501511681, 0.0 ], [ 73.23911230876368, 18.531726813681502, 0.0 ], [ 73.239090082444108, 18.531830725497329, 0.0 ], [ 73.239069536306545, 18.53197122232865, 0.0 ], [ 73.239038739857463, 18.532052753763651, 0.0 ], [ 73.239000861703289, 18.532177308296792, 0.0 ], [ 73.238999787953844, 18.532359137806221, 0.0 ], [ 73.239002547392047, 18.532539513763989, 0.0 ], [ 73.238994682589933, 18.533099534919909, 0.0 ], [ 73.239006097141086, 18.533511900548501, 0.0 ], [ 73.23906113142985, 18.534234386559358, 0.0 ], [ 73.238965602916579, 18.534798999903732, 0.0 ], [ 73.239003366801199, 18.535304395031869, 0.0 ], [ 73.238914146887694, 18.535624201715489, 0.0 ], [ 73.238401499412163, 18.535539629518802, 0.0 ], [ 73.237731743331665, 18.535491527419541, 0.0 ], [ 73.237223975370682, 18.53553140095406, 0.0 ], [ 73.236921100493191, 18.535289406609689, 0.0 ], [ 73.236555584054415, 18.53500318045597, 0.0 ], [ 73.236235877200059, 18.53474772179241, 0.0 ], [ 73.235870671988962, 18.53465809337289, 0.0 ], [ 73.235495784522101, 18.53454987987487, 0.0 ], [ 73.235205480838744, 18.534544012900952, 0.0 ], [ 73.234913023495125, 18.5344536779306, 0.0 ], [ 73.234483989002413, 18.53441066964675, 0.0 ], [ 73.234154133430678, 18.534428065096321, 0.0 ], [ 73.233764306480111, 18.534697409189821, 0.0 ], [ 73.23315344257891, 18.534896431139909, 0.0 ], [ 73.232839833408292, 18.535134787129401, 0.0 ], [ 73.232655370208903, 18.53515404091225, 0.0 ], [ 73.232284527890073, 18.535325823268099, 0.0 ], [ 73.232022209691209, 18.535174766652752, 0.0 ], [ 73.231867285646459, 18.53501835422756, 0.0 ], [ 73.231703724303088, 18.534967302032729, 0.0 ], [ 73.231335350771474, 18.535018332649361, 0.0 ], [ 73.230914140074702, 18.53496171018956, 0.0 ], [ 73.230572887578248, 18.53488182121815, 0.0 ], [ 73.230282609596259, 18.534744101765771, 0.0 ], [ 73.22992419164693, 18.534588095063992, 0.0 ], [ 73.229607539709519, 18.53445080370863, 0.0 ], [ 73.229300565361243, 18.534269489391701, 0.0 ], [ 73.229046717664417, 18.534077239808362, 0.0 ], [ 73.228804644505402, 18.53390093319025, 0.0 ], [ 73.228504809264919, 18.533948512827109, 0.0 ], [ 73.228176522555771, 18.534210806845849, 0.0 ], [ 73.227640134241057, 18.534743713177662, 0.0 ], [ 73.227017166467661, 18.534778603679118, 0.0 ], [ 73.226715431937279, 18.535063607185869, 0.0 ], [ 73.226766678859619, 18.535119855809079, 0.0 ], [ 73.226593270230268, 18.534867924248552, 0.0 ], [ 73.226528400581216, 18.53476382834917, 0.0 ], [ 73.226414259639768, 18.53472885473774, 0.0 ], [ 73.226368633803489, 18.53457545783305, 0.0 ], [ 73.226302198470023, 18.534537661133889, 0.0 ], [ 73.226272617684728, 18.534477017591058, 0.0 ], [ 73.226279880036643, 18.534370076910641, 0.0 ], [ 73.226228131412043, 18.53432184516058, 0.0 ], [ 73.226150819240033, 18.534261472693942, 0.0 ], [ 73.226108249310201, 18.534167967028829, 0.0 ], [ 73.226184634250558, 18.534092792969329, 0.0 ], [ 73.226360712470608, 18.533954124879578, 0.0 ], [ 73.226546883731018, 18.53384525966511, 0.0 ], [ 73.226787214919497, 18.53362794383915, 0.0 ], [ 73.227006809045861, 18.533446850459111, 0.0 ], [ 73.227313684544612, 18.533176677233332, 0.0 ], [ 73.22759203794574, 18.532929416144459, 0.0 ], [ 73.227986747125598, 18.532581527367721, 0.0 ], [ 73.228130727001357, 18.532454626240639, 0.0 ], [ 73.228211272610366, 18.53236233320299, 0.0 ], [ 73.22833455323935, 18.532141679280631, 0.0 ], [ 73.228447396015923, 18.53195644319764, 0.0 ], [ 73.228483979243137, 18.53189059209399, 0.0 ], [ 73.228643470797337, 18.531748667058, 0.0 ], [ 73.228798970129105, 18.531651996506699, 0.0 ], [ 73.229140130371306, 18.53145878952175, 0.0 ], [ 73.229276013488189, 18.531409760375059, 0.0 ], [ 73.229378935121758, 18.531372590108919, 0.0 ], [ 73.229553452142753, 18.531342587042651, 0.0 ], [ 73.230019320434707, 18.531362759569308, 0.0 ], [ 73.230331764862058, 18.531401351561019, 0.0 ], [ 73.230665167751908, 18.531453206062679, 0.0 ], [ 73.230939222171031, 18.531481341703721, 0.0 ], [ 73.231436721678477, 18.531496017382441, 0.0 ], [ 73.23185578983302, 18.53150449156238, 0.0 ], [ 73.232022674343398, 18.53145687225248, 0.0 ], [ 73.232314628238328, 18.531420176297711, 0.0 ], [ 73.232551315860249, 18.53137368431673, 0.0 ], [ 73.232661946824535, 18.531358318527211, 0.0 ], [ 73.23279405708405, 18.531358732765661, 0.0 ], [ 73.233047057110255, 18.531370484999719, 0.0 ], [ 73.233319919057152, 18.531383447792241, 0.0 ], [ 73.233502291280274, 18.531371391291369, 0.0 ], [ 73.233812305709208, 18.53133697135155, 0.0 ], [ 73.234154281629003, 18.531315600999491, 0.0 ], [ 73.234490978119311, 18.531298587493129, 0.0 ], [ 73.234785991655471, 18.531274723767169, 0.0 ], [ 73.235074877610856, 18.531238587875031, 0.0 ], [ 73.235733053346124, 18.531096948641391, 0.0 ], [ 73.236069041884321, 18.53104627607792, 0.0 ], [ 73.23665229241351, 18.531105305165259, 0.0 ], [ 73.237182250222048, 18.531166508260139, 0.0 ], [ 73.237510078538818, 18.531177150573441, 0.0 ], [ 73.237743404450228, 18.531224525777489, 0.0 ], [ 73.238169056551143, 18.531408032636119, 0.0 ], [ 73.238327180316617, 18.531398171234521, 0.0 ], [ 73.238804602024175, 18.531640858499799, 0.0 ], [ 73.238938689490695, 18.531642292664479, 0.0 ], [ 73.239034484410112, 18.531667501511681, 0.0 ] ] ] } },
{ "type": "Feature", "properties": { "fid": 3, "Name": "EB 0084", "description": "EB Number 0084\nEB Total Population   122\nEB Sc Population        00\nEB ST Population        83", "timestamp": null, "begin": null, "end": null, "altitudeMode": null, "tessellate": 1, "extrude": 0, "visibility": 0, "drawOrder": null, "icon": null }, "geometry": { "type": "Polygon", "coordinates": [ [ [ 73.222641765583774, 18.550731704313481, 0.0 ], [ 73.223189579440515, 18.549292285704841, 0.0 ], [ 73.223423560109609, 18.54725699790718, 0.0 ], [ 73.223903907626791, 18.544404210888629, 0.0 ], [ 73.224474220774852, 18.541096918479429, 0.0 ], [ 73.225721975891844, 18.53845936569655, 0.0 ], [ 73.227189609786905, 18.53480164938793, 0.0 ], [ 73.227551463943314, 18.534750859884859, 0.0 ], [ 73.228185909902408, 18.534186280572971, 0.0 ], [ 73.228499061973665, 18.534017870523829, 0.0 ], [ 73.22883251027973, 18.533994320020032, 0.0 ], [ 73.229507849720193, 18.534436618836072, 0.0 ], [ 73.231071550614303, 18.53496359442401, 0.0 ], [ 73.231812973424042, 18.53502813865024, 0.0 ], [ 73.232302181314068, 18.53535036533799, 0.0 ], [ 73.232984889956754, 18.53501871764556, 0.0 ], [ 73.233818053123116, 18.534657857005971, 0.0 ], [ 73.234169409746201, 18.534427880323459, 0.0 ], [ 73.234924287792936, 18.534443672958261, 0.0 ], [ 73.235194619893861, 18.534540569349598, 0.0 ], [ 73.235665488655087, 18.534600395816611, 0.0 ], [ 73.236243948009218, 18.534753205535939, 0.0 ], [ 73.23672089589499, 18.535129156330289, 0.0 ], [ 73.237230644795673, 18.535533911686471, 0.0 ], [ 73.237473007234129, 18.53551822467249, 0.0 ], [ 73.237817933752936, 18.53549777670413, 0.0 ], [ 73.238241247378681, 18.535529161704439, 0.0 ], [ 73.238644530171811, 18.535587535944479, 0.0 ], [ 73.238847298992852, 18.535609637008552, 0.0 ], [ 73.23894973367986, 18.535630589211191, 0.0 ], [ 73.238917132728645, 18.536029640066189, 0.0 ], [ 73.238857135786262, 18.5365526785036, 0.0 ], [ 73.23879483714552, 18.53736014566503, 0.0 ], [ 73.238754786357859, 18.537976545363222, 0.0 ], [ 73.238682421297568, 18.53886691318559, 0.0 ], [ 73.238605081748346, 18.54043003842753, 0.0 ], [ 73.23855151594833, 18.541340880039609, 0.0 ], [ 73.238495701324993, 18.542470641055139, 0.0 ], [ 73.238450982986379, 18.543124874333792, 0.0 ], [ 73.238399175966165, 18.544002235563479, 0.0 ], [ 73.238349254944012, 18.5449467302534, 0.0 ], [ 73.238289657252039, 18.545959815094431, 0.0 ], [ 73.238251726511677, 18.5467595158668, 0.0 ], [ 73.238233210884445, 18.546826412293449, 0.0 ], [ 73.237653945285572, 18.547255928050159, 0.0 ], [ 73.237361679456498, 18.547462002675388, 0.0 ], [ 73.237209528421985, 18.547563541642951, 0.0 ], [ 73.237021165700583, 18.54771235113893, 0.0 ], [ 73.236839070642375, 18.547832143051028, 0.0 ], [ 73.236672802879283, 18.547954070317399, 0.0 ], [ 73.23650956073601, 18.548077420237831, 0.0 ], [ 73.236450864625183, 18.548137318686031, 0.0 ], [ 73.236335953491988, 18.548252131705372, 0.0 ], [ 73.236236118121084, 18.548350839548121, 0.0 ], [ 73.236140436333969, 18.54844527811608, 0.0 ], [ 73.236046574610981, 18.54854086365545, 0.0 ], [ 73.235921525773691, 18.548659406209961, 0.0 ], [ 73.235841687590892, 18.548744005961051, 0.0 ], [ 73.235454289427039, 18.549125360084901, 0.0 ], [ 73.235231998030073, 18.549357575191308, 0.0 ], [ 73.234891253996722, 18.549684210118421, 0.0 ], [ 73.234369023285282, 18.550196510069409, 0.0 ], [ 73.234193958401931, 18.55037954490556, 0.0 ], [ 73.233995620017382, 18.550572983838428, 0.0 ], [ 73.233767161475399, 18.55080216730363, 0.0 ], [ 73.233597715997092, 18.55107812584825, 0.0 ], [ 73.233492277268795, 18.551310218857381, 0.0 ], [ 73.233301178639039, 18.551765977647239, 0.0 ], [ 73.233168239240143, 18.552076447571281, 0.0 ], [ 73.233082797575477, 18.552259897997349, 0.0 ], [ 73.232996563228156, 18.55247046499662, 0.0 ], [ 73.232893329185941, 18.55270677365219, 0.0 ], [ 73.232783285517385, 18.55295467211424, 0.0 ], [ 73.232584447185445, 18.553411954392431, 0.0 ], [ 73.232435745527766, 18.5537462542542, 0.0 ], [ 73.232258197596465, 18.554150486566151, 0.0 ], [ 73.232181940833897, 18.554349531348009, 0.0 ], [ 73.232116992561899, 18.554497870041232, 0.0 ], [ 73.232055713845142, 18.554652205908901, 0.0 ], [ 73.231904714414085, 18.554980434804449, 0.0 ], [ 73.231750062460293, 18.555329325071341, 0.0 ], [ 73.231620377298583, 18.555647227588299, 0.0 ], [ 73.231423497085615, 18.556110917073351, 0.0 ], [ 73.231296925422541, 18.556406833090829, 0.0 ], [ 73.231243413676196, 18.55640462234436, 0.0 ], [ 73.231042810858099, 18.556127822357642, 0.0 ], [ 73.230765695752197, 18.555750767837971, 0.0 ], [ 73.230548147658638, 18.555440063588961, 0.0 ], [ 73.23034309837054, 18.555139584627089, 0.0 ], [ 73.230029208180625, 18.554718997547251, 0.0 ], [ 73.229783612268335, 18.554622077127039, 0.0 ], [ 73.229402168155246, 18.55450513670527, 0.0 ], [ 73.229019140770177, 18.55439186344675, 0.0 ], [ 73.228746321330476, 18.554444895554859, 0.0 ], [ 73.228505591910178, 18.554500898813622, 0.0 ], [ 73.228307944633386, 18.554510968389291, 0.0 ], [ 73.2280118030842, 18.554513951126491, 0.0 ], [ 73.227689713326441, 18.55450388005568, 0.0 ], [ 73.227497506454128, 18.554397217596659, 0.0 ], [ 73.227276017286513, 18.554325162604059, 0.0 ], [ 73.227050473713277, 18.554119299479861, 0.0 ], [ 73.226860706106905, 18.55400565017705, 0.0 ], [ 73.226684106769312, 18.553921197321191, 0.0 ], [ 73.226406628059848, 18.5538013413275, 0.0 ], [ 73.226227309549841, 18.553694561722711, 0.0 ], [ 73.226025459014537, 18.55352776825065, 0.0 ], [ 73.225694101731094, 18.55333137541832, 0.0 ], [ 73.225420651758455, 18.552747492165199, 0.0 ], [ 73.225069079206548, 18.552031618819139, 0.0 ], [ 73.224619895585491, 18.551364176848171, 0.0 ], [ 73.224023171798393, 18.550430171682589, 0.0 ], [ 73.222960498114944, 18.550602258859868, 0.0 ], [ 73.222641765583774, 18.550731704313481, 0.0 ] ] ] } },
{ "type": "Feature", "properties": { "fid": 4, "Name": "EB 001", "description": "EB Number 001\nEB Total Population   677\nEB Sc Population        00\nEB ST Population        09", "timestamp": null, "begin": null, "end": null, "altitudeMode": null, "tessellate": 1, "extrude": 0, "visibility": 0, "drawOrder": null, "icon": null }, "geometry": { "type": "Polygon", "coordinates": [ [ [ 73.222631501225493, 18.5507136967238, 0.0 ], [ 73.222525100424804, 18.55073585252028, 0.0 ], [ 73.222409226653994, 18.550765992007161, 0.0 ], [ 73.222245238792311, 18.550793210211911, 0.0 ], [ 73.222119745673666, 18.550825959713571, 0.0 ], [ 73.221979308088265, 18.550856231494372, 0.0 ], [ 73.221949583022976, 18.55082559787272, 0.0 ], [ 73.221909816477009, 18.55080544852866, 0.0 ], [ 73.22186702534762, 18.55078835794188, 0.0 ], [ 73.221815369656795, 18.550783013646029, 0.0 ], [ 73.221770867298829, 18.550781515057789, 0.0 ], [ 73.22175027293197, 18.550783913872671, 0.0 ], [ 73.221711744209145, 18.550808933561289, 0.0 ], [ 73.221676249758744, 18.550833754863891, 0.0 ], [ 73.22163707305566, 18.550870221986742, 0.0 ], [ 73.221587219574175, 18.550907206041149, 0.0 ], [ 73.221551924592745, 18.550944991641131, 0.0 ], [ 73.221501199754627, 18.550973120464828, 0.0 ], [ 73.221457528842322, 18.551001489180919, 0.0 ], [ 73.221410034502938, 18.55101349745793, 0.0 ], [ 73.221342102354441, 18.55105596586198, 0.0 ], [ 73.221202804017153, 18.551134685065112, 0.0 ], [ 73.221027032580338, 18.551242626857771, 0.0 ], [ 73.220951052707534, 18.551216368441239, 0.0 ], [ 73.220881509620085, 18.551183462683682, 0.0 ], [ 73.220866311625414, 18.55108760158123, 0.0 ], [ 73.220856296050854, 18.550758231365698, 0.0 ], [ 73.220831082374318, 18.55028189518082, 0.0 ], [ 73.220819309094708, 18.54991862938277, 0.0 ], [ 73.220810546554773, 18.549722906052281, 0.0 ], [ 73.220799932189507, 18.549586327436611, 0.0 ], [ 73.220809762378209, 18.54938843404112, 0.0 ], [ 73.220804930290029, 18.548503711222519, 0.0 ], [ 73.220813220277734, 18.54808373135252, 0.0 ], [ 73.220842191672446, 18.547453143519629, 0.0 ], [ 73.220837120117523, 18.546928328332669, 0.0 ], [ 73.220861369249917, 18.546568386718029, 0.0 ], [ 73.220860728062931, 18.546282852839362, 0.0 ], [ 73.220877081877603, 18.546022163951079, 0.0 ], [ 73.220886167231782, 18.545834221302211, 0.0 ], [ 73.220886656379236, 18.54574808959114, 0.0 ], [ 73.220901622418012, 18.545685683332859, 0.0 ], [ 73.221101580484657, 18.545660019662119, 0.0 ], [ 73.221469118494582, 18.54560015067749, 0.0 ], [ 73.221739138299171, 18.545515688174479, 0.0 ], [ 73.222313532029673, 18.54554864628173, 0.0 ], [ 73.22283798645914, 18.545877360651961, 0.0 ], [ 73.223444420352223, 18.547147676552949, 0.0 ], [ 73.223366491876575, 18.547869213829848, 0.0 ], [ 73.223330196238734, 18.548088569899509, 0.0 ], [ 73.223306528197554, 18.548289329437321, 0.0 ], [ 73.223259757151197, 18.548724671058491, 0.0 ], [ 73.223223751889563, 18.549010225100542, 0.0 ], [ 73.223196769564282, 18.549265590028419, 0.0 ], [ 73.223026662811705, 18.54972837050255, 0.0 ], [ 73.222984868327273, 18.549838498374729, 0.0 ], [ 73.222886359875432, 18.550089227647959, 0.0 ], [ 73.222779682425241, 18.550363142219911, 0.0 ], [ 73.222722455949054, 18.550521365642972, 0.0 ], [ 73.222652975494555, 18.55070869463524, 0.0 ], [ 73.222640576492452, 18.550717331134582, 0.0 ], [ 73.222631501225493, 18.5507136967238, 0.0 ] ] ] } },
{ "type": "Feature", "properties": { "fid": 5, "Name": "EB 0083", "description": "EB Number 0083\nEB Total Population   81\nEB Sc Population        00\nEB ST Population        81", "timestamp": null, "begin": null, "end": null, "altitudeMode": null, "tessellate": 1, "extrude": 0, "visibility": 0, "drawOrder": null, "icon": null }, "geometry": { "type": "Polygon", "coordinates": [ [ [ 73.22093030967676, 18.55120478278916, 0.0 ], [ 73.220978052513843, 18.55122559735165, 0.0 ], [ 73.221005988403562, 18.551231247918881, 0.0 ], [ 73.221038377205517, 18.55122649333715, 0.0 ], [ 73.221059684839801, 18.551217817193152, 0.0 ], [ 73.221103762024498, 18.551205023120399, 0.0 ], [ 73.221143040784042, 18.551174859524359, 0.0 ], [ 73.221178563482752, 18.551146139850442, 0.0 ], [ 73.22122464354841, 18.551119190129871, 0.0 ], [ 73.221258741790081, 18.55109794668985, 0.0 ], [ 73.221308944362804, 18.551070185731991, 0.0 ], [ 73.22133315068551, 18.551065630796511, 0.0 ], [ 73.221406106074241, 18.551020162332041, 0.0 ], [ 73.221463724578967, 18.55099123402309, 0.0 ], [ 73.22153789914428, 18.55094889706664, 0.0 ], [ 73.221587700022937, 18.55091124150686, 0.0 ], [ 73.221618975866576, 18.550876069904881, 0.0 ], [ 73.221654719643809, 18.550848882080491, 0.0 ], [ 73.221726764258904, 18.550803269535511, 0.0 ], [ 73.22180410003682, 18.55077390566154, 0.0 ], [ 73.221879235642618, 18.550790544715909, 0.0 ], [ 73.221932766959014, 18.550816526600361, 0.0 ], [ 73.221968135088133, 18.550844860569281, 0.0 ], [ 73.221986063555619, 18.550852323705691, 0.0 ], [ 73.222069729040044, 18.55083826509183, 0.0 ], [ 73.222214593568253, 18.550810121304998, 0.0 ], [ 73.22244302323395, 18.550749824848591, 0.0 ], [ 73.222617548184004, 18.550716847330289, 0.0 ], [ 73.222685252183311, 18.550704933482859, 0.0 ], [ 73.22272579077827, 18.550681187337968, 0.0 ], [ 73.22277265351498, 18.550663665164929, 0.0 ], [ 73.222865137478209, 18.550637390825472, 0.0 ], [ 73.22298799229435, 18.55060116567255, 0.0 ], [ 73.223112164895554, 18.550573954684079, 0.0 ], [ 73.22324763231461, 18.550551489928569, 0.0 ], [ 73.223373885805117, 18.55054069947948, 0.0 ], [ 73.223524333944724, 18.550510831247401, 0.0 ], [ 73.223715025892304, 18.55047384345831, 0.0 ], [ 73.223890212359549, 18.550441631133879, 0.0 ], [ 73.224015915595587, 18.550432585122529, 0.0 ], [ 73.224083559816009, 18.550521298461451, 0.0 ], [ 73.224256962651779, 18.55079910346301, 0.0 ], [ 73.224516611958137, 18.551203667316969, 0.0 ], [ 73.22461442481206, 18.551351512674049, 0.0 ], [ 73.224739800622928, 18.551539171314769, 0.0 ], [ 73.22487234672802, 18.55173436313499, 0.0 ], [ 73.22501090409186, 18.551943240761609, 0.0 ], [ 73.225112371936035, 18.552120397774789, 0.0 ], [ 73.225175866496087, 18.55224715339406, 0.0 ], [ 73.225261374707117, 18.552421417883181, 0.0 ], [ 73.225335818939513, 18.552573481109921, 0.0 ], [ 73.22546806648478, 18.55284400032798, 0.0 ], [ 73.225522575240163, 18.552967247872932, 0.0 ], [ 73.225605420662333, 18.553142556651888, 0.0 ], [ 73.225654734820779, 18.553244015066898, 0.0 ], [ 73.225694448909849, 18.553324995747019, 0.0 ], [ 73.225723261843171, 18.553347926881969, 0.0 ], [ 73.225774682820727, 18.553383181647291, 0.0 ], [ 73.225817934174302, 18.553401153655638, 0.0 ], [ 73.225879270732875, 18.553441367921, 0.0 ], [ 73.225886772588638, 18.553440089613449, 0.0 ], [ 73.225942153967893, 18.55347390155821, 0.0 ], [ 73.225995358670176, 18.553508078386439, 0.0 ], [ 73.226038778934367, 18.553539253369099, 0.0 ], [ 73.226093937861876, 18.553587124333639, 0.0 ], [ 73.226117603305013, 18.553601957603071, 0.0 ], [ 73.226142657061487, 18.553622027658999, 0.0 ], [ 73.226176593260419, 18.55365663607552, 0.0 ], [ 73.22621398718519, 18.553684558573242, 0.0 ], [ 73.226285861491661, 18.55373063007481, 0.0 ], [ 73.226298651897196, 18.553740828674041, 0.0 ], [ 73.226318090956241, 18.55375143893232, 0.0 ], [ 73.226416157560038, 18.553799649119991, 0.0 ], [ 73.226462855250148, 18.553817925226699, 0.0 ], [ 73.226564122979511, 18.55386014392009, 0.0 ], [ 73.226761102568688, 18.553956674699059, 0.0 ], [ 73.226901869303958, 18.554025426353672, 0.0 ], [ 73.22703951061419, 18.554120015149969, 0.0 ], [ 73.227169395211106, 18.554226878349521, 0.0 ], [ 73.227254462742806, 18.55430738184813, 0.0 ], [ 73.227296650549548, 18.554327412873072, 0.0 ], [ 73.227329933214222, 18.554340463385799, 0.0 ], [ 73.227368708118419, 18.55435191038109, 0.0 ], [ 73.227408431200274, 18.554364568571611, 0.0 ], [ 73.2274329664573, 18.554371527545001, 0.0 ], [ 73.227480159306168, 18.554391196148941, 0.0 ], [ 73.227508856007859, 18.554407941449949, 0.0 ], [ 73.227696695531975, 18.554503743639479, 0.0 ], [ 73.227851021996599, 18.554506230036541, 0.0 ], [ 73.227933184807881, 18.55451355354543, 0.0 ], [ 73.227990732060576, 18.554516333921729, 0.0 ], [ 73.228060222191644, 18.554513843749309, 0.0 ], [ 73.228166559831521, 18.554517354479731, 0.0 ], [ 73.228267229995367, 18.55451348532473, 0.0 ], [ 73.228385042054398, 18.5545099797387, 0.0 ], [ 73.228491283857551, 18.55450287054904, 0.0 ], [ 73.228585380244454, 18.554484779315381, 0.0 ], [ 73.228631070281082, 18.554473366899511, 0.0 ], [ 73.228709060404043, 18.554446962744858, 0.0 ], [ 73.228807413600549, 18.554427321913352, 0.0 ], [ 73.228856713900981, 18.554417287031882, 0.0 ], [ 73.228942876795358, 18.554410810299181, 0.0 ], [ 73.229031677044205, 18.55439686516031, 0.0 ], [ 73.229172393251218, 18.55444079135243, 0.0 ], [ 73.229237585144162, 18.554453764834189, 0.0 ], [ 73.229258456425498, 18.55445261065983, 0.0 ], [ 73.229295997050073, 18.554467292656231, 0.0 ], [ 73.22936713669273, 18.55449806830806, 0.0 ], [ 73.229449270252047, 18.55452088862738, 0.0 ], [ 73.229501162283853, 18.554538311672921, 0.0 ], [ 73.229551640742073, 18.554551076561449, 0.0 ], [ 73.229610692232612, 18.554571836828639, 0.0 ], [ 73.229680568399658, 18.554592612967738, 0.0 ], [ 73.229715512644873, 18.55459612111359, 0.0 ], [ 73.229823974538718, 18.554642168387129, 0.0 ], [ 73.229895095138787, 18.554671263165002, 0.0 ], [ 73.229938026590105, 18.55468626635426, 0.0 ], [ 73.229996192872079, 18.554709787639428, 0.0 ], [ 73.230034399220798, 18.554726290010489, 0.0 ], [ 73.230081622632028, 18.5547874749324, 0.0 ], [ 73.230170155191288, 18.55490923565592, 0.0 ], [ 73.230229762677695, 18.554987415673249, 0.0 ], [ 73.230302265261471, 18.555084659518709, 0.0 ], [ 73.230378592813793, 18.555191020732011, 0.0 ], [ 73.230428766079285, 18.555263829841721, 0.0 ], [ 73.230464453629907, 18.55531527329892, 0.0 ], [ 73.230499567080386, 18.55536736627511, 0.0 ], [ 73.230541395498221, 18.55543148015332, 0.0 ], [ 73.23060908745542, 18.55552542417907, 0.0 ], [ 73.23066214176113, 18.55560137964903, 0.0 ], [ 73.230696676995123, 18.555654646254091, 0.0 ], [ 73.230797466381759, 18.55579410185808, 0.0 ], [ 73.230886326867122, 18.555915850001249, 0.0 ], [ 73.2309742057233, 18.556028386719831, 0.0 ], [ 73.231039581526147, 18.55612556760164, 0.0 ], [ 73.231113702490035, 18.556225552318299, 0.0 ], [ 73.231166023030497, 18.55629495286669, 0.0 ], [ 73.231211760981211, 18.55636414604357, 0.0 ], [ 73.231251524962374, 18.556403694127109, 0.0 ], [ 73.231286573585251, 18.55640738575724, 0.0 ], [ 73.231266619610238, 18.556449546107949, 0.0 ], [ 73.231194638006968, 18.556618062070491, 0.0 ], [ 73.231087527770143, 18.556867497386879, 0.0 ], [ 73.230752187948156, 18.557308821275459, 0.0 ], [ 73.230455603106307, 18.55771312929717, 0.0 ], [ 73.230207029375237, 18.557965412650081, 0.0 ], [ 73.229891566181919, 18.558292412242611, 0.0 ], [ 73.229630860494282, 18.558547619284521, 0.0 ], [ 73.229211986868037, 18.558687185655671, 0.0 ], [ 73.228803744906287, 18.558813990852851, 0.0 ], [ 73.228527608228347, 18.558912481200821, 0.0 ], [ 73.228299742807252, 18.558872447084759, 0.0 ], [ 73.227951450538967, 18.558825199075159, 0.0 ], [ 73.227686941148235, 18.558788176133231, 0.0 ], [ 73.227459786818628, 18.55874835508979, 0.0 ], [ 73.226570388325399, 18.559026786469929, 0.0 ], [ 73.225847891881983, 18.55925112978187, 0.0 ], [ 73.225439728931306, 18.559380723165901, 0.0 ], [ 73.225122814349788, 18.559483746799462, 0.0 ], [ 73.224827231059265, 18.559585387442251, 0.0 ], [ 73.22464651000945, 18.55959407605318, 0.0 ], [ 73.224482880464265, 18.559875723611398, 0.0 ], [ 73.22424415615437, 18.560063751175189, 0.0 ], [ 73.224132854908262, 18.56013129469633, 0.0 ], [ 73.223920343241218, 18.560242247153688, 0.0 ], [ 73.223575856277222, 18.55977785016535, 0.0 ], [ 73.223010474966571, 18.559029441212651, 0.0 ], [ 73.222509109851316, 18.558343833774899, 0.0 ], [ 73.222367597818845, 18.5580976121656, 0.0 ], [ 73.22215038266414, 18.557749654199881, 0.0 ], [ 73.221974707477614, 18.557445761211969, 0.0 ], [ 73.221640021696956, 18.556868477685072, 0.0 ], [ 73.220999920890137, 18.55446683443963, 0.0 ], [ 73.220907611761248, 18.55405701415037, 0.0 ], [ 73.220811607378465, 18.553644763800989, 0.0 ], [ 73.220716766482667, 18.553229705587619, 0.0 ], [ 73.220609217590919, 18.55275806544789, 0.0 ], [ 73.220557082449517, 18.55253768558034, 0.0 ], [ 73.22044542638092, 18.55234653102498, 0.0 ], [ 73.220325554391707, 18.55214024556836, 0.0 ], [ 73.220185121766661, 18.551900462565829, 0.0 ], [ 73.220049226703821, 18.551667148751712, 0.0 ], [ 73.219918852510901, 18.55144381090135, 0.0 ], [ 73.219839539977471, 18.551308527267121, 0.0 ], [ 73.219812828613414, 18.551260942004351, 0.0 ], [ 73.219819072591321, 18.551258305058361, 0.0 ], [ 73.220019389300063, 18.551215409475009, 0.0 ], [ 73.220081383372019, 18.551214807532489, 0.0 ], [ 73.220139672599629, 18.551233888967889, 0.0 ], [ 73.220357763137883, 18.551152403944581, 0.0 ], [ 73.220584738782591, 18.551078043776819, 0.0 ], [ 73.22068599565182, 18.551057251273079, 0.0 ], [ 73.2207153795691, 18.55107640250618, 0.0 ], [ 73.220890043550227, 18.551185997090901, 0.0 ], [ 73.22093030967676, 18.55120478278916, 0.0 ] ] ] } },
{ "type": "Feature", "properties": { "fid": 6, "Name": "EB 002", "description": "EB Number 002\nEB Total Population   326\nEB Sc Population        03\nEB ST Population        04", "timestamp": null, "begin": null, "end": null, "altitudeMode": null, "tessellate": 1, "extrude": 0, "visibility": 0, "drawOrder": null, "icon": null }, "geometry": { "type": "Polygon", "coordinates": [ [ [ 73.224131564222262, 18.54305264083975, 0.0 ], [ 73.224115604549695, 18.5431931983223, 0.0 ], [ 73.224080213726609, 18.543398520819721, 0.0 ], [ 73.224051992665736, 18.543548337635219, 0.0 ], [ 73.224020352514003, 18.543743247132529, 0.0 ], [ 73.223994306561082, 18.54388463237602, 0.0 ], [ 73.223961206472126, 18.544055824322189, 0.0 ], [ 73.223939512647576, 18.54420716403304, 0.0 ], [ 73.223913692181554, 18.544360139863599, 0.0 ], [ 73.223887496150297, 18.544498087414439, 0.0 ], [ 73.223870727033258, 18.544595087302579, 0.0 ], [ 73.223854043070645, 18.54468783237148, 0.0 ], [ 73.22383579730257, 18.544780172455901, 0.0 ], [ 73.223824115459053, 18.54487889662067, 0.0 ], [ 73.223807570585166, 18.544974745316729, 0.0 ], [ 73.223784795950323, 18.5451062770682, 0.0 ], [ 73.22375541869566, 18.545274277671041, 0.0 ], [ 73.223733320614571, 18.545406939075988, 0.0 ], [ 73.223713288616395, 18.545547753528702, 0.0 ], [ 73.223688728326636, 18.545669777423079, 0.0 ], [ 73.223660384994872, 18.545853663102829, 0.0 ], [ 73.223625172850603, 18.546074517721379, 0.0 ], [ 73.223604318282241, 18.546230023467, 0.0 ], [ 73.223561025396762, 18.54644792585076, 0.0 ], [ 73.223534097993735, 18.546601350494502, 0.0 ], [ 73.223515836136102, 18.546716848351469, 0.0 ], [ 73.223503766363521, 18.546762578612679, 0.0 ], [ 73.223492052032796, 18.546880573294409, 0.0 ], [ 73.223475912213985, 18.546983385723081, 0.0 ], [ 73.223454513185956, 18.547081853008979, 0.0 ], [ 73.22344129677434, 18.547120073969602, 0.0 ], [ 73.223421950788278, 18.547086964103009, 0.0 ], [ 73.223401953773305, 18.547057344771481, 0.0 ], [ 73.223355160594153, 18.54696291126961, 0.0 ], [ 73.223256888139943, 18.546747528909659, 0.0 ], [ 73.223099704800418, 18.54641801360869, 0.0 ], [ 73.223011729393022, 18.546239697900099, 0.0 ], [ 73.222928336992652, 18.54607763587579, 0.0 ], [ 73.222856162859003, 18.54589454456325, 0.0 ], [ 73.222799800365934, 18.54584835848225, 0.0 ], [ 73.222715583708819, 18.545798916554521, 0.0 ], [ 73.222644675356079, 18.545757383911749, 0.0 ], [ 73.222567063398813, 18.545708637251529, 0.0 ], [ 73.222481313251706, 18.545651792832881, 0.0 ], [ 73.222363761730335, 18.545582439380599, 0.0 ], [ 73.222287687615605, 18.545550366847721, 0.0 ], [ 73.22218393282634, 18.545537063169661, 0.0 ], [ 73.222059414604971, 18.54553148130476, 0.0 ], [ 73.221942793317027, 18.54552545048578, 0.0 ], [ 73.221852988121526, 18.54551841057043, 0.0 ], [ 73.221744917353291, 18.545511170315692, 0.0 ], [ 73.221600544246016, 18.545554559976299, 0.0 ], [ 73.221479791378343, 18.545595486638518, 0.0 ], [ 73.221364802530729, 18.545623204921341, 0.0 ], [ 73.221331850126163, 18.545628530352541, 0.0 ], [ 73.221150746556461, 18.545651178677659, 0.0 ], [ 73.221013322016802, 18.545670036073709, 0.0 ], [ 73.220897496930263, 18.545692481362948, 0.0 ], [ 73.220747131915104, 18.54574957364645, 0.0 ], [ 73.22073055140342, 18.54599399046479, 0.0 ], [ 73.220729881842772, 18.546341361936239, 0.0 ], [ 73.220718019902165, 18.54666525893775, 0.0 ], [ 73.220708479425625, 18.54703868537327, 0.0 ], [ 73.220693555310021, 18.547615653574692, 0.0 ], [ 73.220693888963936, 18.54860149698667, 0.0 ], [ 73.220688972053509, 18.54930437398961, 0.0 ], [ 73.220741456591611, 18.550623219658711, 0.0 ], [ 73.220764231986792, 18.550888836386971, 0.0 ], [ 73.220778790711037, 18.55111164306582, 0.0 ], [ 73.220720855629466, 18.55108087404566, 0.0 ], [ 73.220694015251951, 18.551060869527209, 0.0 ], [ 73.220653784344918, 18.551063338893179, 0.0 ], [ 73.220593805335128, 18.55107296578818, 0.0 ], [ 73.220518063688075, 18.551094342856342, 0.0 ], [ 73.220444895900698, 18.551124175579329, 0.0 ], [ 73.220334818003451, 18.551160202356751, 0.0 ], [ 73.220249321827779, 18.55119261335356, 0.0 ], [ 73.220156846626466, 18.55122614334962, 0.0 ], [ 73.220140399662299, 18.551230786999032, 0.0 ], [ 73.220120870747834, 18.551226103418951, 0.0 ], [ 73.220086328502788, 18.551213700173872, 0.0 ], [ 73.220031915709484, 18.551213640106859, 0.0 ], [ 73.219985910629958, 18.551220844983959, 0.0 ], [ 73.219924708514156, 18.55123423411105, 0.0 ], [ 73.219882312759253, 18.55124338515694, 0.0 ], [ 73.219878211537122, 18.551243494985791, 0.0 ], [ 73.219849188685302, 18.55125235093853, 0.0 ], [ 73.219816760122413, 18.55125964259609, 0.0 ], [ 73.219805691588718, 18.55125236530975, 0.0 ], [ 73.21971646083162, 18.551096674508489, 0.0 ], [ 73.219620857136533, 18.550932145719901, 0.0 ], [ 73.219613723363366, 18.550930086197681, 0.0 ], [ 73.219461394920231, 18.55066233547171, 0.0 ], [ 73.219250708829037, 18.550298940386131, 0.0 ], [ 73.217908789386811, 18.548018847810791, 0.0 ], [ 73.217333134419036, 18.54681307608724, 0.0 ], [ 73.216840110356372, 18.546134671433411, 0.0 ], [ 73.216402797990824, 18.54552424000433, 0.0 ], [ 73.216126792120122, 18.54513551344964, 0.0 ], [ 73.216301229791384, 18.545068594291251, 0.0 ], [ 73.21662636556033, 18.544992029337109, 0.0 ], [ 73.216842300017845, 18.54496732299847, 0.0 ], [ 73.216917399303384, 18.545076533563101, 0.0 ], [ 73.216945416251079, 18.54516074686703, 0.0 ], [ 73.217120313481175, 18.545074414559529, 0.0 ], [ 73.217203335453519, 18.545004569829299, 0.0 ], [ 73.217354165540215, 18.54491461584292, 0.0 ], [ 73.217674591483672, 18.544798500793629, 0.0 ], [ 73.217954205280591, 18.544752456659339, 0.0 ], [ 73.218324810203626, 18.544637221532138, 0.0 ], [ 73.218370562415345, 18.54457029771325, 0.0 ], [ 73.218605073019432, 18.544555460687629, 0.0 ], [ 73.219028920761886, 18.544454255955142, 0.0 ], [ 73.219095859065462, 18.544397988733671, 0.0 ], [ 73.21929558542557, 18.544367452937241, 0.0 ], [ 73.219423638388349, 18.54436095462443, 0.0 ], [ 73.2194588978263, 18.544305544280039, 0.0 ], [ 73.219473109940637, 18.544236827775379, 0.0 ], [ 73.219569556462631, 18.544149959757, 0.0 ], [ 73.219652913522509, 18.544064571188478, 0.0 ], [ 73.219809790528615, 18.54399150022633, 0.0 ], [ 73.21981705916204, 18.543917395455999, 0.0 ], [ 73.219727154879564, 18.543838093627819, 0.0 ], [ 73.219731591334394, 18.54381606829266, 0.0 ], [ 73.219707832814137, 18.543779896718171, 0.0 ], [ 73.21991286232533, 18.543740549673402, 0.0 ], [ 73.220114701042547, 18.543737785260021, 0.0 ], [ 73.220261910114061, 18.543766269394201, 0.0 ], [ 73.220457306355982, 18.543828191174761, 0.0 ], [ 73.220588347678273, 18.543877510096411, 0.0 ], [ 73.220763897297857, 18.543863442894121, 0.0 ], [ 73.220835765623647, 18.543782372192691, 0.0 ], [ 73.22091752842654, 18.543785260358771, 0.0 ], [ 73.22101209621492, 18.543821520709049, 0.0 ], [ 73.22119178804202, 18.543808768625521, 0.0 ], [ 73.221411268224301, 18.543794808866139, 0.0 ], [ 73.22174570162673, 18.543599560906099, 0.0 ], [ 73.221752117542835, 18.543599226041469, 0.0 ], [ 73.22273330326523, 18.543295714538399, 0.0 ], [ 73.222881160739178, 18.54322970908159, 0.0 ], [ 73.223488167368814, 18.543144424586259, 0.0 ], [ 73.224123546407696, 18.543051381271251, 0.0 ], [ 73.224131564222262, 18.54305264083975, 0.0 ] ] ] } },
{ "type": "Feature", "properties": { "fid": 7, "Name": "EB 0079", "description": "EB Number 0079\nEB Total Population   440\nEB Sc Population         00\nEB ST Population         00", "timestamp": null, "begin": null, "end": null, "altitudeMode": null, "tessellate": 1, "extrude": 0, "visibility": 0, "drawOrder": null, "icon": null }, "geometry": { "type": "Polygon", "coordinates": [ [ [ 73.225436520066793, 18.523942655046788, 0.0 ], [ 73.225430856511267, 18.52397772910065, 0.0 ], [ 73.225408677305211, 18.52414617884402, 0.0 ], [ 73.225389083100154, 18.524179707030019, 0.0 ], [ 73.225318213022803, 18.524272792249551, 0.0 ], [ 73.225276795843186, 18.524327161532479, 0.0 ], [ 73.225323007822368, 18.524375616399549, 0.0 ], [ 73.225402127644657, 18.524403342816001, 0.0 ], [ 73.225564769654198, 18.524453753865249, 0.0 ], [ 73.225672744780383, 18.52448936752706, 0.0 ], [ 73.225690056289025, 18.524762107801461, 0.0 ], [ 73.22572258572859, 18.524897500508999, 0.0 ], [ 73.225780179905996, 18.52509808818186, 0.0 ], [ 73.225842025097066, 18.52532581832218, 0.0 ], [ 73.225970212934442, 18.525794460250179, 0.0 ], [ 73.226013929906657, 18.525940111919031, 0.0 ], [ 73.226151879350695, 18.526441020833751, 0.0 ], [ 73.226242053157605, 18.52692052460219, 0.0 ], [ 73.226275077807017, 18.527022882967231, 0.0 ], [ 73.226359014425853, 18.52724528016012, 0.0 ], [ 73.226398391371035, 18.527355131264191, 0.0 ], [ 73.226323838953633, 18.527513815000471, 0.0 ], [ 73.226209083032188, 18.527749188790619, 0.0 ], [ 73.226094555078092, 18.527985246864169, 0.0 ], [ 73.226133721170058, 18.528623350214829, 0.0 ], [ 73.226132143943403, 18.528775046152251, 0.0 ], [ 73.226062742300471, 18.52908383869336, 0.0 ], [ 73.226228973498621, 18.529555268868251, 0.0 ], [ 73.226064676172584, 18.529688808800891, 0.0 ], [ 73.225639982393361, 18.529743011711769, 0.0 ], [ 73.225208869377624, 18.52968466285024, 0.0 ], [ 73.224565862360578, 18.529816611427329, 0.0 ], [ 73.224308047938962, 18.529860309680121, 0.0 ], [ 73.22395289042737, 18.52971763699594, 0.0 ], [ 73.223431412250591, 18.529507510658618, 0.0 ], [ 73.223176753785197, 18.52950720378804, 0.0 ], [ 73.222814969892525, 18.52958682454317, 0.0 ], [ 73.222558627732568, 18.52962697968842, 0.0 ], [ 73.222110530736259, 18.529655573280039, 0.0 ], [ 73.221772245534453, 18.52961491601954, 0.0 ], [ 73.221641418098741, 18.529734776256682, 0.0 ], [ 73.221260502048267, 18.529694212080869, 0.0 ], [ 73.220825010112293, 18.529743878372422, 0.0 ], [ 73.220342874215859, 18.529742931412919, 0.0 ], [ 73.219846070031977, 18.52973269751411, 0.0 ], [ 73.219706807230267, 18.52964804682393, 0.0 ], [ 73.21978996056086, 18.529240986992711, 0.0 ], [ 73.219952742525763, 18.528910645710958, 0.0 ], [ 73.220072526057564, 18.528512778270439, 0.0 ], [ 73.220129890056214, 18.528272239639779, 0.0 ], [ 73.219890431840398, 18.528169462518751, 0.0 ], [ 73.220089561236051, 18.52785424080475, 0.0 ], [ 73.21982801670444, 18.52757930587385, 0.0 ], [ 73.219757082754782, 18.527511660135179, 0.0 ], [ 73.219710858986531, 18.527140368346188, 0.0 ], [ 73.219678436372618, 18.526680572183022, 0.0 ], [ 73.220063138396014, 18.526443293191949, 0.0 ], [ 73.220637922003363, 18.52605352333762, 0.0 ], [ 73.221028737106849, 18.525839698078141, 0.0 ], [ 73.221200154996581, 18.525777796694559, 0.0 ], [ 73.221394939548759, 18.525541622074389, 0.0 ], [ 73.221662456554384, 18.525460990689901, 0.0 ], [ 73.221845590112764, 18.52531028529042, 0.0 ], [ 73.222125541619121, 18.525174985920199, 0.0 ], [ 73.222697087439315, 18.525007043592879, 0.0 ], [ 73.223254580452519, 18.524889274775539, 0.0 ], [ 73.223785843153991, 18.524820610458679, 0.0 ], [ 73.224177677799716, 18.524538245752669, 0.0 ], [ 73.224481686116519, 18.52423830822875, 0.0 ], [ 73.224748617891805, 18.524044741723259, 0.0 ], [ 73.224922945384151, 18.523932776067731, 0.0 ], [ 73.225097711502443, 18.52392637853427, 0.0 ], [ 73.225245003936735, 18.52393964760476, 0.0 ], [ 73.225331663786335, 18.523933198507411, 0.0 ], [ 73.225436520066793, 18.523942655046788, 0.0 ] ] ] } },
{ "type": "Feature", "properties": { "fid": 8, "Name": "EB 006", "description": "EB Number 006\nEB Total Population   660\nEB Sc Population        21\nEB ST Population        52", "timestamp": null, "begin": null, "end": null, "altitudeMode": null, "tessellate": 1, "extrude": 0, "visibility": 0, "drawOrder": null, "icon": null }, "geometry": { "type": "Polygon", "coordinates": [ [ [ 73.222127377426659, 18.536982880523912, 0.0 ], [ 73.222026742505122, 18.536911289788041, 0.0 ], [ 73.221960666609988, 18.53686598331155, 0.0 ], [ 73.221934129732176, 18.536843631053539, 0.0 ], [ 73.221903992274846, 18.536778499867829, 0.0 ], [ 73.221888481363834, 18.536730811048191, 0.0 ], [ 73.221880981982295, 18.536653192467799, 0.0 ], [ 73.221884126014331, 18.536582338647229, 0.0 ], [ 73.221878385494904, 18.536523783942432, 0.0 ], [ 73.221877209094046, 18.536447383085282, 0.0 ], [ 73.221871900530189, 18.5363662800196, 0.0 ], [ 73.22184882948946, 18.536298842695519, 0.0 ], [ 73.221827329095603, 18.53626514184149, 0.0 ], [ 73.221793036224298, 18.536231914557909, 0.0 ], [ 73.221713331709068, 18.536204609387589, 0.0 ], [ 73.221594345212054, 18.536191202758179, 0.0 ], [ 73.22147053581584, 18.53617308849271, 0.0 ], [ 73.221407347962113, 18.53613798430889, 0.0 ], [ 73.221380343999925, 18.535989668940019, 0.0 ], [ 73.221379124100309, 18.53593638335877, 0.0 ], [ 73.221397328818, 18.535895579154001, 0.0 ], [ 73.221436312763572, 18.535854622734391, 0.0 ], [ 73.22147836364914, 18.5357816702954, 0.0 ], [ 73.221520762747758, 18.535673636333641, 0.0 ], [ 73.221541080903535, 18.53559125299936, 0.0 ], [ 73.221521908011383, 18.535554475827521, 0.0 ], [ 73.221529240715, 18.535474701587841, 0.0 ], [ 73.221516846681183, 18.535361821194289, 0.0 ], [ 73.221454356254412, 18.53526838348764, 0.0 ], [ 73.221407102556839, 18.535139084125529, 0.0 ], [ 73.221403569255017, 18.53510807868734, 0.0 ], [ 73.221327251808788, 18.535146922313139, 0.0 ], [ 73.221248797473436, 18.5351765651344, 0.0 ], [ 73.221233456756394, 18.535082517046639, 0.0 ], [ 73.221221826154192, 18.535003074517309, 0.0 ], [ 73.221197072174007, 18.53498396032429, 0.0 ], [ 73.221133833262996, 18.534980564290152, 0.0 ], [ 73.221107193874687, 18.534962097100681, 0.0 ], [ 73.221053174480474, 18.534934262863661, 0.0 ], [ 73.221039499924075, 18.534888768193699, 0.0 ], [ 73.221070026782996, 18.534840501622771, 0.0 ], [ 73.221088216064317, 18.534810498615379, 0.0 ], [ 73.221068701215202, 18.53477451371565, 0.0 ], [ 73.221057869770618, 18.534747487202239, 0.0 ], [ 73.221052963232751, 18.53466942730071, 0.0 ], [ 73.221061204905453, 18.534631619160571, 0.0 ], [ 73.221124903903956, 18.534580911803712, 0.0 ], [ 73.221182296516588, 18.534557338854661, 0.0 ], [ 73.221265511267163, 18.534573157052151, 0.0 ], [ 73.221355074895158, 18.53459011880971, 0.0 ], [ 73.221439537991799, 18.53459127545462, 0.0 ], [ 73.221506281681783, 18.534565508956049, 0.0 ], [ 73.221577980151764, 18.534516940662719, 0.0 ], [ 73.221615860236156, 18.53450259923358, 0.0 ], [ 73.22163148544486, 18.534424994531872, 0.0 ], [ 73.22160902861971, 18.534348230374459, 0.0 ], [ 73.221616978473406, 18.534291469098338, 0.0 ], [ 73.221600753563081, 18.534259345882131, 0.0 ], [ 73.221566321242364, 18.534229978299109, 0.0 ], [ 73.221504822279712, 18.53423638171698, 0.0 ], [ 73.22144684965771, 18.534226317227311, 0.0 ], [ 73.221393917267235, 18.53421011457251, 0.0 ], [ 73.221334758896589, 18.534198131478892, 0.0 ], [ 73.221271818395238, 18.53420037676662, 0.0 ], [ 73.2212124333562, 18.534181946673979, 0.0 ], [ 73.22120476216179, 18.534145537762239, 0.0 ], [ 73.221208719462538, 18.534067067809119, 0.0 ], [ 73.221207458573389, 18.533994827929231, 0.0 ], [ 73.221201368605037, 18.533889783290729, 0.0 ], [ 73.22118402605129, 18.533849809628649, 0.0 ], [ 73.221141657900162, 18.5338518654412, 0.0 ], [ 73.221062030822125, 18.533837329610151, 0.0 ], [ 73.220958395349285, 18.53388921724666, 0.0 ], [ 73.220837021565103, 18.533870021067269, 0.0 ], [ 73.220723986252594, 18.53387314397348, 0.0 ], [ 73.220648649415466, 18.53387274992593, 0.0 ], [ 73.220540754424448, 18.533876492988199, 0.0 ], [ 73.220504232834642, 18.533866096054531, 0.0 ], [ 73.22049391059403, 18.53378521947247, 0.0 ], [ 73.220488827041933, 18.533654147864102, 0.0 ], [ 73.220478518129482, 18.53350650472624, 0.0 ], [ 73.220464275706661, 18.53336724803815, 0.0 ], [ 73.220454824783957, 18.533277510348391, 0.0 ], [ 73.22045962892642, 18.533239866731719, 0.0 ], [ 73.220503857714874, 18.533226663370801, 0.0 ], [ 73.220592248496828, 18.533214021051471, 0.0 ], [ 73.22066583142248, 18.533226468296629, 0.0 ], [ 73.220735182254856, 18.533206556189761, 0.0 ], [ 73.220806299595779, 18.533206578434701, 0.0 ], [ 73.220899637035615, 18.533211897497608, 0.0 ], [ 73.221020401916689, 18.533193611435919, 0.0 ], [ 73.221081072309516, 18.53319376115774, 0.0 ], [ 73.221164352747124, 18.533172414749551, 0.0 ], [ 73.221290259472411, 18.53314778172955, 0.0 ], [ 73.221369916548838, 18.53314785787288, 0.0 ], [ 73.221488327204042, 18.53313380845027, 0.0 ], [ 73.221490302124735, 18.533003812206601, 0.0 ], [ 73.221548463645888, 18.53288426364044, 0.0 ], [ 73.221589565389039, 18.532789439611619, 0.0 ], [ 73.221589905371445, 18.532687521597929, 0.0 ], [ 73.221598024995515, 18.5325533310059, 0.0 ], [ 73.221584394159279, 18.532469559539528, 0.0 ], [ 73.221566850856519, 18.532410517360631, 0.0 ], [ 73.22147792672456, 18.5324152926263, 0.0 ], [ 73.221536952474494, 18.532138808344371, 0.0 ], [ 73.221487946130807, 18.53204622786162, 0.0 ], [ 73.221431159950953, 18.531794159874519, 0.0 ], [ 73.221421597261511, 18.531592638103319, 0.0 ], [ 73.220994201291035, 18.530892055683299, 0.0 ], [ 73.22090380318042, 18.52973047142973, 0.0 ], [ 73.221077099243502, 18.529711527928701, 0.0 ], [ 73.221256878346239, 18.52969009356476, 0.0 ], [ 73.221579392914535, 18.529730119469349, 0.0 ], [ 73.221632843579187, 18.52972631240004, 0.0 ], [ 73.22178887408343, 18.52962054891692, 0.0 ], [ 73.222086732137655, 18.529645748297501, 0.0 ], [ 73.222267206354672, 18.52964160485049, 0.0 ], [ 73.222695093035171, 18.52960395505119, 0.0 ], [ 73.223074702426089, 18.529529809839609, 0.0 ], [ 73.223350959670427, 18.529507527559829, 0.0 ], [ 73.223428492290651, 18.529507502621161, 0.0 ], [ 73.223627783609956, 18.529583897418739, 0.0 ], [ 73.223909453141104, 18.52970122260534, 0.0 ], [ 73.224282008618943, 18.529851132916679, 0.0 ], [ 73.224306848851555, 18.529862712431019, 0.0 ], [ 73.22486148765266, 18.529755490649499, 0.0 ], [ 73.225208497511971, 18.529684389989779, 0.0 ], [ 73.225655186444797, 18.529739440507331, 0.0 ], [ 73.226058784763353, 18.529688573456109, 0.0 ], [ 73.226225214642014, 18.529571682797119, 0.0 ], [ 73.22638454086389, 18.530043519939429, 0.0 ], [ 73.226058087400418, 18.53094335526794, 0.0 ], [ 73.225956655140877, 18.531227373517261, 0.0 ], [ 73.226341972121304, 18.53248871868529, 0.0 ], [ 73.226348903734646, 18.53304480055181, 0.0 ], [ 73.225792740405282, 18.5337667154106, 0.0 ], [ 73.225591075149936, 18.533902526935702, 0.0 ], [ 73.225582820256577, 18.534038794843159, 0.0 ], [ 73.225660233966821, 18.534139068249239, 0.0 ], [ 73.225596607218819, 18.534190960220119, 0.0 ], [ 73.225498972484971, 18.534207534714291, 0.0 ], [ 73.22537800666133, 18.53422424015416, 0.0 ], [ 73.225230700141026, 18.534150854845549, 0.0 ], [ 73.225001286223545, 18.534012647694361, 0.0 ], [ 73.224805945122313, 18.533912792456391, 0.0 ], [ 73.224648658647908, 18.533839214903239, 0.0 ], [ 73.224488621193359, 18.5338359091039, 0.0 ], [ 73.224314020874374, 18.533904016717749, 0.0 ], [ 73.224055090525951, 18.534054074793339, 0.0 ], [ 73.223904128988821, 18.534184200636741, 0.0 ], [ 73.223769475182635, 18.534304945214679, 0.0 ], [ 73.223464160444138, 18.534592316130979, 0.0 ], [ 73.22326537465915, 18.534799807419329, 0.0 ], [ 73.223094424518862, 18.535023066991069, 0.0 ], [ 73.222951953529787, 18.53533295746649, 0.0 ], [ 73.222932697751247, 18.53550667001694, 0.0 ], [ 73.22295858239076, 18.535729695231488, 0.0 ], [ 73.222963738502372, 18.535938241242331, 0.0 ], [ 73.222879573371515, 18.53606654654152, 0.0 ], [ 73.222771550854858, 18.5362237186873, 0.0 ], [ 73.22265226408112, 18.536363318464229, 0.0 ], [ 73.222525328038103, 18.536506072896159, 0.0 ], [ 73.222408353192492, 18.536650622284981, 0.0 ], [ 73.222299456285626, 18.53677126512504, 0.0 ], [ 73.222147716117234, 18.53695200490872, 0.0 ], [ 73.222127377426659, 18.536982880523912, 0.0 ] ] ] } },
{ "type": "Feature", "properties": { "fid": 9, "Name": "EB 0012", "description": "EB Number 0012\nEB Total Population   762\nEB Sc Population        81\nEB ST Population        115", "timestamp": null, "begin": null, "end": null, "altitudeMode": null, "tessellate": 1, "extrude": 0, "visibility": 0, "drawOrder": null, "icon": null }, "geometry": { "type": "Polygon", "coordinates": [ [ [ 73.219852211213052, 18.529733829223531, 0.0 ], [ 73.220363451429378, 18.529734477528031, 0.0 ], [ 73.220650510717491, 18.529745865058938, 0.0 ], [ 73.22083959597569, 18.52974491819548, 0.0 ], [ 73.220904733665762, 18.52974059890694, 0.0 ], [ 73.220924330655023, 18.52993854954175, 0.0 ], [ 73.220995609795466, 18.530874432740649, 0.0 ], [ 73.221133338156122, 18.531120081818869, 0.0 ], [ 73.221419177042364, 18.531589859775771, 0.0 ], [ 73.221431722388488, 18.531787064691159, 0.0 ], [ 73.221472540910625, 18.531967698083371, 0.0 ], [ 73.2214900043098, 18.53203836893605, 0.0 ], [ 73.221533632659813, 18.532132033212651, 0.0 ], [ 73.22150763241099, 18.532272078722791, 0.0 ], [ 73.221478945276147, 18.532405672624581, 0.0 ], [ 73.221561404349004, 18.532412982551222, 0.0 ], [ 73.221588779698351, 18.532506506703861, 0.0 ], [ 73.221596480725239, 18.53255582290738, 0.0 ], [ 73.221590786386884, 18.532647145076378, 0.0 ], [ 73.221590233147793, 18.532774309116679, 0.0 ], [ 73.221560849169492, 18.53285621688196, 0.0 ], [ 73.221494113439434, 18.532999596721091, 0.0 ], [ 73.221488493170682, 18.533121220218401, 0.0 ], [ 73.221428590331612, 18.53314010478443, 0.0 ], [ 73.221282800011352, 18.533149580351068, 0.0 ], [ 73.221149714859322, 18.533175901239371, 0.0 ], [ 73.221092139368238, 18.533192031541411, 0.0 ], [ 73.221038921624796, 18.53319573468011, 0.0 ], [ 73.220974571029387, 18.533201129006041, 0.0 ], [ 73.220902720275831, 18.533210914322389, 0.0 ], [ 73.220833181723634, 18.533207260734962, 0.0 ], [ 73.220742484116357, 18.533207375980489, 0.0 ], [ 73.220670535671175, 18.533226098732769, 0.0 ], [ 73.220632011781177, 18.533221128178159, 0.0 ], [ 73.220594637811629, 18.533214458776431, 0.0 ], [ 73.220527337572918, 18.533224330195551, 0.0 ], [ 73.220468449135382, 18.53323737059177, 0.0 ], [ 73.220460737883243, 18.533241031311601, 0.0 ], [ 73.22045610509204, 18.533275861970079, 0.0 ], [ 73.220499691825523, 18.5338318001929, 0.0 ], [ 73.220506814108788, 18.533860223082112, 0.0 ], [ 73.220569333379089, 18.533873349295831, 0.0 ], [ 73.220700215989893, 18.53386986861306, 0.0 ], [ 73.220841238193486, 18.53387617625145, 0.0 ], [ 73.220959702315895, 18.53388668458248, 0.0 ], [ 73.221062527633038, 18.533836564539449, 0.0 ], [ 73.221175798417732, 18.533850564182551, 0.0 ], [ 73.221196429465721, 18.533891031523421, 0.0 ], [ 73.221212268613314, 18.534114447318881, 0.0 ], [ 73.221216052875519, 18.534168795022008, 0.0 ], [ 73.22130093290707, 18.534201999948909, 0.0 ], [ 73.221364512855047, 18.5341991339223, 0.0 ], [ 73.221463343530928, 18.53421724459572, 0.0 ], [ 73.221541870366565, 18.534231850398591, 0.0 ], [ 73.221614058204537, 18.534275480342849, 0.0 ], [ 73.221616138881132, 18.534355383267179, 0.0 ], [ 73.221630276514787, 18.53441759057457, 0.0 ], [ 73.221618208287168, 18.534471778735959, 0.0 ], [ 73.221601821488036, 18.534508551426999, 0.0 ], [ 73.221543727560984, 18.534536091490459, 0.0 ], [ 73.221453089018439, 18.5345798432772, 0.0 ], [ 73.221350917815116, 18.53458151875439, 0.0 ], [ 73.221256218654048, 18.53456492021429, 0.0 ], [ 73.221189438112191, 18.53455571088351, 0.0 ], [ 73.221121530072594, 18.53459526629543, 0.0 ], [ 73.221062056592928, 18.534645949851861, 0.0 ], [ 73.22106532743247, 18.534760636790061, 0.0 ], [ 73.221090849612096, 18.534805289223179, 0.0 ], [ 73.221045858527191, 18.534891709829029, 0.0 ], [ 73.221116217564443, 18.53495660209008, 0.0 ], [ 73.221184461601197, 18.534982586445601, 0.0 ], [ 73.221226954754499, 18.535009552633429, 0.0 ], [ 73.221252020173097, 18.535154089201971, 0.0 ], [ 73.221301951214684, 18.53515965329456, 0.0 ], [ 73.221386826062513, 18.53511329801016, 0.0 ], [ 73.221508445533104, 18.535357910148189, 0.0 ], [ 73.221533099848614, 18.535477742089721, 0.0 ], [ 73.221531089340928, 18.53555141272728, 0.0 ], [ 73.221532445391702, 18.535593429921079, 0.0 ], [ 73.221513804326236, 18.535705275296689, 0.0 ], [ 73.221435986895912, 18.535851652912839, 0.0 ], [ 73.221386410736514, 18.535943076992179, 0.0 ], [ 73.221413766338856, 18.536125362936779, 0.0 ], [ 73.221482508746803, 18.536162833544921, 0.0 ], [ 73.221556279085107, 18.536180446914582, 0.0 ], [ 73.22167745054162, 18.53619447951494, 0.0 ], [ 73.221799172806058, 18.536238723021899, 0.0 ], [ 73.221860858036678, 18.53631613159828, 0.0 ], [ 73.221884322870324, 18.536551532728598, 0.0 ], [ 73.221887291906697, 18.53670587713145, 0.0 ], [ 73.221921211951468, 18.536807107574909, 0.0 ], [ 73.221993827614199, 18.536889239155531, 0.0 ], [ 73.222122747114327, 18.536972860036901, 0.0 ], [ 73.222023307261694, 18.53720536048905, 0.0 ], [ 73.221988537769079, 18.537345850380639, 0.0 ], [ 73.221815791830736, 18.537504063799759, 0.0 ], [ 73.221664382763677, 18.537684327398171, 0.0 ], [ 73.22154596176982, 18.537926327153301, 0.0 ], [ 73.221213607175343, 18.537954141764999, 0.0 ], [ 73.221052833955341, 18.53816356312387, 0.0 ], [ 73.220854853196059, 18.538119456421931, 0.0 ], [ 73.220724702219684, 18.538108683333451, 0.0 ], [ 73.220530406485551, 18.537868316332599, 0.0 ], [ 73.220298063074324, 18.53764867717809, 0.0 ], [ 73.220159720496028, 18.537219235797892, 0.0 ], [ 73.220082949261908, 18.536971573678031, 0.0 ], [ 73.219793195980628, 18.53695432577236, 0.0 ], [ 73.219497143180092, 18.536931466816672, 0.0 ], [ 73.219285501495477, 18.536857198717598, 0.0 ], [ 73.219111169537356, 18.536726606294799, 0.0 ], [ 73.218909776298659, 18.536644602031021, 0.0 ], [ 73.218608875853548, 18.536433770450149, 0.0 ], [ 73.218431856248827, 18.53603813320866, 0.0 ], [ 73.219768925438444, 18.530145507316231, 0.0 ], [ 73.219852211213052, 18.529733829223531, 0.0 ] ] ] } },
{ "type": "Feature", "properties": { "fid": 10, "Name": "EB 0013", "description": "EB Number 0013\nEB Total Population   699\nEB Sc Population        118\nEB ST Population           66", "timestamp": null, "begin": null, "end": null, "altitudeMode": null, "tessellate": 1, "extrude": 0, "visibility": 0, "drawOrder": null, "icon": null }, "geometry": { "type": "Polygon", "coordinates": [ [ [ 73.220271214491049, 18.537900189950541, 0.0 ], [ 73.220145671167586, 18.53796624154668, 0.0 ], [ 73.22001269925002, 18.53798493505613, 0.0 ], [ 73.219887845703468, 18.537997869958321, 0.0 ], [ 73.219767563219605, 18.53805389416916, 0.0 ], [ 73.219638569102159, 18.53811579456497, 0.0 ], [ 73.219548050859416, 18.538168711733181, 0.0 ], [ 73.219488387119767, 18.538227585557539, 0.0 ], [ 73.219432001838271, 18.538254617309981, 0.0 ], [ 73.219400294383377, 18.53826654571354, 0.0 ], [ 73.21940000454768, 18.538320195752011, 0.0 ], [ 73.219391393472762, 18.538404607609721, 0.0 ], [ 73.219412890486552, 18.538493484226478, 0.0 ], [ 73.219406108424707, 18.538554829166639, 0.0 ], [ 73.219415612001285, 18.538667652053729, 0.0 ], [ 73.219447119923103, 18.53879557419156, 0.0 ], [ 73.219479125888085, 18.538916292129571, 0.0 ], [ 73.219471314359481, 18.539021969023139, 0.0 ], [ 73.219448707642243, 18.53907076986555, 0.0 ], [ 73.21941002540035, 18.539101599236918, 0.0 ], [ 73.219455627571506, 18.53919268270754, 0.0 ], [ 73.219552757141273, 18.539249479241299, 0.0 ], [ 73.219504068921239, 18.539313441519148, 0.0 ], [ 73.219424724856566, 18.539317822669808, 0.0 ], [ 73.219257814103727, 18.539317413236901, 0.0 ], [ 73.219287393044723, 18.539041757943199, 0.0 ], [ 73.219187395124109, 18.53893007104919, 0.0 ], [ 73.219003104021155, 18.5389017226051, 0.0 ], [ 73.218809305013849, 18.538908170209108, 0.0 ], [ 73.218688248173223, 18.538909220017459, 0.0 ], [ 73.218593808212916, 18.539052213106601, 0.0 ], [ 73.21856760560371, 18.53920277981177, 0.0 ], [ 73.218588718817301, 18.539383138299929, 0.0 ], [ 73.218566148345829, 18.53942859085949, 0.0 ], [ 73.218360862362587, 18.539541773210079, 0.0 ], [ 73.218286966932126, 18.53954505125952, 0.0 ], [ 73.218132058515536, 18.539618788647779, 0.0 ], [ 73.218006460003565, 18.539653632640238, 0.0 ], [ 73.217746108656257, 18.53973150289492, 0.0 ], [ 73.217653028476064, 18.53978435790745, 0.0 ], [ 73.217545717188443, 18.54013475164459, 0.0 ], [ 73.217500335117862, 18.540327773348359, 0.0 ], [ 73.217478934391153, 18.54050798282853, 0.0 ], [ 73.217504569997729, 18.540653345051989, 0.0 ], [ 73.217503760861248, 18.54069311934942, 0.0 ], [ 73.217393053235767, 18.5406698433831, 0.0 ], [ 73.217150522846097, 18.54059924562242, 0.0 ], [ 73.216836886443716, 18.540558420173369, 0.0 ], [ 73.216496219708475, 18.540423187297371, 0.0 ], [ 73.215995403062621, 18.54032697669378, 0.0 ], [ 73.21558102379575, 18.540239717395629, 0.0 ], [ 73.215167802219355, 18.540362128170791, 0.0 ], [ 73.214394000946612, 18.540703034282139, 0.0 ], [ 73.214071658851736, 18.540632060386891, 0.0 ], [ 73.213577732712466, 18.540440630151888, 0.0 ], [ 73.213017453474606, 18.54045867607131, 0.0 ], [ 73.212545292607913, 18.54049120589405, 0.0 ], [ 73.212267690672022, 18.540425693311231, 0.0 ], [ 73.211946784019631, 18.540414398965719, 0.0 ], [ 73.21175248122502, 18.539932773449099, 0.0 ], [ 73.211483241239563, 18.53928898793616, 0.0 ], [ 73.211247419688206, 18.538726683164271, 0.0 ], [ 73.211047260148462, 18.53821207844619, 0.0 ], [ 73.210397285574942, 18.53773824276551, 0.0 ], [ 73.210016218560057, 18.537060309915379, 0.0 ], [ 73.210055942819594, 18.536179801349451, 0.0 ], [ 73.209834720492339, 18.53557180624292, 0.0 ], [ 73.209545137585167, 18.53491766119712, 0.0 ], [ 73.209150045824529, 18.534160666584651, 0.0 ], [ 73.208529284657672, 18.533478370691899, 0.0 ], [ 73.207777032758941, 18.53287752412345, 0.0 ], [ 73.206685543295507, 18.531981380801469, 0.0 ], [ 73.206330698573453, 18.53172072326165, 0.0 ], [ 73.205951461407565, 18.53092564371849, 0.0 ], [ 73.205321480360311, 18.529707550309681, 0.0 ], [ 73.204846696551726, 18.5279831325389, 0.0 ], [ 73.204627699594639, 18.527280307027969, 0.0 ], [ 73.204808138483116, 18.526783247411579, 0.0 ], [ 73.205172430272228, 18.526660735554099, 0.0 ], [ 73.205875071914349, 18.526835137509259, 0.0 ], [ 73.206316604717657, 18.526952523042102, 0.0 ], [ 73.206675997208578, 18.526845499863668, 0.0 ], [ 73.207145780051789, 18.526482690990889, 0.0 ], [ 73.207476749858046, 18.525925285718571, 0.0 ], [ 73.207828690225256, 18.52557790843532, 0.0 ], [ 73.208380149885642, 18.52584848381467, 0.0 ], [ 73.209020663108291, 18.52661153580836, 0.0 ], [ 73.20931843058068, 18.526979293779149, 0.0 ], [ 73.209755106599886, 18.527169562773551, 0.0 ], [ 73.210074271381842, 18.527417106084609, 0.0 ], [ 73.210338019048706, 18.5273805381057, 0.0 ], [ 73.210907277724871, 18.526912973602439, 0.0 ], [ 73.211178589795949, 18.526533828269891, 0.0 ], [ 73.211664107019004, 18.52624325909515, 0.0 ], [ 73.212992113360372, 18.525835207528718, 0.0 ], [ 73.213658394902268, 18.52538734776137, 0.0 ], [ 73.214154813564193, 18.525037986466181, 0.0 ], [ 73.214646208247359, 18.525049361473439, 0.0 ], [ 73.215175917898094, 18.52528855504109, 0.0 ], [ 73.215716353956921, 18.525441873374909, 0.0 ], [ 73.21604234674578, 18.52553157185384, 0.0 ], [ 73.2164683793808, 18.525808560144309, 0.0 ], [ 73.216643412973283, 18.52586251882791, 0.0 ], [ 73.216921438455131, 18.526001699430552, 0.0 ], [ 73.217230002945612, 18.526139154910538, 0.0 ], [ 73.217766677341373, 18.526623350757749, 0.0 ], [ 73.218030245661851, 18.526871309423409, 0.0 ], [ 73.218059990202562, 18.527014686450539, 0.0 ], [ 73.218353809857504, 18.527091022880992, 0.0 ], [ 73.218658324048391, 18.52712313882952, 0.0 ], [ 73.218956972534571, 18.527097884888981, 0.0 ], [ 73.219173082272491, 18.527017515409451, 0.0 ], [ 73.219364029547862, 18.526879034326331, 0.0 ], [ 73.219586528905765, 18.526755365409489, 0.0 ], [ 73.219683881925945, 18.526695255654371, 0.0 ], [ 73.219720447255568, 18.52717136080377, 0.0 ], [ 73.219749354031805, 18.527480467508511, 0.0 ], [ 73.219892876427437, 18.5276480172421, 0.0 ], [ 73.220089477672133, 18.527848665775409, 0.0 ], [ 73.21989852618411, 18.52816525318843, 0.0 ], [ 73.220122172462013, 18.52827477475677, 0.0 ], [ 73.219956533541492, 18.52891694145131, 0.0 ], [ 73.219799183614242, 18.529234449941239, 0.0 ], [ 73.219708240682792, 18.52963664862131, 0.0 ], [ 73.21984408661254, 18.529734902661421, 0.0 ], [ 73.21971091383466, 18.530407837606219, 0.0 ], [ 73.219193984237506, 18.532662473199281, 0.0 ], [ 73.218444978643589, 18.536035815916211, 0.0 ], [ 73.218609193659191, 18.536408346579709, 0.0 ], [ 73.218910625494303, 18.536645943607411, 0.0 ], [ 73.219106141495089, 18.536729357786911, 0.0 ], [ 73.219287630095579, 18.53685491695391, 0.0 ], [ 73.219482122129776, 18.536928329511461, 0.0 ], [ 73.220086106472522, 18.53697333900546, 0.0 ], [ 73.220291560498325, 18.537629264721641, 0.0 ], [ 73.220271214491049, 18.537900189950541, 0.0 ] ] ] } },
{ "type": "Feature", "properties": { "fid": 11, "Name": "EB 0014", "description": "EB number 0014\nEB Totaol Population 927\nEB SC population         16\nEB ST population          05", "timestamp": null, "begin": null, "end": null, "altitudeMode": null, "tessellate": 1, "extrude": 0, "visibility": 0, "drawOrder": null, "icon": null }, "geometry": { "type": "Polygon", "coordinates": [ [ [ 73.217617903877724, 18.540716789676299, 0.0 ], [ 73.217593343425378, 18.540483439098839, 0.0 ], [ 73.217580738764283, 18.54034135736379, 0.0 ], [ 73.21763244117183, 18.54016125424852, 0.0 ], [ 73.217638416944411, 18.54002771688123, 0.0 ], [ 73.217728017057865, 18.539819782744939, 0.0 ], [ 73.217721806013145, 18.539753203032809, 0.0 ], [ 73.217825929434852, 18.539707605819029, 0.0 ], [ 73.217925271841466, 18.539675837696659, 0.0 ], [ 73.218004102050969, 18.53965199483342, 0.0 ], [ 73.218126951133002, 18.539618676287152, 0.0 ], [ 73.218287579130674, 18.53954671601436, 0.0 ], [ 73.218362675636854, 18.53953954214434, 0.0 ], [ 73.218565560296383, 18.539430661988359, 0.0 ], [ 73.218588347599791, 18.53938197666174, 0.0 ], [ 73.21856614955901, 18.539202901093908, 0.0 ], [ 73.218592661262718, 18.539053657124661, 0.0 ], [ 73.218686116025168, 18.538912164120859, 0.0 ], [ 73.219009683015841, 18.538901250674371, 0.0 ], [ 73.219186496772281, 18.538931160440551, 0.0 ], [ 73.219288711870789, 18.53904556415349, 0.0 ], [ 73.219262400771626, 18.539311162787129, 0.0 ], [ 73.219506389010675, 18.5393108007523, 0.0 ], [ 73.219547575014232, 18.53925260327803, 0.0 ], [ 73.219459286924831, 18.53919449021798, 0.0 ], [ 73.219414072520621, 18.53910211741961, 0.0 ], [ 73.219474000816234, 18.53901874769533, 0.0 ], [ 73.219480138443259, 18.538921490464489, 0.0 ], [ 73.219414907443834, 18.538641995844451, 0.0 ], [ 73.21940871363735, 18.538505107689609, 0.0 ], [ 73.219390669547764, 18.538390755028239, 0.0 ], [ 73.219407411072339, 18.538273294917939, 0.0 ], [ 73.219546838229348, 18.53816871408571, 0.0 ], [ 73.219882322184532, 18.537999923992992, 0.0 ], [ 73.220148075355553, 18.537963651748282, 0.0 ], [ 73.220274944139533, 18.537894182673028, 0.0 ], [ 73.220280765976796, 18.537749476359, 0.0 ], [ 73.220339866692285, 18.537809174929709, 0.0 ], [ 73.220403062509106, 18.537870106839382, 0.0 ], [ 73.220493830693101, 18.537919597692909, 0.0 ], [ 73.220615710654968, 18.537992878051899, 0.0 ], [ 73.220705607240063, 18.53810521736111, 0.0 ], [ 73.220739193187981, 18.538155337830212, 0.0 ], [ 73.220717718958355, 18.53816263880201, 0.0 ], [ 73.220670607657183, 18.538156760918721, 0.0 ], [ 73.22061422315376, 18.538165522239179, 0.0 ], [ 73.220580819895517, 18.5381779312814, 0.0 ], [ 73.220520655554012, 18.538204892738229, 0.0 ], [ 73.220466053891357, 18.53824375426915, 0.0 ], [ 73.220439216052398, 18.538285094651169, 0.0 ], [ 73.220400403232858, 18.53834761089125, 0.0 ], [ 73.220351652895502, 18.538425436263282, 0.0 ], [ 73.220308830092023, 18.538533200842799, 0.0 ], [ 73.220269145435097, 18.538686871746108, 0.0 ], [ 73.220188959639415, 18.538937873198272, 0.0 ], [ 73.220132248259148, 18.53914602755248, 0.0 ], [ 73.22008110507862, 18.53934824051867, 0.0 ], [ 73.220045318684228, 18.5396472513617, 0.0 ], [ 73.219999812066959, 18.539857940819729, 0.0 ], [ 73.219977406215165, 18.539883647841329, 0.0 ], [ 73.219922289451702, 18.539946232026601, 0.0 ], [ 73.219820523470389, 18.540022171118729, 0.0 ], [ 73.219790439314096, 18.540047727792729, 0.0 ], [ 73.219713704838767, 18.54020186177986, 0.0 ], [ 73.219601518898585, 18.540419745096969, 0.0 ], [ 73.219391457918775, 18.540573677605909, 0.0 ], [ 73.219188773507938, 18.540732413082569, 0.0 ], [ 73.218956606040024, 18.54093191748991, 0.0 ], [ 73.218821787595161, 18.54105990776489, 0.0 ], [ 73.218666531290808, 18.541211898356991, 0.0 ], [ 73.218626569326972, 18.54129710938842, 0.0 ], [ 73.218522752416348, 18.541243412044409, 0.0 ], [ 73.218370095227996, 18.541153406576399, 0.0 ], [ 73.218270343437283, 18.541090779432089, 0.0 ], [ 73.218185140696818, 18.541032016536509, 0.0 ], [ 73.218042534292096, 18.540948354567892, 0.0 ], [ 73.217905643104913, 18.540878461543809, 0.0 ], [ 73.217810615955045, 18.540829997017461, 0.0 ], [ 73.21774955477683, 18.540812247013701, 0.0 ], [ 73.217601930602441, 18.540767249075181, 0.0 ], [ 73.217617903877724, 18.540716789676299, 0.0 ] ] ] } },
{ "type": "Feature", "properties": { "fid": 12, "Name": "EB0011-2", "description": "EB number 0011-2\nEB Totaol Population 581\nEB SC population         04\nEB ST population          00", "timestamp": null, "begin": null, "end": null, "altitudeMode": null, "tessellate": 1, "extrude": 0, "visibility": 0, "drawOrder": null, "icon": null }, "geometry": { "type": "Polygon", "coordinates": [ [ [ 73.22047801839183, 18.540830633712531, 0.0 ], [ 73.220493886592749, 18.54108958281261, 0.0 ], [ 73.220469406307544, 18.541275389978988, 0.0 ], [ 73.220460803428011, 18.541408645484349, 0.0 ], [ 73.220439128131659, 18.54153197600937, 0.0 ], [ 73.220407315713587, 18.5416958602069, 0.0 ], [ 73.220371790060824, 18.541865186212409, 0.0 ], [ 73.220300161814905, 18.541994325928599, 0.0 ], [ 73.220255167580447, 18.542031852330041, 0.0 ], [ 73.220190356784272, 18.542003712714401, 0.0 ], [ 73.220117243571039, 18.541971036759222, 0.0 ], [ 73.22002293945917, 18.541931672324701, 0.0 ], [ 73.219945444726264, 18.54188115135668, 0.0 ], [ 73.219851810750129, 18.54182852286754, 0.0 ], [ 73.219786848084851, 18.541778111410881, 0.0 ], [ 73.219683954936045, 18.541718020515891, 0.0 ], [ 73.219562251565662, 18.541681785949269, 0.0 ], [ 73.21946076143351, 18.541650866482239, 0.0 ], [ 73.219352655196715, 18.54162012413649, 0.0 ], [ 73.219272767936815, 18.541576468436801, 0.0 ], [ 73.219203222319592, 18.541533352957419, 0.0 ], [ 73.219160217748524, 18.54149796728894, 0.0 ], [ 73.21906452789429, 18.54146159605494, 0.0 ], [ 73.219029932509045, 18.541427086703369, 0.0 ], [ 73.218922697786269, 18.541379061087149, 0.0 ], [ 73.218773591437653, 18.541327605554489, 0.0 ], [ 73.218669938215811, 18.541305386507482, 0.0 ], [ 73.218776214778146, 18.541180849173031, 0.0 ], [ 73.218836602329858, 18.541111028438952, 0.0 ], [ 73.218875863442364, 18.54105075363243, 0.0 ], [ 73.218921242550081, 18.541010257435278, 0.0 ], [ 73.218997710792536, 18.540929008400209, 0.0 ], [ 73.219079271301894, 18.540861475381149, 0.0 ], [ 73.219125812564542, 18.540823445677461, 0.0 ], [ 73.219168559264787, 18.540787511204719, 0.0 ], [ 73.219218288274746, 18.540745113743011, 0.0 ], [ 73.219255164432724, 18.540716965029478, 0.0 ], [ 73.219299122822022, 18.540678838511688, 0.0 ], [ 73.219331482764289, 18.54065386626327, 0.0 ], [ 73.219357364559343, 18.540631598392121, 0.0 ], [ 73.219419618020453, 18.540581701703349, 0.0 ], [ 73.219455845587234, 18.540556150114639, 0.0 ], [ 73.219495145937486, 18.54052862131805, 0.0 ], [ 73.219545309970357, 18.540492025507689, 0.0 ], [ 73.219569825623282, 18.540473176966469, 0.0 ], [ 73.2195958587223, 18.540452543876139, 0.0 ], [ 73.219619242610506, 18.540441508716, 0.0 ], [ 73.219630378130248, 18.540423449986381, 0.0 ], [ 73.219637147680913, 18.54040331717631, 0.0 ], [ 73.219651151251, 18.540382719745139, 0.0 ], [ 73.219659138001134, 18.540358753294591, 0.0 ], [ 73.21967140960777, 18.54033182582242, 0.0 ], [ 73.219680570298095, 18.540320588974701, 0.0 ], [ 73.21970499862266, 18.54032222531935, 0.0 ], [ 73.219717549614003, 18.54032829134302, 0.0 ], [ 73.219730626540866, 18.5403356581356, 0.0 ], [ 73.219738234121095, 18.54035083966243, 0.0 ], [ 73.219746358823301, 18.540359813296622, 0.0 ], [ 73.219746933156159, 18.540377624227052, 0.0 ], [ 73.219752849100132, 18.540395843521608, 0.0 ], [ 73.219757015846085, 18.54041538662096, 0.0 ], [ 73.219765699944844, 18.540439611534541, 0.0 ], [ 73.219776030012284, 18.54046528725949, 0.0 ], [ 73.219783800069919, 18.5404824245017, 0.0 ], [ 73.219817217318408, 18.540502333078301, 0.0 ], [ 73.219841996104222, 18.540514510463741, 0.0 ], [ 73.219869847424732, 18.540523993057811, 0.0 ], [ 73.219887216647663, 18.540529144967021, 0.0 ], [ 73.219917718906018, 18.540538618422492, 0.0 ], [ 73.219939894468638, 18.540542746361979, 0.0 ], [ 73.21994677724426, 18.540555583305238, 0.0 ], [ 73.219950266043895, 18.54057621937369, 0.0 ], [ 73.21995187355418, 18.540598252970909, 0.0 ], [ 73.219952198078317, 18.540623742526812, 0.0 ], [ 73.219946460855738, 18.540664726603861, 0.0 ], [ 73.21994117164698, 18.540720416627892, 0.0 ], [ 73.219938998149019, 18.540763041582061, 0.0 ], [ 73.219954314241633, 18.54080366908024, 0.0 ], [ 73.219986025183658, 18.540813021548111, 0.0 ], [ 73.220028307783267, 18.54080964009939, 0.0 ], [ 73.220066531240903, 18.540809295740079, 0.0 ], [ 73.220106390681082, 18.54081160398216, 0.0 ], [ 73.220146772471338, 18.540818165389961, 0.0 ], [ 73.220190313033413, 18.540814512065939, 0.0 ], [ 73.220249675400396, 18.540811560642481, 0.0 ], [ 73.22028145326216, 18.540808647502882, 0.0 ], [ 73.220315618675144, 18.540808401894051, 0.0 ], [ 73.220370245642243, 18.5408084619697, 0.0 ], [ 73.220399192817212, 18.54080662671835, 0.0 ], [ 73.220435544435446, 18.540802746422521, 0.0 ], [ 73.220475410330991, 18.540807858838459, 0.0 ], [ 73.22047801839183, 18.540830633712531, 0.0 ] ] ] } },
{ "type": "Feature", "properties": { "fid": 13, "Name": "EB 0011-1", "description": "EB number 0011-1\nEB Totaol Population 616\nEB SC population         00\nEB ST population          04", "timestamp": null, "begin": null, "end": null, "altitudeMode": null, "tessellate": 1, "extrude": 0, "visibility": 0, "drawOrder": null, "icon": null }, "geometry": { "type": "Polygon", "coordinates": [ [ [ 73.220461453210362, 18.540798601098729, 0.0 ], [ 73.220429475790439, 18.540800454609482, 0.0 ], [ 73.220371127829836, 18.540806377027021, 0.0 ], [ 73.22031754805711, 18.540806538220512, 0.0 ], [ 73.220272716955719, 18.54080794710654, 0.0 ], [ 73.220209553684114, 18.540812758763391, 0.0 ], [ 73.220148537258453, 18.540817568995209, 0.0 ], [ 73.220107377305027, 18.54081172000673, 0.0 ], [ 73.22006598603781, 18.540808786299809, 0.0 ], [ 73.220020206143204, 18.540810303861271, 0.0 ], [ 73.219989997542541, 18.540811347673671, 0.0 ], [ 73.219961814934507, 18.540805133724401, 0.0 ], [ 73.219950462964988, 18.540789756802759, 0.0 ], [ 73.219941352531961, 18.54076735279304, 0.0 ], [ 73.21994116406853, 18.540730189074189, 0.0 ], [ 73.219948562370206, 18.540633619042261, 0.0 ], [ 73.219951385790523, 18.540587287461499, 0.0 ], [ 73.219945764205633, 18.54055375187254, 0.0 ], [ 73.219940369317627, 18.540543118409229, 0.0 ], [ 73.219906389795312, 18.54053482668677, 0.0 ], [ 73.219862906121548, 18.540520143486841, 0.0 ], [ 73.219832202377304, 18.540508241741701, 0.0 ], [ 73.219786334909799, 18.54048240074362, 0.0 ], [ 73.219770286830112, 18.540447038403101, 0.0 ], [ 73.219757244979903, 18.540411715313819, 0.0 ], [ 73.219749562047909, 18.54038277281202, 0.0 ], [ 73.219745427665785, 18.54035914465911, 0.0 ], [ 73.219735707734685, 18.54034370726281, 0.0 ], [ 73.219725125891827, 18.54033000215026, 0.0 ], [ 73.21970902612594, 18.54032329527071, 0.0 ], [ 73.219692674736805, 18.540318874838899, 0.0 ], [ 73.219686132040181, 18.540321183280259, 0.0 ], [ 73.219686394820499, 18.540305960009199, 0.0 ], [ 73.219703010373294, 18.54026096494157, 0.0 ], [ 73.219716496613714, 18.540230656149919, 0.0 ], [ 73.219733865116567, 18.54019037999646, 0.0 ], [ 73.219745183439272, 18.540166947933209, 0.0 ], [ 73.219772519198102, 18.54010943894772, 0.0 ], [ 73.219780750988278, 18.54008925772645, 0.0 ], [ 73.219797754091999, 18.54006057656062, 0.0 ], [ 73.219815536161406, 18.540042838929232, 0.0 ], [ 73.219851185993761, 18.540016448524, 0.0 ], [ 73.219895224947535, 18.53998082424507, 0.0 ], [ 73.219912548075342, 18.539966606906749, 0.0 ], [ 73.219938302305167, 18.539945554182768, 0.0 ], [ 73.219984975402298, 18.539896661444271, 0.0 ], [ 73.220007926281951, 18.53987357114876, 0.0 ], [ 73.220019193326308, 18.539839318778171, 0.0 ], [ 73.220028441492559, 18.539791987547549, 0.0 ], [ 73.220036109249477, 18.539752185517209, 0.0 ], [ 73.220061351476616, 18.539637331288279, 0.0 ], [ 73.220072495990308, 18.53955661909847, 0.0 ], [ 73.220083918425914, 18.53945437551231, 0.0 ], [ 73.220087292211048, 18.539402556022811, 0.0 ], [ 73.220092748642003, 18.539357308603041, 0.0 ], [ 73.220097571190806, 18.539336431966291, 0.0 ], [ 73.220102030326984, 18.53930830363996, 0.0 ], [ 73.220129489527281, 18.539208242519329, 0.0 ], [ 73.220137783286944, 18.53917451963061, 0.0 ], [ 73.220152653474003, 18.539110744977659, 0.0 ], [ 73.220179984411331, 18.539013873496689, 0.0 ], [ 73.220227676584955, 18.538864671808529, 0.0 ], [ 73.220326055368233, 18.538549311175121, 0.0 ], [ 73.220353807669369, 18.538463943717929, 0.0 ], [ 73.220376234350283, 18.538413494737568, 0.0 ], [ 73.220408480224663, 18.538364328300101, 0.0 ], [ 73.220463008352894, 18.538297261585068, 0.0 ], [ 73.220553258671544, 18.53821573573984, 0.0 ], [ 73.220636172265216, 18.5381818267435, 0.0 ], [ 73.220699965537335, 18.538169016393731, 0.0 ], [ 73.220787919664701, 18.538182912340311, 0.0 ], [ 73.220889674239103, 18.538219602506889, 0.0 ], [ 73.220988158352412, 18.53825527899874, 0.0 ], [ 73.220991430590431, 18.53825524342264, 0.0 ], [ 73.221065762009545, 18.538275853206141, 0.0 ], [ 73.221078445762032, 18.538290207991221, 0.0 ], [ 73.220985136590329, 18.538623022834571, 0.0 ], [ 73.22094287052002, 18.538777723734089, 0.0 ], [ 73.220889041716092, 18.539022916660301, 0.0 ], [ 73.22084914897728, 18.539246679676019, 0.0 ], [ 73.22080335494455, 18.539490064095649, 0.0 ], [ 73.220729022473535, 18.53986306460585, 0.0 ], [ 73.220682754453762, 18.54001111281984, 0.0 ], [ 73.220655057967193, 18.540081024952521, 0.0 ], [ 73.220623127546261, 18.540135103402029, 0.0 ], [ 73.220598092429469, 18.540164837293101, 0.0 ], [ 73.220554272953223, 18.540283152202129, 0.0 ], [ 73.220517396653406, 18.540426843977158, 0.0 ], [ 73.220495566349726, 18.54056717490797, 0.0 ], [ 73.220486654261151, 18.540658447327669, 0.0 ], [ 73.220478536646738, 18.540757962055821, 0.0 ], [ 73.220482973346293, 18.54078678150934, 0.0 ], [ 73.220476749469142, 18.54080137259832, 0.0 ], [ 73.220461453210362, 18.540798601098729, 0.0 ] ] ] } },
{ "type": "Feature", "properties": { "fid": 14, "Name": "EB008", "description": "EB number 008\nEB Totaol Population 388\nEB SC population         00\nEB ST population          00", "timestamp": null, "begin": null, "end": null, "altitudeMode": null, "tessellate": 1, "extrude": 0, "visibility": 0, "drawOrder": null, "icon": null }, "geometry": { "type": "Polygon", "coordinates": [ [ [ 73.220592964631635, 18.543871358365688, 0.0 ], [ 73.220543244589635, 18.543854909312049, 0.0 ], [ 73.220504848015921, 18.543812624112611, 0.0 ], [ 73.220448750240507, 18.543795163519238, 0.0 ], [ 73.220395986596841, 18.543769492000312, 0.0 ], [ 73.220402347659714, 18.54363319324796, 0.0 ], [ 73.220374584345151, 18.5434997892817, 0.0 ], [ 73.220305173810289, 18.543390406532669, 0.0 ], [ 73.220231504473958, 18.54322707929186, 0.0 ], [ 73.22018515245064, 18.543101326189039, 0.0 ], [ 73.220184751859833, 18.542971193226752, 0.0 ], [ 73.220174391077208, 18.542802056130029, 0.0 ], [ 73.220207697987576, 18.542601554449309, 0.0 ], [ 73.220234987092141, 18.542404211297271, 0.0 ], [ 73.220252363659029, 18.54225195082838, 0.0 ], [ 73.220264687421007, 18.54210872368153, 0.0 ], [ 73.220306442982306, 18.542021173032879, 0.0 ], [ 73.220339811864292, 18.541944381027129, 0.0 ], [ 73.220377301353565, 18.541861009139929, 0.0 ], [ 73.220397451799613, 18.541811769831099, 0.0 ], [ 73.220407868475434, 18.541747407510009, 0.0 ], [ 73.220439665901623, 18.541629482378951, 0.0 ], [ 73.220465571127434, 18.541494527516448, 0.0 ], [ 73.220467540447316, 18.541469961959361, 0.0 ], [ 73.220496974291748, 18.54128835703883, 0.0 ], [ 73.220507151607279, 18.541114162036031, 0.0 ], [ 73.220504574050125, 18.540975797413552, 0.0 ], [ 73.220501860610298, 18.540878000817411, 0.0 ], [ 73.220601859195668, 18.540878616950231, 0.0 ], [ 73.220718762231556, 18.540865044295579, 0.0 ], [ 73.220867201021761, 18.540849658586659, 0.0 ], [ 73.221035599302496, 18.54081748396937, 0.0 ], [ 73.221123818461578, 18.540815294787379, 0.0 ], [ 73.221163095910839, 18.540856249801848, 0.0 ], [ 73.221200423707486, 18.540977439125339, 0.0 ], [ 73.221221004115463, 18.541081982071312, 0.0 ], [ 73.221229224167658, 18.541251172789899, 0.0 ], [ 73.221181198836192, 18.54135662246884, 0.0 ], [ 73.221101493538569, 18.54144380394078, 0.0 ], [ 73.22101811738402, 18.541562555837441, 0.0 ], [ 73.220891565150254, 18.54183703327314, 0.0 ], [ 73.220917405713294, 18.542354923189109, 0.0 ], [ 73.220913933067706, 18.54264139490542, 0.0 ], [ 73.220939208899196, 18.543061008057549, 0.0 ], [ 73.220955522888559, 18.54328487625472, 0.0 ], [ 73.220899397940286, 18.543705043695599, 0.0 ], [ 73.220842001641174, 18.543778426085868, 0.0 ], [ 73.220769304241657, 18.543858949705211, 0.0 ], [ 73.220691870650313, 18.54386120017918, 0.0 ], [ 73.220630596600401, 18.54386241806699, 0.0 ], [ 73.220592964631635, 18.543871358365688, 0.0 ] ] ] } },
{ "type": "Feature", "properties": { "fid": 15, "Name": "EB 007", "description": "EB number 007\nEB Totaol Population 458\nEB SC population         04\nEB ST population          32", "timestamp": null, "begin": null, "end": null, "altitudeMode": null, "tessellate": 1, "extrude": 0, "visibility": 0, "drawOrder": null, "icon": null }, "geometry": { "type": "Polygon", "coordinates": [ [ [ 73.221113116090706, 18.540811720552849, 0.0 ], [ 73.221029750179568, 18.540817743068139, 0.0 ], [ 73.220933993393089, 18.540830270684399, 0.0 ], [ 73.220809064531508, 18.54085186027142, 0.0 ], [ 73.220636578616379, 18.540873544585441, 0.0 ], [ 73.220511614391668, 18.54087804358748, 0.0 ], [ 73.220499239622143, 18.540810460991171, 0.0 ], [ 73.220494336058707, 18.540737877466238, 0.0 ], [ 73.220497450873751, 18.54068496087875, 0.0 ], [ 73.22049898729739, 18.540663921220659, 0.0 ], [ 73.220505704239486, 18.540605419414231, 0.0 ], [ 73.220508999517762, 18.540555732221051, 0.0 ], [ 73.220527540772267, 18.540462027439041, 0.0 ], [ 73.220540693594344, 18.5403928295672, 0.0 ], [ 73.220562326626492, 18.54030408426307, 0.0 ], [ 73.220579535927286, 18.54024459621974, 0.0 ], [ 73.220598453801031, 18.54019002770778, 0.0 ], [ 73.220619808078709, 18.54015416934417, 0.0 ], [ 73.220659020582275, 18.540093417922769, 0.0 ], [ 73.220706650764129, 18.53999702411949, 0.0 ], [ 73.220731016778075, 18.539928980426101, 0.0 ], [ 73.220754420220075, 18.539835848701181, 0.0 ], [ 73.220775527957613, 18.53973382025492, 0.0 ], [ 73.220804896294382, 18.539607049188401, 0.0 ], [ 73.220858358137505, 18.539302470298061, 0.0 ], [ 73.220937329611147, 18.538885990690371, 0.0 ], [ 73.221037322545882, 18.538484921868449, 0.0 ], [ 73.221131920296855, 18.538162029607861, 0.0 ], [ 73.221161999495067, 18.538087367913828, 0.0 ], [ 73.221245546616686, 18.538024828640928, 0.0 ], [ 73.221325724516305, 18.537993752887932, 0.0 ], [ 73.221404785937253, 18.537975059318079, 0.0 ], [ 73.221481223466341, 18.537967417588192, 0.0 ], [ 73.221571723469353, 18.53795888702086, 0.0 ], [ 73.221605578426448, 18.537953431441739, 0.0 ], [ 73.221624062319165, 18.537960878663529, 0.0 ], [ 73.221644069430994, 18.538057178377699, 0.0 ], [ 73.221642685169627, 18.538220967459669, 0.0 ], [ 73.221636865815228, 18.538393144808119, 0.0 ], [ 73.221653103372589, 18.538643972368462, 0.0 ], [ 73.221656837504156, 18.53893497155444, 0.0 ], [ 73.221656498906782, 18.53933431847484, 0.0 ], [ 73.221645883168364, 18.53949791197865, 0.0 ], [ 73.221607372736159, 18.539667371892531, 0.0 ], [ 73.221504462598645, 18.53993681436906, 0.0 ], [ 73.221464564776895, 18.540176617743711, 0.0 ], [ 73.221372286355532, 18.54029542863384, 0.0 ], [ 73.221256765541455, 18.54039567075284, 0.0 ], [ 73.221145592441147, 18.54052499765865, 0.0 ], [ 73.221109869079484, 18.540608887835401, 0.0 ], [ 73.22112532435365, 18.540806554397442, 0.0 ], [ 73.221113116090706, 18.540811720552849, 0.0 ] ] ] } },
{ "type": "Feature", "properties": { "fid": 16, "Name": "EB 003", "description": "EB number 003\nEB Totaol Population 343\nEB SC population         00\nEB ST population          00", "timestamp": null, "begin": null, "end": null, "altitudeMode": null, "tessellate": 1, "extrude": 0, "visibility": 0, "drawOrder": null, "icon": null }, "geometry": { "type": "Polygon", "coordinates": [ [ [ 73.221721923892019, 18.543613528557749, 0.0 ], [ 73.221656165804461, 18.543651111801079, 0.0 ], [ 73.221633671826524, 18.543664700014428, 0.0 ], [ 73.221607178823646, 18.543680199146682, 0.0 ], [ 73.221557927421571, 18.543708650021649, 0.0 ], [ 73.221501204319452, 18.543739488779241, 0.0 ], [ 73.221419943045447, 18.5437878195821, 0.0 ], [ 73.221409318586737, 18.54379590650003, 0.0 ], [ 73.221369124876631, 18.543796456295681, 0.0 ], [ 73.221307500276552, 18.543799210218069, 0.0 ], [ 73.221254660782535, 18.543802833185921, 0.0 ], [ 73.221177990494297, 18.543808773145908, 0.0 ], [ 73.221055964890496, 18.543818116887639, 0.0 ], [ 73.221014916215992, 18.543820018465802, 0.0 ], [ 73.220947924430419, 18.543795292414799, 0.0 ], [ 73.220918194032635, 18.543784166314609, 0.0 ], [ 73.220843045657872, 18.543781898563601, 0.0 ], [ 73.220899253451108, 18.543707003352779, 0.0 ], [ 73.220946338767732, 18.54334766806975, 0.0 ], [ 73.2209535194674, 18.543286782804309, 0.0 ], [ 73.220944876704124, 18.543138176135681, 0.0 ], [ 73.220924480198335, 18.54282869049678, 0.0 ], [ 73.220915606120911, 18.54265965813342, 0.0 ], [ 73.220915780298853, 18.542480148976999, 0.0 ], [ 73.220912319961712, 18.542244409557892, 0.0 ], [ 73.220904856668838, 18.542103566439451, 0.0 ], [ 73.22089352468285, 18.541888341400739, 0.0 ], [ 73.22089385304254, 18.5418340592757, 0.0 ], [ 73.221027755949905, 18.541548342602379, 0.0 ], [ 73.221183746719703, 18.54135569710974, 0.0 ], [ 73.221250702394599, 18.5413068862022, 0.0 ], [ 73.221416523409857, 18.5412988191521, 0.0 ], [ 73.22156094469419, 18.54128256188487, 0.0 ], [ 73.221602765076028, 18.54123419847884, 0.0 ], [ 73.22160800896738, 18.541172591026601, 0.0 ], [ 73.221747718730882, 18.541118407172881, 0.0 ], [ 73.221838405469413, 18.541087937910461, 0.0 ], [ 73.221969359822381, 18.541003439929689, 0.0 ], [ 73.222058215054389, 18.54100093628843, 0.0 ], [ 73.222153388705351, 18.540957636920261, 0.0 ], [ 73.222244682003819, 18.540942787257588, 0.0 ], [ 73.222393410680993, 18.540936611465611, 0.0 ], [ 73.222459511096545, 18.540944778027661, 0.0 ], [ 73.222566368244713, 18.540947991899941, 0.0 ], [ 73.222673025831298, 18.540826197786821, 0.0 ], [ 73.222735070825877, 18.54058430365146, 0.0 ], [ 73.222890293294768, 18.540566344642041, 0.0 ], [ 73.223081223117234, 18.54062913439617, 0.0 ], [ 73.223248851537733, 18.540658191454039, 0.0 ], [ 73.223458911905141, 18.54068319662138, 0.0 ], [ 73.22449280189106, 18.54103993142531, 0.0 ], [ 73.224443489697919, 18.541286602302041, 0.0 ], [ 73.224403466983617, 18.541516783346751, 0.0 ], [ 73.224380200765381, 18.541655777517821, 0.0 ], [ 73.224343189436524, 18.541873179685741, 0.0 ], [ 73.224278841454478, 18.542212737202949, 0.0 ], [ 73.224249336290427, 18.542380712239279, 0.0 ], [ 73.224226242505665, 18.542540118513301, 0.0 ], [ 73.224184679258713, 18.542780727959279, 0.0 ], [ 73.224134176821138, 18.543014834495789, 0.0 ], [ 73.223884454810971, 18.543074103299571, 0.0 ], [ 73.223556650969385, 18.543123126102579, 0.0 ], [ 73.2231782296235, 18.543172972695501, 0.0 ], [ 73.222881995898732, 18.543236257843461, 0.0 ], [ 73.2225930482537, 18.543320397383301, 0.0 ], [ 73.22243974911126, 18.54335601672172, 0.0 ], [ 73.222112131593406, 18.543494999830241, 0.0 ], [ 73.221849129427, 18.543566978501399, 0.0 ], [ 73.221721923892019, 18.543613528557749, 0.0 ] ] ] } },
{ "type": "Feature", "properties": { "fid": 17, "Name": "EB 004", "description": "EB number 004\nEB Totaol Population 684\nEB SC population         04\nEB ST population          10", "timestamp": null, "begin": null, "end": null, "altitudeMode": null, "tessellate": 1, "extrude": 0, "visibility": 0, "drawOrder": null, "icon": null }, "geometry": { "type": "Polygon", "coordinates": [ [ [ 73.222734085230996, 18.540587623695991, 0.0 ], [ 73.222676365777318, 18.54081512979371, 0.0 ], [ 73.222568336394517, 18.540944176629338, 0.0 ], [ 73.222389664446879, 18.540934583419311, 0.0 ], [ 73.22222145593544, 18.540942259279081, 0.0 ], [ 73.222097969831168, 18.540983688303658, 0.0 ], [ 73.221991962665811, 18.541000621774209, 0.0 ], [ 73.221889055152545, 18.541052043693789, 0.0 ], [ 73.221614333214475, 18.541168207588701, 0.0 ], [ 73.22159944001649, 18.541232538857731, 0.0 ], [ 73.221558170454486, 18.541276733077389, 0.0 ], [ 73.221400534447554, 18.541298931748202, 0.0 ], [ 73.22127727454486, 18.541302121226241, 0.0 ], [ 73.221241907304773, 18.541312732928908, 0.0 ], [ 73.221204204431729, 18.541336096692412, 0.0 ], [ 73.22121140040629, 18.541289247118112, 0.0 ], [ 73.221230441915083, 18.54119613925333, 0.0 ], [ 73.221221082789867, 18.541099914897771, 0.0 ], [ 73.221203120448649, 18.540986000021721, 0.0 ], [ 73.221169496644663, 18.54087968386817, 0.0 ], [ 73.221133365204267, 18.540819407637098, 0.0 ], [ 73.22111676714195, 18.540684194493139, 0.0 ], [ 73.221114958941158, 18.54060203182285, 0.0 ], [ 73.221155558446668, 18.540516480635329, 0.0 ], [ 73.221201134643991, 18.54046256039393, 0.0 ], [ 73.22130416360659, 18.54035219960809, 0.0 ], [ 73.221389721906633, 18.540267999425211, 0.0 ], [ 73.221462509073106, 18.540180369112989, 0.0 ], [ 73.221503404332495, 18.539946977548169, 0.0 ], [ 73.221572520747785, 18.539761985212088, 0.0 ], [ 73.221636190035923, 18.539556960052231, 0.0 ], [ 73.221659013424741, 18.539283771006829, 0.0 ], [ 73.221659739207652, 18.539112833993041, 0.0 ], [ 73.221653386105913, 18.538679568270791, 0.0 ], [ 73.221633964992108, 18.538294380760401, 0.0 ], [ 73.221645912116557, 18.53807245741196, 0.0 ], [ 73.221625998110582, 18.537946606438791, 0.0 ], [ 73.221711098565422, 18.53774173200668, 0.0 ], [ 73.221809275299819, 18.537623585881221, 0.0 ], [ 73.221959231019824, 18.53748353008103, 0.0 ], [ 73.222079353733406, 18.537380519154208, 0.0 ], [ 73.222151987555492, 18.537385540673998, 0.0 ], [ 73.222322534661828, 18.537409122376019, 0.0 ], [ 73.222679089851454, 18.537486397493559, 0.0 ], [ 73.222809656033888, 18.537512858914258, 0.0 ], [ 73.22301472202237, 18.53759390108522, 0.0 ], [ 73.223246175781838, 18.53761040336364, 0.0 ], [ 73.223449729610678, 18.537599488266839, 0.0 ], [ 73.223568910723998, 18.537532283929139, 0.0 ], [ 73.223586896889785, 18.537484635058028, 0.0 ], [ 73.223655538159278, 18.537508012907349, 0.0 ], [ 73.223745316147728, 18.53752579733009, 0.0 ], [ 73.223865324995003, 18.537621893694869, 0.0 ], [ 73.223947126871877, 18.537742867877679, 0.0 ], [ 73.223982794631397, 18.537825690927772, 0.0 ], [ 73.224063289759229, 18.537913092756551, 0.0 ], [ 73.224126623425491, 18.537993966992381, 0.0 ], [ 73.224239857881841, 18.538234754270551, 0.0 ], [ 73.224335081688949, 18.53823865464242, 0.0 ], [ 73.224392729472598, 18.53828028932006, 0.0 ], [ 73.22439756216464, 18.538420072408591, 0.0 ], [ 73.224724230426432, 18.538429002394139, 0.0 ], [ 73.225482037909387, 18.538937393104892, 0.0 ], [ 73.225342148616292, 18.539267330170741, 0.0 ], [ 73.225237308801169, 18.539473053246351, 0.0 ], [ 73.225124503037534, 18.53972107368433, 0.0 ], [ 73.225032887126517, 18.539908451029248, 0.0 ], [ 73.224909803040248, 18.540187956509421, 0.0 ], [ 73.224761303751109, 18.540462948393301, 0.0 ], [ 73.224660652643919, 18.54070398221856, 0.0 ], [ 73.224499326287003, 18.54105726984513, 0.0 ], [ 73.224131029770689, 18.540927086677009, 0.0 ], [ 73.223777084386683, 18.540825420409082, 0.0 ], [ 73.223496130322644, 18.540711474319679, 0.0 ], [ 73.223013131552761, 18.540630581692572, 0.0 ], [ 73.222876401319311, 18.540593049817812, 0.0 ], [ 73.222734085230996, 18.540587623695991, 0.0 ] ] ] } },
{ "type": "Feature", "properties": { "fid": 18, "Name": "EB005", "description": "EB number 005\nEB Totaol Population 706\nEB SC population         16\nEB ST population          08", "timestamp": null, "begin": null, "end": null, "altitudeMode": null, "tessellate": 1, "extrude": 0, "visibility": 0, "drawOrder": null, "icon": null }, "geometry": { "type": "Polygon", "coordinates": [ [ [ 73.2234421199976, 18.537595481243201, 0.0 ], [ 73.223249456541481, 18.537591899894011, 0.0 ], [ 73.223017163965267, 18.53758768278621, 0.0 ], [ 73.222825165190969, 18.53751418374215, 0.0 ], [ 73.22263605525265, 18.537466241346099, 0.0 ], [ 73.22234652116677, 18.537416120578619, 0.0 ], [ 73.222087895375935, 18.537379668184251, 0.0 ], [ 73.222205142166715, 18.537064246746841, 0.0 ], [ 73.222321672561449, 18.53689983649749, 0.0 ], [ 73.222504118540471, 18.536701759617181, 0.0 ], [ 73.22268389396433, 18.53649504295737, 0.0 ], [ 73.222765295646923, 18.536357282975811, 0.0 ], [ 73.222834251657687, 18.536274695089709, 0.0 ], [ 73.222954798183608, 18.53611903057212, 0.0 ], [ 73.223049794254166, 18.535981827688019, 0.0 ], [ 73.223052459239156, 18.53586451676172, 0.0 ], [ 73.223022784416557, 18.5356213778438, 0.0 ], [ 73.223006341060739, 18.535465108145029, 0.0 ], [ 73.223034239464468, 18.535298324870858, 0.0 ], [ 73.223155586604719, 18.535086351245031, 0.0 ], [ 73.223297362040697, 18.53490382345726, 0.0 ], [ 73.223413683536123, 18.534758525364879, 0.0 ], [ 73.223510603278143, 18.534649942996321, 0.0 ], [ 73.223618357120856, 18.534551961348161, 0.0 ], [ 73.2237913854472, 18.534405647762561, 0.0 ], [ 73.223895985805555, 18.53431962773114, 0.0 ], [ 73.223945612483263, 18.534246363194061, 0.0 ], [ 73.224023452885717, 18.534209286376718, 0.0 ], [ 73.224082087183618, 18.534156407660081, 0.0 ], [ 73.224243494629448, 18.534027991751891, 0.0 ], [ 73.22435995477413, 18.533963812928409, 0.0 ], [ 73.224516620298687, 18.53391805862114, 0.0 ], [ 73.224643178815796, 18.533930393597981, 0.0 ], [ 73.224800353448146, 18.534006842229189, 0.0 ], [ 73.224889221655317, 18.534053746574639, 0.0 ], [ 73.225049572079314, 18.534155596154481, 0.0 ], [ 73.225196719809333, 18.534254482294479, 0.0 ], [ 73.225312757856983, 18.53430506123831, 0.0 ], [ 73.225493259381778, 18.534311358495199, 0.0 ], [ 73.225722041806137, 18.534257358324741, 0.0 ], [ 73.225883225522807, 18.53418937269215, 0.0 ], [ 73.2259998875886, 18.53413195104336, 0.0 ], [ 73.226109805632149, 18.534168598820941, 0.0 ], [ 73.226157475073876, 18.53425449570414, 0.0 ], [ 73.226278708729453, 18.534371687242189, 0.0 ], [ 73.226273187799904, 18.534471914193919, 0.0 ], [ 73.226298695431709, 18.534529042874091, 0.0 ], [ 73.226366949330497, 18.534575686082, 0.0 ], [ 73.226422500603107, 18.53472350467711, 0.0 ], [ 73.226529032545329, 18.534761584191259, 0.0 ], [ 73.226712193733348, 18.535026795467271, 0.0 ], [ 73.22679173620088, 18.534979102118221, 0.0 ], [ 73.226888893852447, 18.53491074066293, 0.0 ], [ 73.227006184928172, 18.534775102802211, 0.0 ], [ 73.227205169854813, 18.534778621618148, 0.0 ], [ 73.22714803902457, 18.534860423145659, 0.0 ], [ 73.227063540222929, 18.535101180526379, 0.0 ], [ 73.226925028567109, 18.535468806009149, 0.0 ], [ 73.22674825067412, 18.535905838920701, 0.0 ], [ 73.226593957633156, 18.5362919819921, 0.0 ], [ 73.226387520516539, 18.536791360640219, 0.0 ], [ 73.226147836364675, 18.5374017044387, 0.0 ], [ 73.225717482181267, 18.53846438128117, 0.0 ], [ 73.225492892822274, 18.53893082585866, 0.0 ], [ 73.225319319482708, 18.538820528591291, 0.0 ], [ 73.225218336583495, 18.538755941618401, 0.0 ], [ 73.22507917098396, 18.538663080647101, 0.0 ], [ 73.224935193300823, 18.53856507992338, 0.0 ], [ 73.224759819846156, 18.538449553834841, 0.0 ], [ 73.224682763858397, 18.538407974190331, 0.0 ], [ 73.224650265673816, 18.538430754523802, 0.0 ], [ 73.224544342036808, 18.53841287768752, 0.0 ], [ 73.224410562405168, 18.538406067458929, 0.0 ], [ 73.224387623657719, 18.53828811527346, 0.0 ], [ 73.224301763254033, 18.538218854930669, 0.0 ], [ 73.224246730142468, 18.5382373637587, 0.0 ], [ 73.224084424928932, 18.537928862364371, 0.0 ], [ 73.223993500869369, 18.537831307373409, 0.0 ], [ 73.223908974935298, 18.537679702730031, 0.0 ], [ 73.223827534672253, 18.537579786728141, 0.0 ], [ 73.22374841398964, 18.53752694778742, 0.0 ], [ 73.223662021337717, 18.537507823469159, 0.0 ], [ 73.223596742538049, 18.53748664442951, 0.0 ], [ 73.223571172202853, 18.537525101206981, 0.0 ], [ 73.223518350313441, 18.537560484247681, 0.0 ], [ 73.2234421199976, 18.537595481243201, 0.0 ] ] ] } },
{ "type": "Feature", "properties": { "fid": 19, "Name": "EB0010", "description": "EB number 0010\nEB Totaol Population 640\nEB SC population         60\nEB ST population          25", "timestamp": null, "begin": null, "end": null, "altitudeMode": null, "tessellate": 1, "extrude": 0, "visibility": 0, "drawOrder": null, "icon": null }, "geometry": { "type": "Polygon", "coordinates": [ [ [ 73.220142116019019, 18.542949291398241, 0.0 ], [ 73.220094013185957, 18.542938701853672, 0.0 ], [ 73.220044827479953, 18.542935207008849, 0.0 ], [ 73.220029504126799, 18.54292326210695, 0.0 ], [ 73.22001663255709, 18.542916278410701, 0.0 ], [ 73.219998109076428, 18.542909252833049, 0.0 ], [ 73.21998033350971, 18.54288778603182, 0.0 ], [ 73.219957320394528, 18.542885457863441, 0.0 ], [ 73.219919034885663, 18.542880626749621, 0.0 ], [ 73.219893397385334, 18.54288096306534, 0.0 ], [ 73.219832320699879, 18.542892541515169, 0.0 ], [ 73.219786658473254, 18.54289851174153, 0.0 ], [ 73.219775832163123, 18.54288908198361, 0.0 ], [ 73.219778181368454, 18.542862138947871, 0.0 ], [ 73.219778258358161, 18.542804576517639, 0.0 ], [ 73.21977745962387, 18.542758166523111, 0.0 ], [ 73.219753639681045, 18.542688911661791, 0.0 ], [ 73.219751093688743, 18.542609701155939, 0.0 ], [ 73.219739271904487, 18.542537294570408, 0.0 ], [ 73.219727293466264, 18.542406351827509, 0.0 ], [ 73.219730734220533, 18.542325427321732, 0.0 ], [ 73.219733325767791, 18.54223942847603, 0.0 ], [ 73.219719470081827, 18.542142633319472, 0.0 ], [ 73.219679882657871, 18.542118552090059, 0.0 ], [ 73.219497532995234, 18.54217743164828, 0.0 ], [ 73.21922595766253, 18.542204629025651, 0.0 ], [ 73.219118065919957, 18.542180283494108, 0.0 ], [ 73.218982166685336, 18.54216032864062, 0.0 ], [ 73.218871019946036, 18.542168641485759, 0.0 ], [ 73.218892568456056, 18.542249167831791, 0.0 ], [ 73.218968361058671, 18.54239470935492, 0.0 ], [ 73.21895986286097, 18.54257239028615, 0.0 ], [ 73.2189557253879, 18.54281959438347, 0.0 ], [ 73.218963939410003, 18.542989848585279, 0.0 ], [ 73.218993491681132, 18.543113976000821, 0.0 ], [ 73.219044929497755, 18.543342649500431, 0.0 ], [ 73.219068151473607, 18.543427207530328, 0.0 ], [ 73.219058730343363, 18.543454981465459, 0.0 ], [ 73.218948986971355, 18.543454214368431, 0.0 ], [ 73.218770564972459, 18.543475827256248, 0.0 ], [ 73.218477325074261, 18.543480721549269, 0.0 ], [ 73.218317143271207, 18.543506077309448, 0.0 ], [ 73.218018406412881, 18.543546294255481, 0.0 ], [ 73.217791443230496, 18.543597467648802, 0.0 ], [ 73.217600505115982, 18.543651798093929, 0.0 ], [ 73.217366656675381, 18.543736302152961, 0.0 ], [ 73.217012690316935, 18.543934229611569, 0.0 ], [ 73.216657006072097, 18.544158944262481, 0.0 ], [ 73.216270332255434, 18.544407036521761, 0.0 ], [ 73.216053096417966, 18.544564502538311, 0.0 ], [ 73.215816733469069, 18.54470867404866, 0.0 ], [ 73.215787479660804, 18.544692592010119, 0.0 ], [ 73.215731635956445, 18.544630906187781, 0.0 ], [ 73.215436485579076, 18.54431408671995, 0.0 ], [ 73.21482436560207, 18.54367878663443, 0.0 ], [ 73.214266998712745, 18.543110325968179, 0.0 ], [ 73.213794209551196, 18.54268297829918, 0.0 ], [ 73.213293538355686, 18.54221979885649, 0.0 ], [ 73.212771560035875, 18.541743750501301, 0.0 ], [ 73.212634315523843, 18.541607476946162, 0.0 ], [ 73.21249146773927, 18.541426323871629, 0.0 ], [ 73.212292829358177, 18.54115888307356, 0.0 ], [ 73.212208445912424, 18.541043957061849, 0.0 ], [ 73.212129325123399, 18.54087941324579, 0.0 ], [ 73.212040350385124, 18.540679547562611, 0.0 ], [ 73.211984691196264, 18.540536552544459, 0.0 ], [ 73.211955282527484, 18.540459157476661, 0.0 ], [ 73.211943437098313, 18.540422693486448, 0.0 ], [ 73.212000524102578, 18.54041846905438, 0.0 ], [ 73.212157642643731, 18.540423887984641, 0.0 ], [ 73.212267629265739, 18.540423144184039, 0.0 ], [ 73.212548311715778, 18.540489156784322, 0.0 ], [ 73.212890438481566, 18.540463241439198, 0.0 ], [ 73.213361200695715, 18.540436311701811, 0.0 ], [ 73.213584351402147, 18.54044077870131, 0.0 ], [ 73.214073064929266, 18.540606837284969, 0.0 ], [ 73.214387118375683, 18.540703040851291, 0.0 ], [ 73.214621712205158, 18.540595145855981, 0.0 ], [ 73.214914156902339, 18.540465390638339, 0.0 ], [ 73.215196611997811, 18.540353210060221, 0.0 ], [ 73.215570045477065, 18.540236797113351, 0.0 ], [ 73.216172150785241, 18.540358239887961, 0.0 ], [ 73.216479384937998, 18.540416072432549, 0.0 ], [ 73.216825690454172, 18.540555128587609, 0.0 ], [ 73.217093312481069, 18.540585432939789, 0.0 ], [ 73.21749386673585, 18.540683600652191, 0.0 ], [ 73.217529578149396, 18.540799131827509, 0.0 ], [ 73.21766394008408, 18.54083323586735, 0.0 ], [ 73.217816910660318, 18.540888386326309, 0.0 ], [ 73.218031417263177, 18.54100119450467, 0.0 ], [ 73.218234653141792, 18.54111871207655, 0.0 ], [ 73.218446026285875, 18.54125796396368, 0.0 ], [ 73.218613960809748, 18.541342706100249, 0.0 ], [ 73.218809562662017, 18.54140411586744, 0.0 ], [ 73.218965816526406, 18.541461541693089, 0.0 ], [ 73.219142075291742, 18.541556414959778, 0.0 ], [ 73.219283414620023, 18.541654357732739, 0.0 ], [ 73.219403121793789, 18.541691513916771, 0.0 ], [ 73.21952005128297, 18.541729666794438, 0.0 ], [ 73.219584998974284, 18.54172328437966, 0.0 ], [ 73.219724965278871, 18.54180467476079, 0.0 ], [ 73.219960786832331, 18.54195287252244, 0.0 ], [ 73.220122029187436, 18.542030793579549, 0.0 ], [ 73.220232895052291, 18.542077942316642, 0.0 ], [ 73.220142116019019, 18.542949291398241, 0.0 ] ] ] } },
{ "type": "Feature", "properties": { "fid": 20, "Name": "EB009", "description": "EB number 009\nEB Totaol Population 709\nEB SC population         07\nEB ST population         327", "timestamp": null, "begin": null, "end": null, "altitudeMode": null, "tessellate": 1, "extrude": 0, "visibility": 0, "drawOrder": null, "icon": null }, "geometry": { "type": "Polygon", "coordinates": [ [ [ 73.220148033777576, 18.542973420089961, 0.0 ], [ 73.22015438425305, 18.54307050034167, 0.0 ], [ 73.220166867493404, 18.543155549712811, 0.0 ], [ 73.220207516190797, 18.543270307115659, 0.0 ], [ 73.220268290562572, 18.54341130386835, 0.0 ], [ 73.220357719135293, 18.543657544133321, 0.0 ], [ 73.220363735307714, 18.543771876627051, 0.0 ], [ 73.220328184583749, 18.54376717014523, 0.0 ], [ 73.220088749689495, 18.543731441146448, 0.0 ], [ 73.219927743476461, 18.543740495838779, 0.0 ], [ 73.219802501897604, 18.543751190914321, 0.0 ], [ 73.21971007559408, 18.543782570613349, 0.0 ], [ 73.21972771362158, 18.543833505034659, 0.0 ], [ 73.219819466516199, 18.543925634291689, 0.0 ], [ 73.219808509567031, 18.54398659226473, 0.0 ], [ 73.219648456406262, 18.544069421963151, 0.0 ], [ 73.219475534002854, 18.544234336730469, 0.0 ], [ 73.219459524681525, 18.54430320003075, 0.0 ], [ 73.219421283208987, 18.544359747466689, 0.0 ], [ 73.219288037255836, 18.54436807874162, 0.0 ], [ 73.219098385001743, 18.54439962002332, 0.0 ], [ 73.219033114320368, 18.544451148006729, 0.0 ], [ 73.218607433145152, 18.544557852843951, 0.0 ], [ 73.218373721424342, 18.544572473761232, 0.0 ], [ 73.21832011537326, 18.544635213082341, 0.0 ], [ 73.217969625235781, 18.544749901242621, 0.0 ], [ 73.217669055186491, 18.54480353592659, 0.0 ], [ 73.217351227253062, 18.544912972992091, 0.0 ], [ 73.217211172298292, 18.545001524769461, 0.0 ], [ 73.21711629737257, 18.545074947911651, 0.0 ], [ 73.217024862724784, 18.54511627018773, 0.0 ], [ 73.216949823230451, 18.545149649225579, 0.0 ], [ 73.216917678661218, 18.545082477207309, 0.0 ], [ 73.216843653881952, 18.54496811069362, 0.0 ], [ 73.216575062733853, 18.545001401529781, 0.0 ], [ 73.216324694265737, 18.545065133504529, 0.0 ], [ 73.216200054440463, 18.545106701611338, 0.0 ], [ 73.216121909813296, 18.545139751314309, 0.0 ], [ 73.216005330219616, 18.54499204155211, 0.0 ], [ 73.215859682092102, 18.544776960255319, 0.0 ], [ 73.215809693191204, 18.54471682684439, 0.0 ], [ 73.216567490655365, 18.544216573513861, 0.0 ], [ 73.216994989154145, 18.543943795444939, 0.0 ], [ 73.21737577176043, 18.543731963961449, 0.0 ], [ 73.217504467346345, 18.54368830383428, 0.0 ], [ 73.217739294847362, 18.543613223027101, 0.0 ], [ 73.218072265966981, 18.543536991594031, 0.0 ], [ 73.218483729533375, 18.54347943292035, 0.0 ], [ 73.21860615289765, 18.54347699594345, 0.0 ], [ 73.218872925184741, 18.543461466596291, 0.0 ], [ 73.218982345978105, 18.543451326003311, 0.0 ], [ 73.219065244463252, 18.543451693304021, 0.0 ], [ 73.219067970559038, 18.543426979861479, 0.0 ], [ 73.219026511680511, 18.543255243391499, 0.0 ], [ 73.218964504698135, 18.54297520558865, 0.0 ], [ 73.218958788135353, 18.542865141143931, 0.0 ], [ 73.218970848093207, 18.542395401446768, 0.0 ], [ 73.218888697360526, 18.542224714309441, 0.0 ], [ 73.218874865111005, 18.5421695659345, 0.0 ], [ 73.218940270452748, 18.542165028064829, 0.0 ], [ 73.21902433617359, 18.542166291292229, 0.0 ], [ 73.21923793084926, 18.542201188115939, 0.0 ], [ 73.219502157096699, 18.542175376354209, 0.0 ], [ 73.219685321670269, 18.54211976205703, 0.0 ], [ 73.219718909169444, 18.54214326326456, 0.0 ], [ 73.219725628404461, 18.542182109242962, 0.0 ], [ 73.219730973874604, 18.542250744958171, 0.0 ], [ 73.219732222826067, 18.542317432840001, 0.0 ], [ 73.219726318385128, 18.542398771518311, 0.0 ], [ 73.219738019003088, 18.54252247751781, 0.0 ], [ 73.219748930641245, 18.542593066869781, 0.0 ], [ 73.219752416056053, 18.542648530253821, 0.0 ], [ 73.219761663629768, 18.542711080326971, 0.0 ], [ 73.219777521846908, 18.542757998244149, 0.0 ], [ 73.219779035546509, 18.542817318746181, 0.0 ], [ 73.219776650418908, 18.542879183600149, 0.0 ], [ 73.219786485324164, 18.54289737668908, 0.0 ], [ 73.219804241230236, 18.54289721591962, 0.0 ], [ 73.219885272093208, 18.54287955885188, 0.0 ], [ 73.219939463447332, 18.542880356204162, 0.0 ], [ 73.219979714136173, 18.542888195658801, 0.0 ], [ 73.220006078757081, 18.542910320314601, 0.0 ], [ 73.220046269981665, 18.542932413866449, 0.0 ], [ 73.220090191814776, 18.542935773454701, 0.0 ], [ 73.220143996527142, 18.54294770955347, 0.0 ], [ 73.220148033777576, 18.542973420089961, 0.0 ] ] ] } }
]
}
