{
"type": "FeatureCollection",
"name": "trees existing",
"crs": { "type": "name", "properties": { "name": "urn:ogc:def:crs:OGC:1.3:CRS84" } },
"features": [
{ "type": "Feature", "properties": { "fid": 1 }, "geometry": { "type": "MultiPolygon", "coordinates": [ [ [ [ 73.222689031962986, 18.536676912157613 ], [ 73.222696197619356, 18.536676661928137 ], [ 73.222703328367047, 18.536675912455845 ], [ 73.222710389461994, 18.536674667394433 ], [ 73.222717346503472, 18.536672932808866 ], [ 73.22272416560007, 18.536670717149715 ], [ 73.222730813529765, 18.536668031211772 ], [ 73.222737257903631, 18.536664888080846 ], [ 73.222743467325913, 18.536661303069192 ], [ 73.222749411546815, 18.536657293642744 ], [ 73.222755061600751, 18.53665287933563 ], [ 73.22276038996641, 18.536648081653762 ], [ 73.222765370683177, 18.536642923970245 ], [ 73.222769979485733, 18.536637431413507 ], [ 73.222774193920472, 18.536631630742701 ], [ 73.222777993454642, 18.536625550218556 ], [ 73.222781359574569, 18.536619219463315 ], [ 73.22278427588752, 18.536612669321581 ], [ 73.222786728179912, 18.536605931702976 ], [ 73.222788704504623, 18.536599039433892 ], [ 73.222790195239199, 18.536592026092872 ], [ 73.22279119311132, 18.536584925847816 ], [ 73.222791693267922, 18.536577773290443 ], [ 73.222791693267922, 18.536570603267133 ], [ 73.22279119311132, 18.53656345070976 ], [ 73.222790195239199, 18.536556350464704 ], [ 73.222788704504623, 18.536549337122775 ], [ 73.222786728179912, 18.5365424448546 ], [ 73.22278427588752, 18.536535707235995 ], [ 73.222781359574569, 18.536529157094261 ], [ 73.222777993454642, 18.53652282633902 ], [ 73.222774193920472, 18.536516745813966 ], [ 73.222769979485733, 18.53651094514316 ], [ 73.222765370683177, 18.536505452587331 ], [ 73.22276038996641, 18.536500294903814 ], [ 73.222755061600751, 18.536495497221946 ], [ 73.222749411546815, 18.536491082914832 ], [ 73.222743467325913, 18.536487073488384 ], [ 73.222737257903631, 18.53648348847673 ], [ 73.222730813529765, 18.536480345344895 ], [ 73.22272416560007, 18.536477659406952 ], [ 73.222717346503472, 18.536475443747801 ], [ 73.222710389461994, 18.536473709162234 ], [ 73.222703328367047, 18.536472464100822 ], [ 73.222696197619356, 18.536471714629439 ], [ 73.222689031962986, 18.536471464398883 ], [ 73.222681866307525, 18.536471714629439 ], [ 73.222674735563473, 18.536472464100822 ], [ 73.222667674468525, 18.536473709162234 ], [ 73.222660717427047, 18.536475443747801 ], [ 73.222653898330449, 18.536477659406952 ], [ 73.222647250397117, 18.536480345344895 ], [ 73.22264080602325, 18.53648348847673 ], [ 73.222634596600969, 18.536487073488384 ], [ 73.222628652383705, 18.536491082914832 ], [ 73.222623002326131, 18.536495497221946 ], [ 73.222617673960471, 18.536500294903814 ], [ 73.222612693243704, 18.536505452587331 ], [ 73.222608084444786, 18.53651094514316 ], [ 73.222603870010047, 18.536516745813966 ], [ 73.222600070475877, 18.53652282633902 ], [ 73.222596704352313, 18.536529157094261 ], [ 73.222593788043, 18.536535707235995 ], [ 73.222591335750607, 18.5365424448546 ], [ 73.222589359422258, 18.536549337122775 ], [ 73.222587868691321, 18.536556350463794 ], [ 73.2225868708192, 18.53656345070976 ], [ 73.222586370662597, 18.536570603267133 ], [ 73.222586370662597, 18.536577773290443 ], [ 73.2225868708192, 18.536584925847816 ], [ 73.222587868691321, 18.536592026092872 ], [ 73.222589359422258, 18.536599039433892 ], [ 73.222591335750607, 18.536605931702976 ], [ 73.222593788043, 18.536612669321581 ], [ 73.222596704352313, 18.536619219463315 ], [ 73.222600070475877, 18.536625550218556 ], [ 73.222603870010047, 18.536631630742701 ], [ 73.222608084444786, 18.536637431413507 ], [ 73.222612693243704, 18.536642923970245 ], [ 73.222617673960471, 18.536648081653762 ], [ 73.222623002326131, 18.53665287933563 ], [ 73.222628652383705, 18.536657293642744 ], [ 73.222634596600969, 18.536661303069192 ], [ 73.22264080602325, 18.536664888080846 ], [ 73.222647250397117, 18.536668031211772 ], [ 73.222653898330449, 18.536670717149715 ], [ 73.222660717427047, 18.536672932808866 ], [ 73.222667674468525, 18.536674667394433 ], [ 73.222674735563473, 18.536675912455845 ], [ 73.222681866307525, 18.536676661928137 ], [ 73.222689031962986, 18.536676912157613 ] ] ] ] } },
{ "type": "Feature", "properties": { "fid": 2 }, "geometry": { "type": "MultiPolygon", "coordinates": [ [ [ [ 73.219889012985064, 18.543768024299087 ], [ 73.219892765020617, 18.543767893275795 ], [ 73.219896498776492, 18.543767500842019 ], [ 73.21990019606163, 18.543766848911215 ], [ 73.219903838864397, 18.543765940657973 ], [ 73.219907409438733, 18.543764780508351 ], [ 73.219910890384185, 18.543763374114857 ], [ 73.219914264747771, 18.543761728328715 ], [ 73.219917516085829, 18.54375985116712 ], [ 73.219920628562235, 18.543757751776862 ], [ 73.219923587006619, 18.543755440385208 ], [ 73.219926377012584, 18.543752928253522 ], [ 73.219928984985003, 18.543750227619963 ], [ 73.219931398216417, 18.543747351642192 ], [ 73.219933604948878, 18.543744314331885 ], [ 73.219935594439434, 18.543741130485611 ], [ 73.219937356985596, 18.54373781561662 ], [ 73.219938884005373, 18.543734385872082 ], [ 73.219940168059097, 18.543730857963052 ], [ 73.219941202893082, 18.543727249077161 ], [ 73.219941983457815, 18.543723576795852 ], [ 73.219942505958883, 18.543719859010704 ], [ 73.219942767849702, 18.543716113833394 ], [ 73.219942767849702, 18.543712359511115 ], [ 73.219942505958883, 18.543708614334715 ], [ 73.219941983457815, 18.543704896548658 ], [ 73.219941202893082, 18.543701224268258 ], [ 73.219940168059097, 18.543697615381458 ], [ 73.219938884005373, 18.543694087472428 ], [ 73.219937356985596, 18.543690657728799 ], [ 73.219935594439434, 18.543687342858899 ], [ 73.219933604948878, 18.543684159013534 ], [ 73.219931398216417, 18.543681121702317 ], [ 73.219928984985003, 18.543678245725456 ], [ 73.219926377012584, 18.543675545091897 ], [ 73.219923587006619, 18.543673032959301 ], [ 73.219920628562235, 18.543670721568557 ], [ 73.219917516085829, 18.543668622177389 ], [ 73.219914264747771, 18.543666745016704 ], [ 73.219910890384185, 18.543665099230562 ], [ 73.219907409438733, 18.543663692836159 ], [ 73.219903838864397, 18.543662532686536 ], [ 73.21990019606163, 18.543661624434204 ], [ 73.219896498776492, 18.54366097250249 ], [ 73.219892765020617, 18.543660580069623 ], [ 73.219889012985064, 18.54366044904506 ], [ 73.219885260950818, 18.543660580069623 ], [ 73.219881527194943, 18.54366097250249 ], [ 73.219877829909805, 18.543661624434204 ], [ 73.219874187107038, 18.543662532686536 ], [ 73.21987061653634, 18.543663692836159 ], [ 73.219867135587251, 18.543665099230562 ], [ 73.219863761227302, 18.543666745016704 ], [ 73.219860509885606, 18.543668622177389 ], [ 73.219857397412838, 18.543670721568557 ], [ 73.219854438968454, 18.543673032959301 ], [ 73.219851648962489, 18.543675545091897 ], [ 73.21984904099007, 18.543678245725456 ], [ 73.219846627758656, 18.543681121702317 ], [ 73.219844421022557, 18.543684159013534 ], [ 73.219842431535639, 18.543687342858899 ], [ 73.219840668989477, 18.543690657728799 ], [ 73.219839141966062, 18.543694087472428 ], [ 73.219837857912339, 18.543697615381458 ], [ 73.219836823081991, 18.543701224268258 ], [ 73.21983604251362, 18.543704896548658 ], [ 73.219835520012552, 18.543708614334715 ], [ 73.219835258125372, 18.543712359511115 ], [ 73.219835258125372, 18.543716113833394 ], [ 73.219835520012552, 18.543719859010704 ], [ 73.21983604251362, 18.543723576795852 ], [ 73.219836823081991, 18.543727249077161 ], [ 73.219837857912339, 18.543730857963052 ], [ 73.219839141966062, 18.543734385872082 ], [ 73.219840668989477, 18.54373781561662 ], [ 73.219842431535639, 18.543741130485611 ], [ 73.219844421022557, 18.543744314331885 ], [ 73.219846627758656, 18.543747351642192 ], [ 73.21984904099007, 18.543750227619963 ], [ 73.219851648962489, 18.543752928253522 ], [ 73.219854438968454, 18.543755440385208 ], [ 73.219857397412838, 18.543757751776862 ], [ 73.219860509885606, 18.54375985116712 ], [ 73.219863761227302, 18.543761728328715 ], [ 73.219867135587251, 18.543763374114857 ], [ 73.21987061653634, 18.543764780508351 ], [ 73.219874187107038, 18.543765940657973 ], [ 73.219877829909805, 18.543766848911215 ], [ 73.219881527194943, 18.543767500842019 ], [ 73.219885260950818, 18.543767893275795 ], [ 73.219889012985064, 18.543768024299087 ] ] ] ] } },
{ "type": "Feature", "properties": { "fid": 3 }, "geometry": { "type": "MultiPolygon", "coordinates": [ [ [ [ 73.219019129040362, 18.542601119336972 ], [ 73.219022884855789, 18.542600988181217 ], [ 73.219026622373335, 18.54260059535272 ], [ 73.219030323380125, 18.542599942765261 ], [ 73.219033969853612, 18.542599033597977 ], [ 73.219037544018633, 18.542597872279654 ], [ 73.219041028471096, 18.542596464470076 ], [ 73.219044406232555, 18.542594817025925 ], [ 73.219047660844794, 18.542592937974401 ], [ 73.2190507764535, 18.542590836469568 ], [ 73.219053737881026, 18.542588522750517 ], [ 73.219056530695511, 18.542586008088616 ], [ 73.219059141290913, 18.542583304735668 ], [ 73.219061556956134, 18.542580425862067 ], [ 73.2190637659114, 18.542577385492219 ], [ 73.219065757402845, 18.542574198440885 ], [ 73.219067521724341, 18.54257088023223 ], [ 73.219069050282982, 18.54256744703434 ], [ 73.219070335631827, 18.542563915572824 ], [ 73.219071371506274, 18.542560303052593 ], [ 73.21907215285681, 18.542556627073278 ], [ 73.219072675885386, 18.54255290554374 ], [ 73.219072938038138, 18.542549156594756 ], [ 73.219072938038138, 18.542545398491708 ], [ 73.219072675885386, 18.542541649543633 ], [ 73.21907215285681, 18.542537928014095 ], [ 73.219071371506274, 18.54253425203478 ], [ 73.219070335631827, 18.542530639514549 ], [ 73.219069050282982, 18.542527108053033 ], [ 73.219067521724341, 18.542523674855143 ], [ 73.219065757402845, 18.542520356646488 ], [ 73.2190637659114, 18.542517169594245 ], [ 73.219061556956134, 18.542514129225307 ], [ 73.219059141290913, 18.542511250351705 ], [ 73.219056530695511, 18.542508546998757 ], [ 73.219053737881026, 18.542506032336856 ], [ 73.2190507764535, 18.542503718617805 ], [ 73.219047660844794, 18.542501617112972 ], [ 73.219044406232555, 18.542499738061448 ], [ 73.219041028471096, 18.542498090617297 ], [ 73.219037544018633, 18.54249668280681 ], [ 73.219033969853612, 18.542495521489396 ], [ 73.219030323380125, 18.542494612322113 ], [ 73.219026622373335, 18.542493959733743 ], [ 73.219022884855789, 18.542493566905247 ], [ 73.219019129040362, 18.542493435749329 ], [ 73.219015373229908, 18.542493566905247 ], [ 73.219011635712363, 18.542493959733743 ], [ 73.219007934705573, 18.542494612322113 ], [ 73.219004288232085, 18.542495521489396 ], [ 73.219000714063426, 18.54249668280681 ], [ 73.218997229610963, 18.542498090617297 ], [ 73.218993851849504, 18.542499738061448 ], [ 73.218990597237266, 18.542501617112972 ], [ 73.21898748162856, 18.542503718617805 ], [ 73.218984520204671, 18.542506032336856 ], [ 73.218981727390187, 18.542508546998757 ], [ 73.218979116791147, 18.542511250351705 ], [ 73.218976701129563, 18.542514129225307 ], [ 73.218974492170659, 18.542517169594245 ], [ 73.218972500679214, 18.542520356646488 ], [ 73.218970736357718, 18.542523674855143 ], [ 73.218969207799077, 18.542527108053033 ], [ 73.218967922453871, 18.542530639514549 ], [ 73.218966886579423, 18.54253425203478 ], [ 73.218966105225249, 18.542537928014095 ], [ 73.218965582200312, 18.542541649543633 ], [ 73.218965320047559, 18.542545398491708 ], [ 73.218965320047559, 18.542549156594756 ], [ 73.218965582200312, 18.54255290554374 ], [ 73.218966105225249, 18.542556627073278 ], [ 73.218966886579423, 18.542560303052593 ], [ 73.218967922453871, 18.542563915572824 ], [ 73.218969207799077, 18.54256744703434 ], [ 73.218970736357718, 18.54257088023223 ], [ 73.218972500679214, 18.542574198440885 ], [ 73.218974492170659, 18.542577385492219 ], [ 73.218976701129563, 18.542580425862067 ], [ 73.218979116791147, 18.542583304735668 ], [ 73.218981727390187, 18.542586008088616 ], [ 73.218984520204671, 18.542588522750517 ], [ 73.21898748162856, 18.542590836469568 ], [ 73.218990597237266, 18.542592937974401 ], [ 73.218993851849504, 18.542594817025925 ], [ 73.218997229610963, 18.542596464470076 ], [ 73.219000714063426, 18.542597872279654 ], [ 73.219004288232085, 18.542599033597977 ], [ 73.219007934705573, 18.542599942765261 ], [ 73.219011635712363, 18.54260059535272 ], [ 73.219015373229908, 18.542600988181217 ], [ 73.219019129040362, 18.542601119336972 ] ] ] ] } },
{ "type": "Feature", "properties": { "fid": 4 }, "geometry": { "type": "MultiPolygon", "coordinates": [ [ [ [ 73.220554871156637, 18.54349348409955 ], [ 73.220558110951956, 18.543493370963912 ], [ 73.220561334965154, 18.54349303210665 ], [ 73.22056452748437, 18.543492469178997 ], [ 73.220567672960883, 18.543491684924444 ], [ 73.220570756064248, 18.543490683162414 ], [ 73.220573761780528, 18.543489468774165 ], [ 73.220576675463221, 18.543488047675961 ], [ 73.22057948292057, 18.543486426790874 ], [ 73.220582170470138, 18.543484614016048 ], [ 73.220584725018838, 18.543482618183585 ], [ 73.220587134121146, 18.543480449016894 ], [ 73.22058938604458, 18.543478117082483 ], [ 73.220591469813357, 18.54347563374267 ], [ 73.220593375277517, 18.543473011096463 ], [ 73.220595093152937, 18.543470261919534 ], [ 73.220596615072267, 18.543467399606921 ], [ 73.220597933621306, 18.543464438102998 ], [ 73.220599042371745, 18.543461391835987 ], [ 73.220599935921186, 18.543458275647023 ], [ 73.220600609925881, 18.543455104718301 ], [ 73.220601061093461, 18.54345189449759 ], [ 73.220601287226586, 18.543448660624559 ], [ 73.220601287226586, 18.543445418854386 ], [ 73.220601061093461, 18.543442184982265 ], [ 73.220600609925881, 18.543438974760644 ], [ 73.220599935921186, 18.543435803831922 ], [ 73.220599042371745, 18.543432687642959 ], [ 73.220597933621306, 18.543429641375948 ], [ 73.220596615072267, 18.543426679872024 ], [ 73.220595093152937, 18.543423817559411 ], [ 73.220593375277517, 18.543421068382482 ], [ 73.220591469813357, 18.543418445736275 ], [ 73.22058938604458, 18.543415962396463 ], [ 73.220587134121146, 18.543413630462961 ], [ 73.220584725018838, 18.54341146129536 ], [ 73.220582170470138, 18.543409465462897 ], [ 73.22057948292057, 18.543407652688071 ], [ 73.220576675463221, 18.543406031802984 ], [ 73.220573761780528, 18.54340461070478 ], [ 73.220570756064248, 18.543403396316531 ], [ 73.220567672960883, 18.543402394554501 ], [ 73.22056452748437, 18.543401610299949 ], [ 73.220561334965154, 18.543401047372296 ], [ 73.220558110951956, 18.543400708515033 ], [ 73.220554871156637, 18.543400595378692 ], [ 73.220551631362454, 18.543400708515033 ], [ 73.220548407352894, 18.543401047372296 ], [ 73.220545214833678, 18.543401610299949 ], [ 73.220542069357165, 18.543402394554501 ], [ 73.220538986250162, 18.543403396316531 ], [ 73.220535980533882, 18.54340461070478 ], [ 73.220533066851189, 18.543406031802984 ], [ 73.220530259397478, 18.543407652688071 ], [ 73.22052757184791, 18.543409465462897 ], [ 73.220525017299209, 18.54341146129536 ], [ 73.220522608193264, 18.543413630462961 ], [ 73.220520356273468, 18.543415962396463 ], [ 73.220518272504691, 18.543418445736275 ], [ 73.220516367036893, 18.543421068382482 ], [ 73.220514649161473, 18.543423817559411 ], [ 73.220513127242143, 18.543426679872024 ], [ 73.220511808696742, 18.543429641375948 ], [ 73.220510699946303, 18.543432687642959 ], [ 73.220509806393224, 18.543435803831922 ], [ 73.220509132392166, 18.543438974760644 ], [ 73.220508681224587, 18.543442184982265 ], [ 73.220508455091462, 18.543445418854386 ], [ 73.220508455091462, 18.543448660624559 ], [ 73.220508681224587, 18.54345189449759 ], [ 73.220509132392166, 18.543455104718301 ], [ 73.220509806393224, 18.543458275647023 ], [ 73.220510699946303, 18.543461391835987 ], [ 73.220511808696742, 18.543464438102998 ], [ 73.220513127242143, 18.543467399606921 ], [ 73.220514649161473, 18.543470261919534 ], [ 73.220516367036893, 18.543473011096463 ], [ 73.220518272504691, 18.54347563374267 ], [ 73.220520356273468, 18.543478117082483 ], [ 73.220522608193264, 18.543480449016894 ], [ 73.220525017299209, 18.543482618183585 ], [ 73.22052757184791, 18.543484614016048 ], [ 73.220530259397478, 18.543486426790874 ], [ 73.220533066851189, 18.543488047675961 ], [ 73.220535980533882, 18.543489468774165 ], [ 73.220538986250162, 18.543490683162414 ], [ 73.220542069357165, 18.543491684924444 ], [ 73.220545214833678, 18.543492469178997 ], [ 73.220548407352894, 18.54349303210665 ], [ 73.220551631362454, 18.543493370963912 ], [ 73.220554871156637, 18.54349348409955 ] ] ] ] } },
{ "type": "Feature", "properties": { "fid": 5 }, "geometry": { "type": "MultiPolygon", "coordinates": [ [ [ [ 73.220054623863618, 18.543554751701478 ], [ 73.220056658999951, 18.543554680633857 ], [ 73.220058684219097, 18.543554467773443 ], [ 73.220060689654915, 18.543554114161449 ], [ 73.220062665543068, 18.543553621518182 ], [ 73.22006460225019, 18.543552992243345 ], [ 73.220066490343001, 18.543552229403755 ], [ 73.220068320624691, 18.543551336716515 ], [ 73.220070084178573, 18.543550318529011 ], [ 73.220071772408104, 18.543549179802536 ], [ 73.22007337709509, 18.543547926085008 ], [ 73.220074890414239, 18.543546563484593 ], [ 73.220076304998642, 18.543545098638784 ], [ 73.220077613957969, 18.543543538685295 ], [ 73.220078810907566, 18.543541891222954 ], [ 73.22007989002303, 18.543540164279872 ], [ 73.220080846043842, 18.543538366267054 ], [ 73.220081674309753, 18.543536505946573 ], [ 73.220082370789882, 18.543534592379725 ], [ 73.220082932093632, 18.543532634890649 ], [ 73.220083355477968, 18.543530643016307 ], [ 73.220083638887431, 18.543528626459189 ], [ 73.220083780935951, 18.543526595044565 ], [ 73.220083780935951, 18.543524558669557 ], [ 73.220083638887431, 18.543522527255842 ], [ 73.220083355477968, 18.543520510698723 ], [ 73.220082932093632, 18.543518518823472 ], [ 73.220082370789882, 18.543516561334396 ], [ 73.220081674309753, 18.543514647768458 ], [ 73.220080846043842, 18.543512787447067 ], [ 73.22007989002303, 18.543510989435159 ], [ 73.220078810907566, 18.543509262491167 ], [ 73.220077613957969, 18.543507615029736 ], [ 73.220076304998642, 18.543506055075337 ], [ 73.220074890414239, 18.543504590230437 ], [ 73.22007337709509, 18.543503227630023 ], [ 73.220071772408104, 18.543501973912495 ], [ 73.220070084178573, 18.54350083518602 ], [ 73.220068320624691, 18.543499816998516 ], [ 73.220066490343001, 18.543498924310367 ], [ 73.22006460225019, 18.543498161470776 ], [ 73.220062665543068, 18.543497532196849 ], [ 73.220060689654915, 18.543497039552673 ], [ 73.220058684219097, 18.543496685939768 ], [ 73.220056658999951, 18.543496473081174 ], [ 73.220054623863618, 18.54349640201211 ], [ 73.220052588731036, 18.543496473081174 ], [ 73.22005056351189, 18.543496685939768 ], [ 73.220048558072435, 18.543497039552673 ], [ 73.220046582187919, 18.543497532196849 ], [ 73.220044645480797, 18.543498161470776 ], [ 73.220042757387986, 18.543498924310367 ], [ 73.220040927106297, 18.543499816998516 ], [ 73.220039163552414, 18.54350083518602 ], [ 73.220037475322883, 18.543501973912495 ], [ 73.220035870635897, 18.543503227630023 ], [ 73.220034357316749, 18.543504590230437 ], [ 73.220032942732345, 18.543506055075337 ], [ 73.220031633773019, 18.543507615029736 ], [ 73.220030436823421, 18.543509262491167 ], [ 73.220029357707958, 18.543510989435159 ], [ 73.220028401687145, 18.543512787447067 ], [ 73.220027573421234, 18.543514647768458 ], [ 73.220026876941105, 18.543516561334396 ], [ 73.220026315637355, 18.543518518823472 ], [ 73.22002589225302, 18.543520510698723 ], [ 73.220025608843557, 18.543522527255842 ], [ 73.220025466795036, 18.543524558669557 ], [ 73.220025466795036, 18.543526595044565 ], [ 73.220025608843557, 18.543528626459189 ], [ 73.22002589225302, 18.543530643016307 ], [ 73.220026315637355, 18.543532634890649 ], [ 73.220026876941105, 18.543534592379725 ], [ 73.220027573421234, 18.543536505946573 ], [ 73.220028401687145, 18.543538366267054 ], [ 73.220029357707958, 18.543540164279872 ], [ 73.220030436823421, 18.543541891222954 ], [ 73.220031633773019, 18.543543538685295 ], [ 73.220032942732345, 18.543545098638784 ], [ 73.220034357316749, 18.543546563484593 ], [ 73.220035870635897, 18.543547926085008 ], [ 73.220037475322883, 18.543549179802536 ], [ 73.220039163552414, 18.543550318529011 ], [ 73.220040927106297, 18.543551336716515 ], [ 73.220042757387986, 18.543552229403755 ], [ 73.220044645480797, 18.543552992243345 ], [ 73.220046582187919, 18.543553621518182 ], [ 73.220048558072435, 18.543554114161449 ], [ 73.22005056351189, 18.543554467773443 ], [ 73.220052588731036, 18.543554680633857 ], [ 73.220054623863618, 18.543554751701478 ] ] ] ] } },
{ "type": "Feature", "properties": { "fid": 6 }, "geometry": { "type": "MultiPolygon", "coordinates": [ [ [ [ 73.219455351509197, 18.543579877580125 ], [ 73.219457471976042, 18.543579803532335 ], [ 73.21945958211289, 18.543579581747959 ], [ 73.21946167163695, 18.543579213308472 ], [ 73.219463730369156, 18.543578700008762 ], [ 73.219465748279603, 18.543578044349484 ], [ 73.219467715542109, 18.543577249524784 ], [ 73.219469622563324, 18.54357631940729 ], [ 73.219471460062763, 18.543575258528104 ], [ 73.219473219080086, 18.543574072055886 ], [ 73.219474891047852, 18.543572765771383 ], [ 73.219476467820627, 18.543571346037421 ], [ 73.219477941718637, 18.543569819772525 ], [ 73.219479305556874, 18.543568194410906 ], [ 73.219480552696027, 18.543566477872442 ], [ 73.219481677057033, 18.543564678519029 ], [ 73.219482673161096, 18.543562805118196 ], [ 73.219483536158791, 18.543560866794902 ], [ 73.219484261844613, 18.54355887299425 ], [ 73.21948484667881, 18.543556833429644 ], [ 73.219485287816482, 18.543554758036404 ], [ 73.219485583107584, 18.543552656927201 ], [ 73.219485731115114, 18.543550540337488 ], [ 73.219485731115114, 18.543548418579118 ], [ 73.219485583107584, 18.543546301989405 ], [ 73.219485287816482, 18.543544200879293 ], [ 73.21948484667881, 18.543542125486962 ], [ 73.219484261844613, 18.543540085921446 ], [ 73.219483536158791, 18.543538092120794 ], [ 73.219482673161096, 18.54353615379841 ], [ 73.219481677057033, 18.543534280397576 ], [ 73.219480552696027, 18.543532481044164 ], [ 73.219479305556874, 18.5435307645057 ], [ 73.219477941718637, 18.543529139144081 ], [ 73.219476467820627, 18.543527612879185 ], [ 73.219474891047852, 18.543526193145222 ], [ 73.219473219080086, 18.54352488686072 ], [ 73.219471460062763, 18.543523700388501 ], [ 73.219469622563324, 18.543522639509316 ], [ 73.219467715542109, 18.543521709391822 ], [ 73.219465748279603, 18.543520914567122 ], [ 73.219463730369156, 18.543520258907844 ], [ 73.21946167163695, 18.543519745608133 ], [ 73.21945958211289, 18.543519377167737 ], [ 73.219457471976042, 18.543519155384271 ], [ 73.219455351509197, 18.543519081335528 ], [ 73.219453231045904, 18.543519155384271 ], [ 73.219451120909056, 18.543519377167737 ], [ 73.219449031384997, 18.543519745608133 ], [ 73.21944697265279, 18.543520258907844 ], [ 73.219444954742343, 18.543520914567122 ], [ 73.219442987479837, 18.543521709391822 ], [ 73.219441080458623, 18.543522639509316 ], [ 73.219439242959183, 18.543523700388501 ], [ 73.21943748394186, 18.54352488686072 ], [ 73.219435811974094, 18.543526193145222 ], [ 73.219434235201319, 18.543527612879185 ], [ 73.21943276130331, 18.543529139144081 ], [ 73.219431397465073, 18.5435307645057 ], [ 73.21943015032592, 18.543532481044164 ], [ 73.219429025964914, 18.543534280397576 ], [ 73.21942802986085, 18.54353615379841 ], [ 73.219427166863156, 18.543538092120794 ], [ 73.219426441177333, 18.543540085921446 ], [ 73.219425856343136, 18.543542125486962 ], [ 73.219425415205464, 18.543544200879293 ], [ 73.219425119914362, 18.543546301989405 ], [ 73.219424971906832, 18.543548418579118 ], [ 73.219424971906832, 18.543550540337488 ], [ 73.219425119914362, 18.543552656927201 ], [ 73.219425415205464, 18.543554758036404 ], [ 73.219425856343136, 18.543556833429644 ], [ 73.219426441177333, 18.54355887299425 ], [ 73.219427166863156, 18.543560866794902 ], [ 73.21942802986085, 18.543562805118196 ], [ 73.219429025964914, 18.543564678519029 ], [ 73.21943015032592, 18.543566477872442 ], [ 73.219431397465073, 18.543568194410906 ], [ 73.21943276130331, 18.543569819772525 ], [ 73.219434235201319, 18.543571346037421 ], [ 73.219435811974094, 18.543572765771383 ], [ 73.21943748394186, 18.543574072055886 ], [ 73.219439242959183, 18.543575258528104 ], [ 73.219441080458623, 18.54357631940729 ], [ 73.219442987479837, 18.543577249524784 ], [ 73.219444954742343, 18.543578044349484 ], [ 73.21944697265279, 18.543578700008762 ], [ 73.219449031384997, 18.543579213308472 ], [ 73.219451120909056, 18.543579581747959 ], [ 73.219453231045904, 18.543579803532335 ], [ 73.219455351509197, 18.543579877580125 ] ] ] ] } },
{ "type": "Feature", "properties": { "fid": 7 }, "geometry": { "type": "MultiPolygon", "coordinates": [ [ [ [ 73.21935291179048, 18.543416487047224 ], [ 73.219355187142341, 18.543416407590481 ], [ 73.219357451405799, 18.543416169606186 ], [ 73.219359693553983, 18.54341577425566 ], [ 73.219361902662044, 18.54341522346385 ], [ 73.219364067965202, 18.543414519913309 ], [ 73.219366178916957, 18.543413667032834 ], [ 73.21936822523638, 18.543412668977904 ], [ 73.219370196948134, 18.54341153060977 ], [ 73.219372084447954, 18.54341025747453 ], [ 73.219373878539031, 18.543408855775848 ], [ 73.219375570482939, 18.543407332342209 ], [ 73.219377152039655, 18.543405694595091 ], [ 73.219378615496666, 18.54340395051349 ], [ 73.21937995372717, 18.543402108595725 ], [ 73.219381160215548, 18.543400177813961 ], [ 73.219382229075549, 18.543398167575102 ], [ 73.219383155108503, 18.543396087672587 ], [ 73.219383933799676, 18.543393948240915 ], [ 73.219384561351021, 18.543391759701077 ], [ 73.219385034713909, 18.543389532716898 ], [ 73.219385351574587, 18.54338727813774 ], [ 73.219385510390552, 18.54338500694757 ], [ 73.219385510390552, 18.543382730211302 ], [ 73.219385351574587, 18.543380459021133 ], [ 73.219385034713909, 18.543378204441975 ], [ 73.219384561351021, 18.543375977457796 ], [ 73.219383933799676, 18.543373788918867 ], [ 73.219383155108503, 18.543371649486286 ], [ 73.219382229075549, 18.54336956958468 ], [ 73.219381160215548, 18.543367559345821 ], [ 73.21937995372717, 18.543365628564057 ], [ 73.219378615496666, 18.543363786645383 ], [ 73.219377152039655, 18.543362042564691 ], [ 73.219375570482939, 18.543360404817573 ], [ 73.219373878539031, 18.543358881383934 ], [ 73.219372084447954, 18.543357479684342 ], [ 73.219370196948134, 18.543356206550012 ], [ 73.21936822523638, 18.543355068181878 ], [ 73.219366178916957, 18.543354070126039 ], [ 73.219364067965202, 18.543353217246473 ], [ 73.219361902662044, 18.543352513695933 ], [ 73.219359693553983, 18.543351962903213 ], [ 73.219357451405799, 18.543351567551777 ], [ 73.219355187142341, 18.543351329568392 ], [ 73.21935291179048, 18.543351250111279 ], [ 73.219350636441945, 18.543351329568392 ], [ 73.219348372178487, 18.543351567551777 ], [ 73.219346130030303, 18.543351962903213 ], [ 73.219343920922242, 18.543352513695933 ], [ 73.219341755619084, 18.543353217246473 ], [ 73.219339644667329, 18.543354070126039 ], [ 73.219337598347906, 18.543355068181878 ], [ 73.219335626636152, 18.543356206550012 ], [ 73.219333739136331, 18.543357479684342 ], [ 73.219331945045255, 18.543358881383934 ], [ 73.219330253101347, 18.543360404817573 ], [ 73.219328671548269, 18.543362042564691 ], [ 73.21932720808762, 18.543363786645383 ], [ 73.219325869857116, 18.543365628564057 ], [ 73.219324663368738, 18.543367559345821 ], [ 73.219323594508737, 18.54336956958468 ], [ 73.219322668475783, 18.543371649486286 ], [ 73.219321889784609, 18.543373788918867 ], [ 73.219321262233265, 18.543375977457796 ], [ 73.219320788870377, 18.543378204441975 ], [ 73.219320472013337, 18.543380459021133 ], [ 73.219320313193734, 18.543382730211302 ], [ 73.219320313193734, 18.54338500694757 ], [ 73.219320472013337, 18.54338727813774 ], [ 73.219320788870377, 18.543389532716898 ], [ 73.219321262233265, 18.543391759701077 ], [ 73.219321889784609, 18.543393948240915 ], [ 73.219322668475783, 18.543396087672587 ], [ 73.219323594508737, 18.543398167575102 ], [ 73.219324663368738, 18.543400177813961 ], [ 73.219325869857116, 18.543402108595725 ], [ 73.21932720808762, 18.54340395051349 ], [ 73.219328671548269, 18.543405694595091 ], [ 73.219330253101347, 18.543407332342209 ], [ 73.219331945045255, 18.543408855775848 ], [ 73.219333739136331, 18.54341025747453 ], [ 73.219335626636152, 18.54341153060977 ], [ 73.219337598347906, 18.543412668977904 ], [ 73.219339644667329, 18.543413667032834 ], [ 73.219341755619084, 18.543414519913309 ], [ 73.219343920922242, 18.54341522346385 ], [ 73.219346130030303, 18.54341577425566 ], [ 73.219348372178487, 18.543416169606186 ], [ 73.219350636441945, 18.543416407590481 ], [ 73.21935291179048, 18.543416487047224 ] ] ] ] } },
{ "type": "Feature", "properties": { "fid": 8 }, "geometry": { "type": "MultiPolygon", "coordinates": [ [ [ [ 73.219629499031001, 18.543245458369274 ], [ 73.219632111038649, 18.543245367156484 ], [ 73.219634710319937, 18.543245093960191 ], [ 73.219637284211771, 18.543244640114604 ], [ 73.219639820174038, 18.543244007827521 ], [ 73.2196423058558, 18.543243200181674 ], [ 73.219644729138949, 18.543242221110628 ], [ 73.21964707822552, 18.543241075384682 ], [ 73.219649341670433, 18.543239768585405 ], [ 73.219651508439696, 18.54323830708017 ], [ 73.219653567983173, 18.543236697987592 ], [ 73.219655510267316, 18.543234949149333 ], [ 73.219657325822467, 18.543233069084632 ], [ 73.219659005811977, 18.543231066952099 ], [ 73.219660542046753, 18.543228952506066 ], [ 73.219661927043475, 18.543226736049288 ], [ 73.219663154053691, 18.543224428379286 ], [ 73.219664217100203, 18.543222040738325 ], [ 73.219665111002527, 18.543219584759751 ], [ 73.219665831406004, 18.543217072407966 ], [ 73.219666374803623, 18.543214515922951 ], [ 73.219666738546934, 18.543211927760236 ], [ 73.219666920864242, 18.543209320528145 ], [ 73.219666920864242, 18.543206706930501 ], [ 73.219666738546934, 18.543204099698411 ], [ 73.219666374803623, 18.543201511535695 ], [ 73.219665831406004, 18.543198955050681 ], [ 73.219665111002527, 18.543196442698896 ], [ 73.219664217100203, 18.543193986720322 ], [ 73.219663154053691, 18.543191599079361 ], [ 73.219661927043475, 18.543189291409359 ], [ 73.219660542046753, 18.543187074951671 ], [ 73.219659005811977, 18.543184960506547 ], [ 73.219657325822467, 18.543182958374015 ], [ 73.219655510267316, 18.543181078309313 ], [ 73.219653567983173, 18.543179329470146 ], [ 73.219651508439696, 18.543177720378477 ], [ 73.219649341670433, 18.543176258873242 ], [ 73.21964707822552, 18.543174952073965 ], [ 73.219644729138949, 18.543173806348019 ], [ 73.2196423058558, 18.543172827276972 ], [ 73.219639820174038, 18.543172019630216 ], [ 73.219637284211771, 18.543171387344042 ], [ 73.219634710319937, 18.543170933496636 ], [ 73.219632111038649, 18.543170660302163 ], [ 73.219629499031001, 18.543170569088335 ], [ 73.219626887028411, 18.543170660302163 ], [ 73.219624287747124, 18.543170933496636 ], [ 73.21962171385529, 18.543171387344042 ], [ 73.219619177889385, 18.543172019630216 ], [ 73.219616692211261, 18.543172827276972 ], [ 73.219614268924474, 18.543173806348019 ], [ 73.219611919837902, 18.543174952073965 ], [ 73.219609656396628, 18.543176258873242 ], [ 73.219607489623726, 18.543177720378477 ], [ 73.21960543008025, 18.543179329470146 ], [ 73.219603487799745, 18.543181078309313 ], [ 73.219601672240955, 18.543182958374015 ], [ 73.219599992255084, 18.543184960506547 ], [ 73.219598456020307, 18.543187074951671 ], [ 73.219597071023585, 18.543189291409359 ], [ 73.219595844013369, 18.543191599079361 ], [ 73.219594780966858, 18.543193986720322 ], [ 73.219593887064534, 18.543196442698896 ], [ 73.219593166657418, 18.543198955050681 ], [ 73.2195926232598, 18.543201511535695 ], [ 73.219592259516489, 18.543204099698411 ], [ 73.219592077202819, 18.543206706930501 ], [ 73.219592077202819, 18.543209320528145 ], [ 73.219592259516489, 18.543211927760236 ], [ 73.2195926232598, 18.543214515922951 ], [ 73.219593166657418, 18.543217072407966 ], [ 73.219593887064534, 18.543219584759751 ], [ 73.219594780966858, 18.543222040738325 ], [ 73.219595844013369, 18.543224428379286 ], [ 73.219597071023585, 18.543226736049288 ], [ 73.219598456020307, 18.543228952506066 ], [ 73.219599992255084, 18.543231066952099 ], [ 73.219601672240955, 18.543233069084632 ], [ 73.219603487799745, 18.543234949149333 ], [ 73.21960543008025, 18.543236697987592 ], [ 73.219607489623726, 18.54323830708017 ], [ 73.219609656396628, 18.543239768585405 ], [ 73.219611919837902, 18.543241075384682 ], [ 73.219614268924474, 18.543242221110628 ], [ 73.219616692211261, 18.543243200181674 ], [ 73.219619177889385, 18.543244007827521 ], [ 73.21962171385529, 18.543244640114604 ], [ 73.219624287747124, 18.543245093960191 ], [ 73.219626887028411, 18.543245367156484 ], [ 73.219629499031001, 18.543245458369274 ] ] ] ] } },
{ "type": "Feature", "properties": { "fid": 9 }, "geometry": { "type": "MultiPolygon", "coordinates": [ [ [ [ 73.220040111570142, 18.543735027956092 ], [ 73.220042216933493, 18.543734954435418 ], [ 73.220044312038212, 18.543734734230835 ], [ 73.2200463866793, 18.54373436841615 ], [ 73.220048430746814, 18.543733858772608 ], [ 73.220050434283607, 18.543733207783585 ], [ 73.220052387532618, 18.54373241862049 ], [ 73.22005428096962, 18.543731495128664 ], [ 73.220056105379612, 18.543730441806471 ], [ 73.220057851867736, 18.543729263785277 ], [ 73.220059511924759, 18.543727966805815 ], [ 73.220061077467093, 18.543726557185433 ], [ 73.220062540865896, 18.543725041791728 ], [ 73.22006389499073, 18.543723428007976 ], [ 73.220065133245939, 18.543721723696759 ], [ 73.220066249596115, 18.543719937160855 ], [ 73.22006723860612, 18.543718077104128 ], [ 73.22006809545563, 18.543716152587873 ], [ 73.220068815971885, 18.54371417298989 ], [ 73.220069396640596, 18.543712147952643 ], [ 73.220069834638693, 18.543710087343239 ], [ 73.220070127827043, 18.543708001200681 ], [ 73.220070274775921, 18.543705899687662 ], [ 73.220070274775921, 18.543703793042365 ], [ 73.220070127827043, 18.543701691529346 ], [ 73.220069834638693, 18.543699605386788 ], [ 73.220069396640596, 18.543697544777384 ], [ 73.220068815971885, 18.543695519740137 ], [ 73.22006809545563, 18.543693540142154 ], [ 73.22006723860612, 18.5436916156259 ], [ 73.220066249596115, 18.543689755569172 ], [ 73.220065133245939, 18.543687969033268 ], [ 73.22006389499073, 18.543686264722052 ], [ 73.220062540865896, 18.5436846509383 ], [ 73.220061077467093, 18.543683135544594 ], [ 73.220059511924759, 18.543681725924213 ], [ 73.220057851867736, 18.54368042894475 ], [ 73.220056105379612, 18.543679250923557 ], [ 73.22005428096962, 18.543678197601363 ], [ 73.220052387532618, 18.543677274109537 ], [ 73.220050434283607, 18.543676484946442 ], [ 73.220048430746814, 18.543675833957419 ], [ 73.2200463866793, 18.543675324313877 ], [ 73.220044312038212, 18.543674958498283 ], [ 73.220042216933493, 18.543674738294609 ], [ 73.220040111570142, 18.543674664772961 ], [ 73.220038006209492, 18.543674738294609 ], [ 73.220035911104773, 18.543674958498283 ], [ 73.220033836467323, 18.543675324313877 ], [ 73.220031792396171, 18.543675833957419 ], [ 73.220029788859378, 18.543676484946442 ], [ 73.220027835614005, 18.543677274109537 ], [ 73.220025942173365, 18.543678197601363 ], [ 73.220024117763373, 18.543679250923557 ], [ 73.220022371278887, 18.54368042894475 ], [ 73.220020711218226, 18.543681725924213 ], [ 73.220019145675892, 18.543683135544594 ], [ 73.220017682277089, 18.5436846509383 ], [ 73.220016328152255, 18.543686264722052 ], [ 73.220015089897046, 18.543687969033268 ], [ 73.22001397354687, 18.543689755569172 ], [ 73.220012984536865, 18.5436916156259 ], [ 73.220012127687355, 18.543693540142154 ], [ 73.2200114071711, 18.543695519740137 ], [ 73.220010826502389, 18.543697544777384 ], [ 73.22001038850793, 18.543699605386788 ], [ 73.22001009531958, 18.543701691529346 ], [ 73.220009948367064, 18.543703793042365 ], [ 73.220009948367064, 18.543705899687662 ], [ 73.22001009531958, 18.543708001200681 ], [ 73.22001038850793, 18.543710087343239 ], [ 73.220010826502389, 18.543712147952643 ], [ 73.2200114071711, 18.54371417298989 ], [ 73.220012127687355, 18.543716152587873 ], [ 73.220012984536865, 18.543718077104128 ], [ 73.22001397354687, 18.543719937160855 ], [ 73.220015089897046, 18.543721723696759 ], [ 73.220016328152255, 18.543723428007976 ], [ 73.220017682277089, 18.543725041791728 ], [ 73.220019145675892, 18.543726557185433 ], [ 73.220020711218226, 18.543727966805815 ], [ 73.220022371278887, 18.543729263785277 ], [ 73.220024117763373, 18.543730441806471 ], [ 73.220025942173365, 18.543731495128664 ], [ 73.220027835614005, 18.54373241862049 ], [ 73.220029788859378, 18.543733207783585 ], [ 73.220031792396171, 18.543733858772608 ], [ 73.220033836467323, 18.54373436841615 ], [ 73.220035911104773, 18.543734734230835 ], [ 73.220038006209492, 18.543734954435418 ], [ 73.220040111570142, 18.543735027956092 ] ] ] ] } },
{ "type": "Feature", "properties": { "fid": 10 }, "geometry": { "type": "MultiPolygon", "coordinates": [ [ [ [ 73.220196332141171, 18.543870841366907 ], [ 73.220198859980869, 18.543870753092957 ], [ 73.220201375501333, 18.543870488700573 ], [ 73.220203866450888, 18.543870049479661 ], [ 73.220206320696875, 18.543869437567988 ], [ 73.220208726277619, 18.543868655947332 ], [ 73.220211071475191, 18.543867708425747 ], [ 73.220213344866337, 18.543866599618919 ], [ 73.220215535369775, 18.543865334930157 ], [ 73.220217632318949, 18.543863920520376 ], [ 73.220219625498416, 18.54386236327991 ], [ 73.220221505191134, 18.543860670795763 ], [ 73.220223262243948, 18.543858851314322 ], [ 73.220224888096695, 18.543856913698615 ], [ 73.220226374825856, 18.543854867388287 ], [ 73.220227715191854, 18.543852722355037 ], [ 73.220228902664516, 18.543850489047141 ], [ 73.220229931455819, 18.543848178344884 ], [ 73.220230796552627, 18.54384580150781 ], [ 73.2202314937458, 18.543843370113787 ], [ 73.220232019630188, 18.543840896008984 ], [ 73.220232371651932, 18.543838391246933 ], [ 73.220232548093904, 18.543835868031234 ], [ 73.220232548093904, 18.543833338652799 ], [ 73.220232371651932, 18.543830815437101 ], [ 73.220232019630188, 18.54382831067505 ], [ 73.2202314937458, 18.543825836570246 ], [ 73.220230796552627, 18.543823405176223 ], [ 73.220229931455819, 18.543821028339149 ], [ 73.220228902664516, 18.543818717636892 ], [ 73.220227715191854, 18.543816484328996 ], [ 73.220226374825856, 18.543814339295746 ], [ 73.220224888096695, 18.543812292985418 ], [ 73.220223262243948, 18.543810355369711 ], [ 73.220221505191134, 18.543808535888271 ], [ 73.220219625498416, 18.543806843404123 ], [ 73.220217632318949, 18.543805286163657 ], [ 73.220215535369775, 18.543803871753877 ], [ 73.220213344866337, 18.543802607065114 ], [ 73.220211071475191, 18.543801498258286 ], [ 73.220208726277619, 18.543800550736702 ], [ 73.220206320696875, 18.543799769116045 ], [ 73.220203866450888, 18.543799157204372 ], [ 73.220201375501333, 18.543798717982551 ], [ 73.220198859980869, 18.543798453591076 ], [ 73.220196332141171, 18.543798365316203 ], [ 73.220193804307186, 18.543798453591076 ], [ 73.220191288783084, 18.543798717982551 ], [ 73.220188797833529, 18.543799157204372 ], [ 73.22018634359118, 18.543799769116045 ], [ 73.220183938006798, 18.543800550736702 ], [ 73.220181592809226, 18.543801498258286 ], [ 73.220179319421717, 18.543802607065114 ], [ 73.220177128914642, 18.543803871753877 ], [ 73.220175031965468, 18.543805286163657 ], [ 73.220173038789639, 18.543806843404123 ], [ 73.220171159096921, 18.543808535888271 ], [ 73.220169402040469, 18.543810355369711 ], [ 73.220167776187722, 18.543812292985418 ], [ 73.220166289458561, 18.543814339295746 ], [ 73.220164949092563, 18.543816484328996 ], [ 73.220163761619901, 18.543818717636892 ], [ 73.220162732832236, 18.543821028339149 ], [ 73.22016186773179, 18.543823405176223 ], [ 73.220161170542255, 18.543825836570246 ], [ 73.220160644654229, 18.54382831067505 ], [ 73.220160292632485, 18.543830815437101 ], [ 73.220160116194151, 18.543833338652799 ], [ 73.220160116194151, 18.543835868031234 ], [ 73.220160292632485, 18.543838391246933 ], [ 73.220160644654229, 18.543840896008984 ], [ 73.220161170542255, 18.543843370113787 ], [ 73.22016186773179, 18.54384580150781 ], [ 73.220162732832236, 18.543848178344884 ], [ 73.220163761619901, 18.543850489047141 ], [ 73.220164949092563, 18.543852722355037 ], [ 73.220166289458561, 18.543854867388287 ], [ 73.220167776187722, 18.543856913698615 ], [ 73.220169402040469, 18.543858851314322 ], [ 73.220171159096921, 18.543860670795763 ], [ 73.220173038789639, 18.54386236327991 ], [ 73.220175031965468, 18.543863920520376 ], [ 73.220177128914642, 18.543865334930157 ], [ 73.220179319421717, 18.543866599618919 ], [ 73.220181592809226, 18.543867708425747 ], [ 73.220183938006798, 18.543868655947332 ], [ 73.22018634359118, 18.543869437567988 ], [ 73.220188797833529, 18.543870049479661 ], [ 73.220191288783084, 18.543870488700573 ], [ 73.220193804307186, 18.543870753092957 ], [ 73.220196332141171, 18.543870841366907 ] ] ] ] } },
{ "type": "Feature", "properties": { "fid": 11 }, "geometry": { "type": "MultiPolygon", "coordinates": [ [ [ [ 73.21987876901315, 18.543834436900561 ], [ 73.21988090115336, 18.54383436244461 ], [ 73.219883022906274, 18.543834139439692 ], [ 73.219885123933622, 18.543833768972032 ], [ 73.219887194001771, 18.543833252846522 ], [ 73.219889223022605, 18.543832593577459 ], [ 73.219891201111736, 18.54383179437718 ], [ 73.219893118635795, 18.543830859138321 ], [ 73.219894966248816, 18.54382979241927 ], [ 73.219896734950439, 18.543828599415061 ], [ 73.219898416122291, 18.543827285938274 ], [ 73.219900001578921, 18.543825858389024 ], [ 73.219901483589624, 18.543824323721307 ], [ 73.219902854936649, 18.543822689411169 ], [ 73.219904108940668, 18.543820963423055 ], [ 73.219905239493514, 18.543819154163426 ], [ 73.219906241080011, 18.543817270448923 ], [ 73.219907108828906, 18.543815321454527 ], [ 73.219907838509229, 18.543813316677184 ], [ 73.219908426563038, 18.543811265883956 ], [ 73.21990887013088, 18.543809179065644 ], [ 73.219909167048158, 18.543807066388577 ], [ 73.219909315870595, 18.543804938146419 ], [ 73.219909315870595, 18.543802804706498 ], [ 73.219909167048158, 18.54380067646434 ], [ 73.21990887013088, 18.543798563787274 ], [ 73.219908426563038, 18.543796476968961 ], [ 73.219907838509229, 18.543794426175733 ], [ 73.219907108828906, 18.54379242139839 ], [ 73.219906241080011, 18.543790472403995 ], [ 73.219905239493514, 18.543788588689491 ], [ 73.219904108940668, 18.543786779429862 ], [ 73.219902854936649, 18.543785053440839 ], [ 73.219901483589624, 18.543783419131611 ], [ 73.219900001578921, 18.543781884463893 ], [ 73.219898416122291, 18.543780456914643 ], [ 73.219896734950439, 18.543779143437856 ], [ 73.219894966248816, 18.543777950433647 ], [ 73.219893118635795, 18.543776883714596 ], [ 73.219891201111736, 18.543775948475737 ], [ 73.219889223022605, 18.543775149275458 ], [ 73.219887194001771, 18.543774490006395 ], [ 73.219885123933622, 18.543773973880885 ], [ 73.219883022906274, 18.543773603412316 ], [ 73.21988090115336, 18.543773380407398 ], [ 73.21987876901315, 18.543773305951333 ], [ 73.219876636874673, 18.543773380407398 ], [ 73.219874515121759, 18.543773603412316 ], [ 73.219872414094411, 18.543773973880885 ], [ 73.2198703440299, 18.543774490006395 ], [ 73.219868315005428, 18.543775149275458 ], [ 73.219866336916297, 18.543775948475737 ], [ 73.219864419392238, 18.543776883714596 ], [ 73.219862571782855, 18.543777950433647 ], [ 73.219860803081232, 18.543779143437856 ], [ 73.219859121905742, 18.543780456914643 ], [ 73.21985753645275, 18.543781884463893 ], [ 73.219856054442047, 18.543783419131611 ], [ 73.219854683091384, 18.543785053440839 ], [ 73.219853429087365, 18.543786779429862 ], [ 73.219852298538157, 18.543788588689491 ], [ 73.219851296948022, 18.543790472403995 ], [ 73.219850429199127, 18.54379242139839 ], [ 73.219849699522442, 18.543794426175733 ], [ 73.219849111464995, 18.543796476968961 ], [ 73.219848667897153, 18.543798563787274 ], [ 73.219848370979875, 18.54380067646434 ], [ 73.219848222161076, 18.543802804706498 ], [ 73.219848222161076, 18.543804938146419 ], [ 73.219848370979875, 18.543807066388577 ], [ 73.219848667897153, 18.543809179065644 ], [ 73.219849111464995, 18.543811265883956 ], [ 73.219849699522442, 18.543813316677184 ], [ 73.219850429199127, 18.543815321454527 ], [ 73.219851296948022, 18.543817270448923 ], [ 73.219852298538157, 18.543819154163426 ], [ 73.219853429087365, 18.543820963423055 ], [ 73.219854683091384, 18.543822689411169 ], [ 73.219856054442047, 18.543824323721307 ], [ 73.21985753645275, 18.543825858389024 ], [ 73.219859121905742, 18.543827285938274 ], [ 73.219860803081232, 18.543828599415061 ], [ 73.219862571782855, 18.54382979241927 ], [ 73.219864419392238, 18.543830859138321 ], [ 73.219866336916297, 18.54383179437718 ], [ 73.219868315005428, 18.543832593577459 ], [ 73.2198703440299, 18.543833252846522 ], [ 73.219872414094411, 18.543833768972032 ], [ 73.219874515121759, 18.543834139439692 ], [ 73.219876636874673, 18.54383436244461 ], [ 73.21987876901315, 18.543834436900561 ] ] ] ] } },
{ "type": "Feature", "properties": { "fid": 12 }, "geometry": { "type": "MultiPolygon", "coordinates": [ [ [ [ 73.219924866886572, 18.543835655425568 ], [ 73.219926667188687, 18.543835592558022 ], [ 73.219928458714989, 18.543835404260332 ], [ 73.21993023274625, 18.543835091451907 ], [ 73.219931980634996, 18.543834655654788 ], [ 73.219933693864718, 18.543834098992189 ], [ 73.219935364089892, 18.543833424177134 ], [ 73.219936983175998, 18.543832634496535 ], [ 73.219938543228622, 18.543831733798466 ], [ 73.219940036655302, 18.543830726470329 ], [ 73.219941456176443, 18.543829617418847 ], [ 73.219942794872608, 18.543828412049148 ], [ 73.219944046228179, 18.543827116232929 ], [ 73.219945204145901, 18.543825736282994 ], [ 73.219946262979633, 18.543824278922326 ], [ 73.219947217574358, 18.543822751251351 ], [ 73.219948063280739, 18.543821160712465 ], [ 73.219948795973309, 18.543819515054562 ], [ 73.219949412086848, 18.543817822294837 ], [ 73.219949908620023, 18.543816090681499 ], [ 73.219950283149942, 18.543814328649201 ], [ 73.219950533857613, 18.543812544783574 ], [ 73.219950659517039, 18.543810747774838 ], [ 73.219950659517039, 18.5438089463787 ], [ 73.219950533857613, 18.543807149369965 ], [ 73.219950283149942, 18.543805365503427 ], [ 73.219949908620023, 18.543803603472039 ], [ 73.219949412086848, 18.543801871857791 ], [ 73.219948795973309, 18.543800179098977 ], [ 73.219948063280739, 18.543798533441073 ], [ 73.219947217574358, 18.543796942902187 ], [ 73.219946262979633, 18.543795415231212 ], [ 73.219945204145901, 18.543793957870545 ], [ 73.219944046228179, 18.543792577920609 ], [ 73.219942794872608, 18.543791282103481 ], [ 73.219941456176443, 18.543790076733782 ], [ 73.219940036655302, 18.543788967683209 ], [ 73.219938543228622, 18.543787960355072 ], [ 73.219936983175998, 18.543787059657003 ], [ 73.219935364089892, 18.543786269976405 ], [ 73.219933693864718, 18.543785595161349 ], [ 73.219931980634996, 18.543785038498751 ], [ 73.21993023274625, 18.543784602701631 ], [ 73.219928458714989, 18.543784289892297 ], [ 73.219926667188687, 18.543784101595516 ], [ 73.219924866886572, 18.543784038726841 ], [ 73.219923066590113, 18.543784101595516 ], [ 73.219921275060173, 18.543784289892297 ], [ 73.21991950103255, 18.543784602701631 ], [ 73.219917753143804, 18.543785038498751 ], [ 73.219916039914082, 18.543785595161349 ], [ 73.21991436968527, 18.543786269976405 ], [ 73.219912750602802, 18.543787059657003 ], [ 73.21991119054654, 18.543787960355072 ], [ 73.21990969711986, 18.543788967683209 ], [ 73.219908277602357, 18.543790076733782 ], [ 73.219906938902554, 18.543791282103481 ], [ 73.219905687546984, 18.543792577920609 ], [ 73.219904529632899, 18.543793957870545 ], [ 73.219903470795529, 18.543795415231212 ], [ 73.219902516200804, 18.543796942902187 ], [ 73.219901670498061, 18.543798533441073 ], [ 73.219900937801853, 18.543800179098977 ], [ 73.219900321688314, 18.543801871857791 ], [ 73.219899825158777, 18.543803603472039 ], [ 73.219899450625221, 18.543805365503427 ], [ 73.219899199921187, 18.543807149369965 ], [ 73.219899074261761, 18.5438089463787 ], [ 73.219899074261761, 18.543810747774838 ], [ 73.219899199921187, 18.543812544783574 ], [ 73.219899450625221, 18.543814328649201 ], [ 73.219899825158777, 18.543816090681499 ], [ 73.219900321688314, 18.543817822294837 ], [ 73.219900937801853, 18.543819515054562 ], [ 73.219901670498061, 18.543821160712465 ], [ 73.219902516200804, 18.543822751251351 ], [ 73.219903470795529, 18.543824278922326 ], [ 73.219904529632899, 18.543825736282994 ], [ 73.219905687546984, 18.543827116232929 ], [ 73.219906938902554, 18.543828412049148 ], [ 73.219908277602357, 18.543829617418847 ], [ 73.21990969711986, 18.543830726470329 ], [ 73.21991119054654, 18.543831733798466 ], [ 73.219912750602802, 18.543832634496535 ], [ 73.21991436968527, 18.543833424177134 ], [ 73.219916039914082, 18.543834098992189 ], [ 73.219917753143804, 18.543834655653878 ], [ 73.21991950103255, 18.543835091451907 ], [ 73.219921275060173, 18.543835404260332 ], [ 73.219923066590113, 18.543835592558022 ], [ 73.219924866886572, 18.543835655425568 ] ] ] ] } },
{ "type": "Feature", "properties": { "fid": 13 }, "geometry": { "type": "MultiPolygon", "coordinates": [ [ [ [ 73.219919744900636, 18.543892317039926 ], [ 73.219922460735674, 18.543892222201062 ], [ 73.219925163339198, 18.543891938145403 ], [ 73.219927839545548, 18.54389146625908 ], [ 73.219930476316208, 18.54389080883902 ], [ 73.219933060801836, 18.54388996908801 ], [ 73.219935580415026, 18.543888951098776 ], [ 73.219938022877599, 18.543887759828973 ], [ 73.219940376293366, 18.543886401083906 ], [ 73.219942629195415, 18.543884881482878 ], [ 73.219944770604329, 18.543883208429175 ], [ 73.219946790093658, 18.54388139007369 ], [ 73.219948677822671, 18.543879435274899 ], [ 73.21995042459092, 18.543877353557033 ], [ 73.219952021892809, 18.543875155060956 ], [ 73.219953461943064, 18.543872850498698 ], [ 73.219954737727662, 18.54387045109706 ], [ 73.219955843029297, 18.543867968546689 ], [ 73.21995677246376, 18.543865414941134 ], [ 73.219957521505407, 18.543862802722284 ], [ 73.219958086505343, 18.543860144615788 ], [ 73.219958464705982, 18.543857453572851 ], [ 73.219958654270144, 18.54385474270202 ], [ 73.219958654270144, 18.543852025211887 ], [ 73.219958464705982, 18.543849314341966 ], [ 73.219958086505343, 18.543846623298119 ], [ 73.219957521505407, 18.543843965191623 ], [ 73.21995677246376, 18.543841352972773 ], [ 73.219955843029297, 18.543838799367219 ], [ 73.219954737727662, 18.543836316816847 ], [ 73.219953461943064, 18.54383391741521 ], [ 73.219952021892809, 18.543831612852951 ], [ 73.21995042459092, 18.543829414357784 ], [ 73.219948677822671, 18.543827332639918 ], [ 73.219946790093658, 18.543825377841127 ], [ 73.219944770604329, 18.543823559484732 ], [ 73.219942629195415, 18.543821886431029 ], [ 73.219940376293366, 18.543820366830001 ], [ 73.219938022877599, 18.543819008084935 ], [ 73.219935580415026, 18.543817816816041 ], [ 73.219933060801836, 18.543816798825898 ], [ 73.219930476316208, 18.543815959075797 ], [ 73.219927839545548, 18.543815301654828 ], [ 73.219925163339198, 18.543814829767594 ], [ 73.219922460735674, 18.543814545712845 ], [ 73.219919744900636, 18.543814450873384 ], [ 73.219917029069606, 18.543814545712845 ], [ 73.219914326466082, 18.543814829767594 ], [ 73.219911650259732, 18.543815301654828 ], [ 73.219909013489072, 18.543815959075797 ], [ 73.219906429003444, 18.543816798825898 ], [ 73.219903909390254, 18.543817816816041 ], [ 73.219901466927681, 18.543819008084935 ], [ 73.219899113511914, 18.543820366830001 ], [ 73.219896860609865, 18.543821886431029 ], [ 73.219894719197313, 18.543823559484732 ], [ 73.219892699711622, 18.543825377841127 ], [ 73.219890811982609, 18.543827332639918 ], [ 73.21988906521436, 18.543829414357784 ], [ 73.219887467912471, 18.543831612852951 ], [ 73.219886027862216, 18.54383391741521 ], [ 73.219884752077618, 18.543836316816847 ], [ 73.219883646775983, 18.543838799367219 ], [ 73.21988271734152, 18.543841352972773 ], [ 73.219881968299873, 18.543843965191623 ], [ 73.219881403299937, 18.543846623298119 ], [ 73.219881025099298, 18.543849314341966 ], [ 73.219880835535136, 18.543852025211887 ], [ 73.219880835535136, 18.54385474270202 ], [ 73.219881025099298, 18.543857453572851 ], [ 73.219881403299937, 18.543860144615788 ], [ 73.219881968299873, 18.543862802722284 ], [ 73.21988271734152, 18.543865414941134 ], [ 73.219883646775983, 18.543867968546689 ], [ 73.219884752077618, 18.54387045109706 ], [ 73.219886027862216, 18.543872850498698 ], [ 73.219887467912471, 18.543875155060956 ], [ 73.21988906521436, 18.543877353557033 ], [ 73.219890811982609, 18.543879435274899 ], [ 73.219892699711622, 18.54388139007369 ], [ 73.219894719197313, 18.543883208429175 ], [ 73.219896860609865, 18.543884881482878 ], [ 73.219899113511914, 18.543886401083906 ], [ 73.219901466927681, 18.543887759828973 ], [ 73.219903909390254, 18.543888951098776 ], [ 73.219906429003444, 18.54388996908801 ], [ 73.219909013489072, 18.54389080883902 ], [ 73.219911650259732, 18.54389146625908 ], [ 73.219914326466082, 18.543891938145403 ], [ 73.219917029069606, 18.543892222201062 ], [ 73.219919744900636, 18.543892317039926 ] ] ] ] } },
{ "type": "Feature", "properties": { "fid": 14 }, "geometry": { "type": "MultiPolygon", "coordinates": [ [ [ [ 73.220883531920791, 18.543508749749581 ], [ 73.220885811941102, 18.543508670129992 ], [ 73.220888080853896, 18.543508431657298 ], [ 73.220890327604124, 18.543508035495503 ], [ 73.220892541245107, 18.543507483572281 ], [ 73.220894710997513, 18.543506778577463 ], [ 73.2208968262821, 18.543505923947119 ], [ 73.220898876799751, 18.543504923842189 ], [ 73.220900852556937, 18.543503783137563 ], [ 73.220902743931205, 18.543502507389345 ], [ 73.220904541707554, 18.543501102813931 ], [ 73.220906237125732, 18.54349957625254 ], [ 73.220907821927526, 18.543497935143929 ], [ 73.220909288389507, 18.543496187482557 ], [ 73.220910629366685, 18.543494341783113 ], [ 73.220911838328888, 18.543492407038681 ], [ 73.220912909386229, 18.543490392673444 ], [ 73.220913837318207, 18.543488308501761 ], [ 73.220914617606454, 18.543486164678139 ], [ 73.22091524644928, 18.543483971646307 ], [ 73.220915720779871, 18.543481740091007 ], [ 73.220916038291747, 18.54347948088343 ], [ 73.22091619743513, 18.543477205031191 ], [ 73.22091619743513, 18.54347492362194 ], [ 73.220916038291747, 18.543472647769701 ], [ 73.220915720779871, 18.543470388562124 ], [ 73.22091524644928, 18.543468157006824 ], [ 73.220914617606454, 18.543465963974992 ], [ 73.220913837318207, 18.54346382015137 ], [ 73.220912909386229, 18.543461735979687 ], [ 73.220911838328888, 18.54345972161445 ], [ 73.220910629366685, 18.543457786870018 ], [ 73.220909288389507, 18.543455941170574 ], [ 73.220907821927526, 18.543454193509202 ], [ 73.220906237125732, 18.543452552400591 ], [ 73.220904541707554, 18.5434510258392 ], [ 73.220902743931205, 18.543449621263786 ], [ 73.220900852556937, 18.543448345515568 ], [ 73.220898876799751, 18.543447204810942 ], [ 73.2208968262821, 18.543446204706012 ], [ 73.220894710997513, 18.543445350075668 ], [ 73.220892541245107, 18.54344464508085 ], [ 73.220890327604124, 18.543444093157628 ], [ 73.220888080853896, 18.543443696994924 ], [ 73.220885811941102, 18.543443458523139 ], [ 73.220883531920791, 18.543443378902598 ], [ 73.220881251902014, 18.543443458523139 ], [ 73.22087898298922, 18.543443696994924 ], [ 73.22087673624263, 18.543444093157628 ], [ 73.22087452259801, 18.54344464508085 ], [ 73.220872352849241, 18.543445350075668 ], [ 73.220870237564654, 18.543446204706012 ], [ 73.220868187047003, 18.543447204810942 ], [ 73.220866211286179, 18.543448345515568 ], [ 73.220864319911911, 18.543449621263786 ], [ 73.220862522135562, 18.5434510258392 ], [ 73.220860826721022, 18.543452552400591 ], [ 73.220859241919229, 18.543454193509202 ], [ 73.220857775457247, 18.543455941170574 ], [ 73.220856434480069, 18.543457786870018 ], [ 73.220855225514228, 18.54345972161445 ], [ 73.220854154456887, 18.543461735979687 ], [ 73.220853226524909, 18.54346382015137 ], [ 73.220852446236663, 18.543465963974992 ], [ 73.220851817397474, 18.543468157006824 ], [ 73.220851343063245, 18.543470388562124 ], [ 73.220851025555007, 18.543472647769701 ], [ 73.220850866411624, 18.54347492362194 ], [ 73.220850866411624, 18.543477205031191 ], [ 73.220851025555007, 18.54347948088343 ], [ 73.220851343063245, 18.543481740091007 ], [ 73.220851817397474, 18.543483971646307 ], [ 73.220852446236663, 18.543486164678139 ], [ 73.220853226524909, 18.543488308501761 ], [ 73.220854154456887, 18.543490392673444 ], [ 73.220855225514228, 18.543492407038681 ], [ 73.220856434480069, 18.543494341783113 ], [ 73.220857775457247, 18.543496187482557 ], [ 73.220859241919229, 18.543497935143929 ], [ 73.220860826721022, 18.54349957625254 ], [ 73.220862522135562, 18.543501102813931 ], [ 73.220864319911911, 18.543502507389345 ], [ 73.220866211286179, 18.543503783137563 ], [ 73.220868187047003, 18.543504923842189 ], [ 73.220870237564654, 18.543505923947119 ], [ 73.220872352849241, 18.543506778577463 ], [ 73.22087452259801, 18.543507483572281 ], [ 73.22087673624263, 18.543508035495503 ], [ 73.22087898298922, 18.543508431657298 ], [ 73.220881251902014, 18.543508670129992 ], [ 73.220883531920791, 18.543508749749581 ] ] ] ] } },
{ "type": "Feature", "properties": { "fid": 15 }, "geometry": { "type": "MultiPolygon", "coordinates": [ [ [ [ 73.22017669786176, 18.54224735202839 ], [ 73.220179059626375, 18.542247269554533 ], [ 73.220181409880738, 18.542247022531679 ], [ 73.220183737179454, 18.542246612167215 ], [ 73.220186030182944, 18.542246040457027 ], [ 73.220188277718975, 18.542245310187351 ], [ 73.220190468840869, 18.54224442491704 ], [ 73.220192592871157, 18.54224338895801 ], [ 73.220194639463429, 18.542242207357045 ], [ 73.220196598645984, 18.542240885872157 ], [ 73.220198460876404, 18.54223943094075 ], [ 73.220200217074293, 18.542237849650515 ], [ 73.22020185869404, 18.542236149705783 ], [ 73.220203377728453, 18.542234339389321 ], [ 73.220204766785159, 18.54223242751959 ], [ 73.220206019090242, 18.542230423410725 ], [ 73.220207128546448, 18.542228336828881 ], [ 73.220208089744105, 18.542226177936751 ], [ 73.220208898008408, 18.54222395725446 ], [ 73.22020954939579, 18.542221685600449 ], [ 73.220210040730294, 18.542219374040538 ], [ 73.220210369625406, 18.542217033837911 ], [ 73.220210534473139, 18.542214676393993 ], [ 73.220210534473139, 18.542212313192973 ], [ 73.220210369625406, 18.542209955749055 ], [ 73.220210040730294, 18.542207615546427 ], [ 73.22020954939579, 18.542205303986517 ], [ 73.220208898008408, 18.542203032332505 ], [ 73.220208089744105, 18.542200811650215 ], [ 73.220207128546448, 18.542198652758085 ], [ 73.220206019090242, 18.542196566176241 ], [ 73.220204766785159, 18.542194562067376 ], [ 73.220203377728453, 18.542192650197645 ], [ 73.22020185869404, 18.542190839881183 ], [ 73.220200217074293, 18.54218913993645 ], [ 73.220198460876404, 18.542187558646216 ], [ 73.220196598645984, 18.542186103714808 ], [ 73.220194639463429, 18.542184782229921 ], [ 73.220192592871157, 18.542183600628956 ], [ 73.220190468840869, 18.542182564669925 ], [ 73.220188277718975, 18.542181679399615 ], [ 73.220186030182944, 18.542180949129939 ], [ 73.220183737179454, 18.542180377419751 ], [ 73.220181409880738, 18.542179967054377 ], [ 73.220179059626375, 18.542179720032433 ], [ 73.22017669786176, 18.542179637557695 ], [ 73.220174336103796, 18.542179720032433 ], [ 73.220171985845795, 18.542179967054377 ], [ 73.220169658547078, 18.542180377419751 ], [ 73.220167365543588, 18.542180949129939 ], [ 73.220165118007557, 18.542181679399615 ], [ 73.220162926885664, 18.542182564669925 ], [ 73.220160802855375, 18.542183600628956 ], [ 73.220158756263103, 18.542184782229921 ], [ 73.220156797080548, 18.542186103714808 ], [ 73.220154934853767, 18.542187558646216 ], [ 73.220153178652239, 18.54218913993645 ], [ 73.220151537036131, 18.542190839881183 ], [ 73.22015001799808, 18.542192650197645 ], [ 73.220148628945012, 18.542194562067376 ], [ 73.220147376636291, 18.542196566176241 ], [ 73.220146267183722, 18.542198652758085 ], [ 73.220145305982427, 18.542200811650215 ], [ 73.220144497718124, 18.542203032332505 ], [ 73.220143846334381, 18.542205303986517 ], [ 73.220143354996239, 18.542207615546427 ], [ 73.220143026101127, 18.542209955749055 ], [ 73.220142861253393, 18.542212313192973 ], [ 73.220142861253393, 18.542214676393993 ], [ 73.220143026101127, 18.542217033837911 ], [ 73.220143354996239, 18.542219374040538 ], [ 73.220143846334381, 18.542221685600449 ], [ 73.220144497718124, 18.54222395725446 ], [ 73.220145305982427, 18.542226177936751 ], [ 73.220146267183722, 18.542228336828881 ], [ 73.220147376636291, 18.542230423410725 ], [ 73.220148628945012, 18.54223242751959 ], [ 73.22015001799808, 18.542234339389321 ], [ 73.220151537036131, 18.542236149705783 ], [ 73.220153178652239, 18.542237849650515 ], [ 73.220154934853767, 18.54223943094075 ], [ 73.220156797080548, 18.542240885872157 ], [ 73.220158756263103, 18.542242207357045 ], [ 73.220160802855375, 18.54224338895801 ], [ 73.220162926885664, 18.54224442491704 ], [ 73.220165118007557, 18.542245310187351 ], [ 73.220167365543588, 18.542246040457027 ], [ 73.220169658547078, 18.542246612167215 ], [ 73.220171985845795, 18.542247022531679 ], [ 73.220174336103796, 18.542247269554533 ], [ 73.22017669786176, 18.54224735202839 ] ] ] ] } },
{ "type": "Feature", "properties": { "fid": 16 }, "geometry": { "type": "MultiPolygon", "coordinates": [ [ [ [ 73.220298771859888, 18.543193513986495 ], [ 73.220300797391232, 18.543193443253582 ], [ 73.22030281304977, 18.543193231399069 ], [ 73.220304809023204, 18.543192879455997 ], [ 73.220306775579942, 18.543192389137399 ], [ 73.220308703148461, 18.543191762832972 ], [ 73.220310582328224, 18.543191003594071 ], [ 73.220312403973352, 18.543190115119611 ], [ 73.220314159199901, 18.543189101738786 ], [ 73.220315839462259, 18.543187968387425 ], [ 73.220317436574973, 18.54318672058707 ], [ 73.220318942752769, 18.543185364417692 ], [ 73.220320350661481, 18.543183906486771 ], [ 73.220321653439882, 18.543182353896551 ], [ 73.220322844739698, 18.54318071421039 ], [ 73.220323918761991, 18.543178995418199 ], [ 73.220324870268072, 18.543177205892786 ], [ 73.220325694626794, 18.543175354352567 ], [ 73.220326387821828, 18.54317344981791 ], [ 73.220326946473492, 18.543171501568391 ], [ 73.220327367860577, 18.543169519094587 ], [ 73.220327649931264, 18.54316751205624 ], [ 73.220327791310396, 18.543165490230418 ], [ 73.220327791310396, 18.54316346346695 ], [ 73.220327649931264, 18.543161441641129 ], [ 73.220327367860577, 18.543159434602781 ], [ 73.220326946473492, 18.543157452128977 ], [ 73.220326387821828, 18.543155503879458 ], [ 73.220325694626794, 18.543153599345711 ], [ 73.220324870268072, 18.543151747805492 ], [ 73.220323918761991, 18.543149958280079 ], [ 73.220322844739698, 18.543148239486978 ], [ 73.220321653439882, 18.543146599801727 ], [ 73.220320350661481, 18.543145047210597 ], [ 73.220318942752769, 18.543143589279676 ], [ 73.220317436574973, 18.543142233110299 ], [ 73.220315839462259, 18.543140985310853 ], [ 73.220314159199901, 18.543139851959491 ], [ 73.220312403973352, 18.543138838577757 ], [ 73.220310582328224, 18.543137950103297 ], [ 73.220308703148461, 18.543137190864396 ], [ 73.220306775579942, 18.543136564559969 ], [ 73.220304809023204, 18.543136074241371 ], [ 73.22030281304977, 18.543135722297389 ], [ 73.220300797391232, 18.543135510443786 ], [ 73.220298771859888, 18.54313543971022 ], [ 73.220296746334483, 18.543135510443786 ], [ 73.220294730672308, 18.543135722297389 ], [ 73.220292734702511, 18.543136074241371 ], [ 73.220290768142135, 18.543136564559969 ], [ 73.220288840577254, 18.543137190864396 ], [ 73.220286961393853, 18.543137950103297 ], [ 73.220285139752363, 18.543138838577757 ], [ 73.220283384522176, 18.543139851959491 ], [ 73.220281704259818, 18.543140985310853 ], [ 73.220280107150742, 18.543142233110299 ], [ 73.220278600969309, 18.543143589279676 ], [ 73.220277193064234, 18.543145047210597 ], [ 73.220275890285833, 18.543146599801727 ], [ 73.220274698982379, 18.543148239486978 ], [ 73.220273624963724, 18.543149958280079 ], [ 73.220272673454005, 18.543151747805492 ], [ 73.220271849095283, 18.543153599345711 ], [ 73.220271155903887, 18.543155503879458 ], [ 73.220270597252224, 18.543157452128977 ], [ 73.220270175861501, 18.543159434602781 ], [ 73.220269893790814, 18.543161441641129 ], [ 73.220269752411681, 18.54316346346695 ], [ 73.220269752411681, 18.543165490230418 ], [ 73.220269893790814, 18.54316751205624 ], [ 73.220270175861501, 18.543169519094587 ], [ 73.220270597252224, 18.543171501568391 ], [ 73.220271155903887, 18.54317344981791 ], [ 73.220271849095283, 18.543175354352567 ], [ 73.220272673454005, 18.543177205892786 ], [ 73.220273624963724, 18.543178995418199 ], [ 73.220274698982379, 18.54318071421039 ], [ 73.220275890285833, 18.543182353896551 ], [ 73.220277193064234, 18.543183906486771 ], [ 73.220278600969309, 18.543185364417692 ], [ 73.220280107150742, 18.54318672058707 ], [ 73.220281704259818, 18.543187968387425 ], [ 73.220283384522176, 18.543189101738786 ], [ 73.220285139752363, 18.543190115119611 ], [ 73.220286961393853, 18.543191003594071 ], [ 73.220288840577254, 18.543191762832972 ], [ 73.220290768142135, 18.543192389137399 ], [ 73.220292734702511, 18.543192879455997 ], [ 73.220294730672308, 18.543193231399069 ], [ 73.220296746334483, 18.543193443253582 ], [ 73.220298771859888, 18.543193513986495 ] ] ] ] } },
{ "type": "Feature", "properties": { "fid": 17 }, "geometry": { "type": "MultiPolygon", "coordinates": [ [ [ [ 73.220303040181506, 18.543262657136822 ], [ 73.220305899136278, 18.543262557300292 ], [ 73.220308744163034, 18.543262258276169 ], [ 73.220311561399271, 18.543261761521531 ], [ 73.220314337118893, 18.54326106945609 ], [ 73.220317057803172, 18.543260185452706 ], [ 73.220319710195312, 18.543259113816926 ], [ 73.220322281373214, 18.543257859770161 ], [ 73.220324758807678, 18.543256429422396 ], [ 73.220327130431528, 18.543254829741269 ], [ 73.220329384690544, 18.54325306852024 ], [ 73.220331510601667, 18.543251154341302 ], [ 73.220333497811211, 18.543249096528594 ], [ 73.220335336631237, 18.543246905107477 ], [ 73.220337018105042, 18.543244590756327 ], [ 73.220338534043535, 18.543242164747422 ], [ 73.220339877057981, 18.543239638903284 ], [ 73.220341040607295, 18.543237025526647 ], [ 73.220342019023505, 18.543234337351347 ], [ 73.22034280754086, 18.543231587474107 ], [ 73.220343402310377, 18.543228789290875 ], [ 73.220343800443501, 18.543225956434068 ], [ 73.220343999993915, 18.543223102706175 ], [ 73.220343999993915, 18.543220242010644 ], [ 73.220343800443501, 18.543217388282752 ], [ 73.220343402310377, 18.543214555425944 ], [ 73.22034280754086, 18.543211757242712 ], [ 73.220342019023505, 18.543209007365473 ], [ 73.220341040607295, 18.543206319190173 ], [ 73.220339877057981, 18.543203705813536 ], [ 73.220338534043535, 18.543201179969397 ], [ 73.220337018105042, 18.543198753960493 ], [ 73.220335336631237, 18.543196439609343 ], [ 73.220333497811211, 18.543194248188225 ], [ 73.220331510601667, 18.543192190375517 ], [ 73.220329384690544, 18.543190276196579 ], [ 73.220327130431528, 18.543188514975551 ], [ 73.220324758807678, 18.543186915294424 ], [ 73.220322281373214, 18.543185484946658 ], [ 73.220319710195312, 18.543184230899893 ], [ 73.220317057803172, 18.543183159264114 ], [ 73.220314337118893, 18.54318227526073 ], [ 73.220311561399271, 18.543181583195288 ], [ 73.220308744163034, 18.543181086439741 ], [ 73.220305899136278, 18.543180787416528 ], [ 73.220303040181506, 18.543180687579117 ], [ 73.2203001812304, 18.543180787416528 ], [ 73.220297336203643, 18.543181086439741 ], [ 73.220294518967407, 18.543181583195288 ], [ 73.220291743247785, 18.54318227526073 ], [ 73.220289022563506, 18.543183159264114 ], [ 73.220286370171365, 18.543184230899893 ], [ 73.220283798993464, 18.543185484946658 ], [ 73.220281321559, 18.543186915294424 ], [ 73.22027894993515, 18.543188514975551 ], [ 73.220276695676134, 18.543190276196579 ], [ 73.22027456976501, 18.543192190375517 ], [ 73.220272582555467, 18.543194248188225 ], [ 73.220270743735441, 18.543196439609343 ], [ 73.220269062261636, 18.543198753961402 ], [ 73.220267546323143, 18.543201179969397 ], [ 73.220266203308697, 18.543203705813536 ], [ 73.220265039759383, 18.543206319190173 ], [ 73.220264061343173, 18.543209007365473 ], [ 73.220263272825818, 18.543211757242712 ], [ 73.220262678056301, 18.543214555425944 ], [ 73.220262279923176, 18.543217388282752 ], [ 73.220262080372763, 18.543220242010644 ], [ 73.220262080372763, 18.543223102706175 ], [ 73.220262279923176, 18.543225956434068 ], [ 73.220262678056301, 18.543228789290875 ], [ 73.220263272825818, 18.543231587474107 ], [ 73.220264061343173, 18.543234337351347 ], [ 73.220265039759383, 18.543237025526647 ], [ 73.220266203308697, 18.543239638903284 ], [ 73.220267546323143, 18.543242164747422 ], [ 73.220269062261636, 18.543244590756327 ], [ 73.220270743735441, 18.543246905107477 ], [ 73.220272582555467, 18.543249096528594 ], [ 73.22027456976501, 18.543251154341302 ], [ 73.220276695676134, 18.54325306852024 ], [ 73.22027894993515, 18.543254829741269 ], [ 73.220281321559, 18.543256429422396 ], [ 73.220283798993464, 18.543257859770161 ], [ 73.220286370171365, 18.543259113816926 ], [ 73.220289022563506, 18.543260185452706 ], [ 73.220291743247785, 18.54326106945609 ], [ 73.220294518967407, 18.543261761521531 ], [ 73.220297336203643, 18.543262258276169 ], [ 73.2203001812304, 18.543262557300292 ], [ 73.220303040181506, 18.543262657136822 ] ] ] ] } },
{ "type": "Feature", "properties": { "fid": 18 }, "geometry": { "type": "MultiPolygon", "coordinates": [ [ [ [ 73.220429382501237, 18.543164513946667 ], [ 73.220432124326166, 18.543164418200828 ], [ 73.220434852792081, 18.543164131426689 ], [ 73.220437554609802, 18.543163655023815 ], [ 73.220440216609845, 18.54316299131278 ], [ 73.220442825830091, 18.543162143526384 ], [ 73.220445369555804, 18.543161115794643 ], [ 73.220447835392392, 18.543159913125233 ], [ 73.220450211327247, 18.54315854137803 ], [ 73.220452485787959, 18.543157007234182 ], [ 73.220454647693245, 18.543155318170644 ], [ 73.220456686507518, 18.543153482413796 ], [ 73.220458592299096, 18.543151508908519 ], [ 73.220460355783857, 18.54314940726908 ], [ 73.220461968368895, 18.543147187734572 ], [ 73.220463422199813, 18.543144861118886 ], [ 73.220464710193468, 18.543142438756146 ], [ 73.220465826074346, 18.543139932447954 ], [ 73.220466764403668, 18.543137354406095 ], [ 73.22046752061577, 18.543134717188874 ], [ 73.220468091018105, 18.54313203364563 ], [ 73.220468472838533, 18.543129316850351 ], [ 73.220468664218046, 18.543126580038003 ], [ 73.220468664218046, 18.543123836542687 ], [ 73.220468472838533, 18.543121099730339 ], [ 73.220468091018105, 18.54311838293415 ], [ 73.22046752061577, 18.543115699390906 ], [ 73.220466764403668, 18.543113062173685 ], [ 73.220465826074346, 18.543110484131827 ], [ 73.220464710193468, 18.543107977823635 ], [ 73.220463422199813, 18.543105555461803 ], [ 73.220461968368895, 18.543103228845208 ], [ 73.220460355783857, 18.5431010093107 ], [ 73.220458592299096, 18.543098907672171 ], [ 73.220456686507518, 18.543096934165984 ], [ 73.220454647693245, 18.543095098410046 ], [ 73.220452485787959, 18.543093409345598 ], [ 73.220450211327247, 18.543091875202659 ], [ 73.220447835392392, 18.543090503454547 ], [ 73.220445369555804, 18.543089300785137 ], [ 73.220442825830091, 18.543088273054305 ], [ 73.220440216609845, 18.543087425267 ], [ 73.220437554609802, 18.543086761555966 ], [ 73.220434852792081, 18.543086285152182 ], [ 73.220432124326166, 18.543085998379862 ], [ 73.220429382501237, 18.543085902632374 ], [ 73.220426640680657, 18.543085998379862 ], [ 73.220423912211103, 18.543086285152182 ], [ 73.220421210397021, 18.543086761555966 ], [ 73.220418548396978, 18.543087425267 ], [ 73.220415939176732, 18.543088273054305 ], [ 73.220413395451018, 18.543089300785137 ], [ 73.220410929614431, 18.543090503454547 ], [ 73.220408553679576, 18.543091875202659 ], [ 73.220406279218864, 18.543093409345598 ], [ 73.220404117313578, 18.543095098410046 ], [ 73.220402078499305, 18.543096934165984 ], [ 73.220400172707727, 18.543098907672171 ], [ 73.220398409222966, 18.5431010093107 ], [ 73.220396796637928, 18.543103228845208 ], [ 73.220395342807009, 18.543105555461803 ], [ 73.220394054813355, 18.543107977823635 ], [ 73.220392938932477, 18.543110484131827 ], [ 73.220392000603155, 18.543113062173685 ], [ 73.220391244391053, 18.543115699390906 ], [ 73.220390673988717, 18.54311838293415 ], [ 73.220390292164652, 18.543121099730339 ], [ 73.220390100788777, 18.543123836542687 ], [ 73.220390100788777, 18.543126580038003 ], [ 73.220390292164652, 18.543129316850351 ], [ 73.220390673988717, 18.54313203364563 ], [ 73.220391244391053, 18.543134717188874 ], [ 73.220392000603155, 18.543137354406095 ], [ 73.220392938932477, 18.543139932447954 ], [ 73.220394054813355, 18.543142438756146 ], [ 73.220395342807009, 18.543144861118886 ], [ 73.220396796637928, 18.543147187734572 ], [ 73.220398409222966, 18.54314940726908 ], [ 73.220400172707727, 18.543151508908519 ], [ 73.220402078499305, 18.543153482413796 ], [ 73.220404117313578, 18.543155318170644 ], [ 73.220406279218864, 18.543157007234182 ], [ 73.220408553679576, 18.54315854137803 ], [ 73.220410929614431, 18.543159913125233 ], [ 73.220413395451018, 18.543161115794643 ], [ 73.220415939176732, 18.543162143526384 ], [ 73.220418548396978, 18.54316299131278 ], [ 73.220421210397021, 18.543163655023815 ], [ 73.220423912211103, 18.543164131426689 ], [ 73.220426640680657, 18.543164418200828 ], [ 73.220429382501237, 18.543164513946667 ] ] ] ] } },
{ "type": "Feature", "properties": { "fid": 19 }, "geometry": { "type": "MultiPolygon", "coordinates": [ [ [ [ 73.220444748459045, 18.543262207182384 ], [ 73.220446980540132, 18.543262129236606 ], [ 73.22044920174811, 18.543261895777956 ], [ 73.220451401255545, 18.543261507946223 ], [ 73.220453568355865, 18.543260967627244 ], [ 73.220455692484379, 18.54326027745628 ], [ 73.220457763294675, 18.543259440794824 ], [ 73.220459770698639, 18.54325846171832 ], [ 73.220461704913745, 18.543257344997979 ], [ 73.220463556521267, 18.543256096074398 ], [ 73.220465316495378, 18.543254721030276 ], [ 73.220466976265001, 18.543253226566772 ], [ 73.220468527742909, 18.543251619964391 ], [ 73.22046996337302, 18.543249909049333 ], [ 73.220471276155862, 18.543248102157118 ], [ 73.220472459699508, 18.543246208092565 ], [ 73.220473508234122, 18.543244236080678 ], [ 73.220474416659258, 18.543242195731178 ], [ 73.22047518054022, 18.543240096983023 ], [ 73.220475796158993, 18.543237950062572 ], [ 73.220476260517884, 18.543235765427195 ], [ 73.22047657135407, 18.543233553722526 ], [ 73.220476727150512, 18.543231325722441 ], [ 73.220476727150512, 18.54322909228085 ], [ 73.22047657135407, 18.543226864280765 ], [ 73.220476260517884, 18.543224652576097 ], [ 73.220475796158993, 18.543222467940719 ], [ 73.22047518054022, 18.543220321020268 ], [ 73.220474416659258, 18.543218222272113 ], [ 73.220473508234122, 18.543216181922613 ], [ 73.220472459699508, 18.543214209910726 ], [ 73.220471276155862, 18.543212315846173 ], [ 73.22046996337302, 18.543210508953958 ], [ 73.220468527742909, 18.543208798038901 ], [ 73.220466976265001, 18.543207191436519 ], [ 73.220465316495378, 18.543205696973015 ], [ 73.220463556521267, 18.543204321928894 ], [ 73.220461704913745, 18.543203073005312 ], [ 73.220459770698639, 18.543201956284971 ], [ 73.220457763294675, 18.543200977208468 ], [ 73.220455692484379, 18.543200140547011 ], [ 73.220453568355865, 18.543199450376047 ], [ 73.220451401255545, 18.543198910057068 ], [ 73.22044920174811, 18.543198522224426 ], [ 73.220446980540132, 18.543198288766686 ], [ 73.220444748459045, 18.543198210820005 ], [ 73.220442516379975, 18.543198288766686 ], [ 73.220440295175635, 18.543198522224426 ], [ 73.220438095664562, 18.543198910057068 ], [ 73.220435928567881, 18.543199450376047 ], [ 73.220433804439367, 18.543200140547011 ], [ 73.22043173362907, 18.543200977208468 ], [ 73.220429726225106, 18.543201956284971 ], [ 73.22042779201, 18.543203073005312 ], [ 73.220425940402478, 18.543204321928894 ], [ 73.220424180424729, 18.543205696973015 ], [ 73.220422520655106, 18.543207191436519 ], [ 73.220420969177198, 18.543208798038901 ], [ 73.220419533550725, 18.543210508953958 ], [ 73.220418220767883, 18.543212315846173 ], [ 73.220417037224237, 18.543214209910726 ], [ 73.220415988685986, 18.543216181922613 ], [ 73.220415080264488, 18.543218222272113 ], [ 73.220414316383525, 18.543220321020268 ], [ 73.220413700761114, 18.543222467940719 ], [ 73.220413236402223, 18.543224652576097 ], [ 73.220412925569676, 18.543226864280765 ], [ 73.220412769773233, 18.54322909228085 ], [ 73.220412769773233, 18.543231325722441 ], [ 73.220412925569676, 18.543233553722526 ], [ 73.220413236402223, 18.543235765427195 ], [ 73.220413700761114, 18.543237950062572 ], [ 73.220414316383525, 18.543240096983023 ], [ 73.220415080264488, 18.543242195731178 ], [ 73.220415988685986, 18.543244236080678 ], [ 73.220417037224237, 18.543246208092565 ], [ 73.220418220767883, 18.543248102157118 ], [ 73.220419533550725, 18.543249909049333 ], [ 73.220420969177198, 18.543251619964391 ], [ 73.220422520655106, 18.543253226566772 ], [ 73.220424180424729, 18.543254721030276 ], [ 73.220425940402478, 18.543256096074398 ], [ 73.22042779201, 18.543257344997979 ], [ 73.220429726225106, 18.54325846171832 ], [ 73.22043173362907, 18.543259440794824 ], [ 73.220433804439367, 18.54326027745628 ], [ 73.220435928567881, 18.543260967627244 ], [ 73.220438095664562, 18.543261507946223 ], [ 73.220440295175635, 18.543261895777956 ], [ 73.220442516379975, 18.543262129236606 ], [ 73.220444748459045, 18.543262207182384 ] ] ] ] } },
{ "type": "Feature", "properties": { "fid": 20 }, "geometry": { "type": "MultiPolygon", "coordinates": [ [ [ [ 73.220338040418724, 18.543118394778123 ], [ 73.22033964933506, 18.543118338594464 ], [ 73.220341250413171, 18.543118170313843 ], [ 73.220342835847973, 18.543117890758364 ], [ 73.220344397923313, 18.543117501289995 ], [ 73.220345929024901, 18.543117003804579 ], [ 73.220347421694882, 18.543116400726827 ], [ 73.220348868660935, 18.543115694995318 ], [ 73.220350262869019, 18.543114890047033 ], [ 73.220351597534304, 18.54311398980553 ], [ 73.220352866148446, 18.543112998654575 ], [ 73.220354062534156, 18.543111921424494 ], [ 73.220355180863393, 18.543110763362161 ], [ 73.220356215682827, 18.543109530110083 ], [ 73.220357161957494, 18.543108227677291 ], [ 73.220358015070801, 18.543106862408418 ], [ 73.220358770871812, 18.543105440955511 ], [ 73.220359425675255, 18.543103970242552 ], [ 73.220359976290624, 18.543102457435449 ], [ 73.220360420040365, 18.543100909903838 ], [ 73.220360754756243, 18.543099335188341 ], [ 73.220360978808444, 18.543097740960544 ], [ 73.220361091109211, 18.543096134986623 ], [ 73.220361091109211, 18.543094525090961 ], [ 73.220360978808444, 18.54309291911704 ], [ 73.220360754756243, 18.543091324888334 ], [ 73.220360420040365, 18.543089750172836 ], [ 73.220359976290624, 18.543088202642135 ], [ 73.220359425675255, 18.543086689835032 ], [ 73.220358770871812, 18.543085219122073 ], [ 73.220358015070801, 18.543083797669166 ], [ 73.220357161957494, 18.543082432399384 ], [ 73.220356215682827, 18.543081129966591 ], [ 73.220355180863393, 18.543079896715422 ], [ 73.220354062534156, 18.54307873865309 ], [ 73.220352866148446, 18.543077661423009 ], [ 73.220351597534304, 18.543076670272054 ], [ 73.220350262869019, 18.543075770029642 ], [ 73.220348868660935, 18.543074965082265 ], [ 73.220347421694882, 18.543074259350757 ], [ 73.220345929024901, 18.543073656273005 ], [ 73.220344397923313, 18.543073158787589 ], [ 73.220342835847973, 18.543072769318311 ], [ 73.220341250413171, 18.543072489762832 ], [ 73.22033964933506, 18.54307232148312 ], [ 73.220338040418724, 18.543072265298338 ], [ 73.220336431506425, 18.54307232148312 ], [ 73.220334830428314, 18.543072489762832 ], [ 73.220333244989874, 18.543072769318311 ], [ 73.220331682918172, 18.543073158787589 ], [ 73.220330151816583, 18.543073656273005 ], [ 73.220328659146602, 18.543074259350757 ], [ 73.22032721218055, 18.543074965082265 ], [ 73.220325817968828, 18.543075770029642 ], [ 73.220324483307181, 18.543076670272054 ], [ 73.220323214693039, 18.543077661423009 ], [ 73.220322018307328, 18.54307873865309 ], [ 73.220320899978091, 18.543079896715422 ], [ 73.220319865158658, 18.543081129966591 ], [ 73.22031891888399, 18.543082432399384 ], [ 73.220318065770684, 18.543083797669166 ], [ 73.220317309969673, 18.543085219122073 ], [ 73.220316655166229, 18.543086689835032 ], [ 73.220316104550861, 18.543088202642135 ], [ 73.22031566080112, 18.543089750172836 ], [ 73.220315326085242, 18.543091324888334 ], [ 73.220315102033041, 18.54309291911704 ], [ 73.220314989732273, 18.543094525090961 ], [ 73.220314989732273, 18.543096134986623 ], [ 73.220315102033041, 18.543097740960544 ], [ 73.220315326085242, 18.543099335188341 ], [ 73.22031566080112, 18.543100909903838 ], [ 73.220316104550861, 18.543102457435449 ], [ 73.220316655166229, 18.543103970242552 ], [ 73.220317309969673, 18.543105440955511 ], [ 73.220318065770684, 18.543106862408418 ], [ 73.22031891888399, 18.543108227677291 ], [ 73.220319865158658, 18.543109530110083 ], [ 73.220320899978091, 18.543110763362161 ], [ 73.220322018307328, 18.543111921424494 ], [ 73.220323214693039, 18.543112998654575 ], [ 73.220324483307181, 18.54311398980553 ], [ 73.220325817968828, 18.543114890047033 ], [ 73.22032721218055, 18.543115694995318 ], [ 73.220328659146602, 18.543116400726827 ], [ 73.220330151816583, 18.543117003804579 ], [ 73.220331682918172, 18.543117501289995 ], [ 73.220333244989874, 18.543117890758364 ], [ 73.220334830428314, 18.543118170313843 ], [ 73.220336431506425, 18.543118338594464 ], [ 73.220338040418724, 18.543118394778123 ] ] ] ] } },
{ "type": "Feature", "properties": { "fid": 21 }, "geometry": { "type": "MultiPolygon", "coordinates": [ [ [ [ 73.220346577061946, 18.543179852731157 ], [ 73.220349138347942, 18.543179763290023 ], [ 73.220351687152274, 18.543179495398814 ], [ 73.220354211058279, 18.543179050366231 ], [ 73.220356697776865, 18.543178430358235 ], [ 73.220359135186285, 18.543177638395715 ], [ 73.220361511412179, 18.543176678337655 ], [ 73.220363814882134, 18.543175554860678 ], [ 73.220366034369349, 18.543174273439032 ], [ 73.220368159061749, 18.543172840314579 ], [ 73.220370178612924, 18.54317126247042 ], [ 73.220372083174865, 18.543169547593603 ], [ 73.220373863478002, 18.543167704037838 ], [ 73.220375510842118, 18.543165740785295 ], [ 73.22037701724183, 18.543163667401128 ], [ 73.220378375342975, 18.543161493986187 ], [ 73.22037957852443, 18.543159231129717 ], [ 73.220380620929049, 18.543156889854796 ], [ 73.220381497470939, 18.543154481569214 ], [ 73.220382203890026, 18.543152018005454 ], [ 73.220382736733868, 18.543149511166117 ], [ 73.220383093412224, 18.543146973263898 ], [ 73.22038327218614, 18.543144416662468 ], [ 73.22038327218614, 18.543141853819176 ], [ 73.220383093412224, 18.543139297217746 ], [ 73.220382736733868, 18.543136759315527 ], [ 73.220382203890026, 18.54313425247619 ], [ 73.220381497470939, 18.543131788912429 ], [ 73.220380620929049, 18.543129380626848 ], [ 73.22037957852443, 18.543127039351926 ], [ 73.220378375342975, 18.543124776495457 ], [ 73.22037701724183, 18.543122603080516 ], [ 73.220375510842118, 18.543120529696349 ], [ 73.220373863478002, 18.543118566443805 ], [ 73.220372083174865, 18.54311672288804 ], [ 73.220370178612924, 18.543115008011224 ], [ 73.220368159061749, 18.543113430167065 ], [ 73.220366034369349, 18.543111997042612 ], [ 73.220363814882134, 18.543110715620966 ], [ 73.220361511412179, 18.543109592143988 ], [ 73.220359135186285, 18.543108632085929 ], [ 73.220356697776865, 18.543107840123408 ], [ 73.220354211058279, 18.543107220115413 ], [ 73.220351687152274, 18.54310677508192 ], [ 73.220349138347942, 18.54310650719162 ], [ 73.220346577061946, 18.543106417749428 ], [ 73.220344015782743, 18.54310650719162 ], [ 73.220341466978411, 18.54310677508192 ], [ 73.220338943068768, 18.543107220115413 ], [ 73.220336456350182, 18.543107840123408 ], [ 73.220334018940761, 18.543108632085929 ], [ 73.220331642714868, 18.543109592143988 ], [ 73.220329339244913, 18.543110715620966 ], [ 73.220327119757698, 18.543111997042612 ], [ 73.220324995065297, 18.543113430167065 ], [ 73.220322975514122, 18.543115008011224 ], [ 73.220321070952181, 18.54311672288804 ], [ 73.220319290649044, 18.543118566443805 ], [ 73.220317643284929, 18.543120529696349 ], [ 73.220316136885216, 18.543122603080516 ], [ 73.220314778784072, 18.543124776495457 ], [ 73.220313575602617, 18.543127039351926 ], [ 73.220312533197998, 18.543129380626848 ], [ 73.220311656656108, 18.543131788912429 ], [ 73.220310950240659, 18.54313425247619 ], [ 73.220310417393179, 18.543136759315527 ], [ 73.220310060714823, 18.543139297217746 ], [ 73.220309881940906, 18.543141853819176 ], [ 73.220309881940906, 18.543144416662468 ], [ 73.220310060714823, 18.543146973263898 ], [ 73.220310417393179, 18.543149511166117 ], [ 73.220310950240659, 18.543152018005454 ], [ 73.220311656656108, 18.543154481569214 ], [ 73.220312533197998, 18.543156889854796 ], [ 73.220313575602617, 18.543159231129717 ], [ 73.220314778784072, 18.543161493986187 ], [ 73.220316136885216, 18.543163667401128 ], [ 73.220317643284929, 18.543165740785295 ], [ 73.220319290649044, 18.543167704037838 ], [ 73.220321070952181, 18.543169547593603 ], [ 73.220322975514122, 18.54317126247042 ], [ 73.220324995065297, 18.543172840314579 ], [ 73.220327119757698, 18.543174273439032 ], [ 73.220329339244913, 18.543175554860678 ], [ 73.220331642714868, 18.543176678337655 ], [ 73.220334018940761, 18.543177638395715 ], [ 73.220336456350182, 18.543178430358235 ], [ 73.220338943068768, 18.543179050366231 ], [ 73.220341466978411, 18.543179495398814 ], [ 73.220344015782743, 18.543179763290023 ], [ 73.220346577061946, 18.543179852731157 ] ] ] ] } },
{ "type": "Feature", "properties": { "fid": 22 }, "geometry": { "type": "MultiPolygon", "coordinates": [ [ [ [ 73.220374747984593, 18.543255897255285 ], [ 73.22037767133223, 18.543255795169895 ], [ 73.220380580434707, 18.543255489410964 ], [ 73.22038346112457, 18.543254981467722 ], [ 73.220386299362858, 18.543254273815361 ], [ 73.220389081325251, 18.543253369901318 ], [ 73.220391793456642, 18.543252274129369 ], [ 73.22039442254389, 18.543250991838246 ], [ 73.220396955777673, 18.543249529274359 ], [ 73.220399380817966, 18.543247893563599 ], [ 73.220401685848614, 18.543246092674959 ], [ 73.220403859642815, 18.543244135383244 ], [ 73.220405891606774, 18.543242031221777 ], [ 73.220407771845188, 18.543239790444201 ], [ 73.220409491190352, 18.543237423966271 ], [ 73.220411041271277, 18.543234943317653 ], [ 73.220412414535517, 18.543232360583712 ], [ 73.22041360429283, 18.543229688346397 ], [ 73.220414604744278, 18.543226939625125 ], [ 73.220415411018607, 18.543224127812206 ], [ 73.2204160191868, 18.543221266605538 ], [ 73.220416426287542, 18.543218369945858 ], [ 73.220416630334498, 18.543215451943066 ], [ 73.220416630334498, 18.543212526815292 ], [ 73.220416426287542, 18.54320960881341 ], [ 73.2204160191868, 18.54320671215282 ], [ 73.220415411018607, 18.543203850947062 ], [ 73.220414604744278, 18.543201039133233 ], [ 73.22041360429283, 18.543198290412871 ], [ 73.220412414535517, 18.543195618175556 ], [ 73.220411041271277, 18.543193035441615 ], [ 73.220409491190352, 18.543190554792087 ], [ 73.220407771845188, 18.543188188314158 ], [ 73.220405891606774, 18.543185947536582 ], [ 73.220403859642815, 18.543183843376024 ], [ 73.220401685848614, 18.543181886083399 ], [ 73.220399380817966, 18.543180085195669 ], [ 73.220396955777673, 18.543178449484909 ], [ 73.22039442254389, 18.543176986921022 ], [ 73.220391793456642, 18.543175704629899 ], [ 73.220389081325251, 18.54317460885704 ], [ 73.220386299362858, 18.543173704942998 ], [ 73.22038346112457, 18.543172997290636 ], [ 73.220380580434707, 18.543172489347395 ], [ 73.22037767133223, 18.543172183588464 ], [ 73.220374747984593, 18.543172081502846 ], [ 73.220371824641902, 18.543172183588464 ], [ 73.220368915535786, 18.543172489347395 ], [ 73.220366034849562, 18.543172997290636 ], [ 73.220363196611274, 18.543173704942998 ], [ 73.22036041464888, 18.54317460885704 ], [ 73.220357702517489, 18.543175704629899 ], [ 73.220355073430241, 18.543176986921022 ], [ 73.220352540196458, 18.543178449484909 ], [ 73.220350115156165, 18.543180085195669 ], [ 73.220347810121879, 18.543181886083399 ], [ 73.220345636327679, 18.543183843376024 ], [ 73.22034360436372, 18.543185947536582 ], [ 73.220341724128943, 18.543188188314158 ], [ 73.220340004783779, 18.543190554792087 ], [ 73.220338454699217, 18.543193035441615 ], [ 73.220337081434977, 18.543195618175556 ], [ 73.220335891681302, 18.543198290412871 ], [ 73.220334891226216, 18.543201039133233 ], [ 73.220334084951887, 18.543203850947062 ], [ 73.220333476783694, 18.54320671215282 ], [ 73.220333069686589, 18.54320960881341 ], [ 73.220332865639634, 18.543212526815292 ], [ 73.220332865639634, 18.543215451943066 ], [ 73.220333069686589, 18.543218369945858 ], [ 73.220333476783694, 18.543221266605538 ], [ 73.220334084951887, 18.543224127812206 ], [ 73.220334891226216, 18.543226939625125 ], [ 73.220335891681302, 18.543229688346397 ], [ 73.220337081434977, 18.543232360583712 ], [ 73.220338454699217, 18.543234943317653 ], [ 73.220340004783779, 18.543237423966271 ], [ 73.220341724128943, 18.543239790444201 ], [ 73.22034360436372, 18.543242031221777 ], [ 73.220345636327679, 18.543244135383244 ], [ 73.220347810121879, 18.543246092674959 ], [ 73.220350115156165, 18.543247893563599 ], [ 73.220352540196458, 18.543249529274359 ], [ 73.220355073430241, 18.543250991838246 ], [ 73.220357702517489, 18.543252274129369 ], [ 73.22036041464888, 18.543253369901318 ], [ 73.220363196611274, 18.543254273815361 ], [ 73.220366034849562, 18.543254981467722 ], [ 73.220368915535786, 18.543255489410964 ], [ 73.220371824641902, 18.543255795169895 ], [ 73.220374747984593, 18.543255897255285 ] ] ] ] } },
{ "type": "Feature", "properties": { "fid": 23 }, "geometry": { "type": "MultiPolygon", "coordinates": [ [ [ [ 73.220660725532667, 18.543469854167498 ], [ 73.220663210217012, 18.543469767400889 ], [ 73.220665682794774, 18.543469507522328 ], [ 73.220668131223633, 18.543469075798381 ], [ 73.220670543571018, 18.543468474333164 ], [ 73.220672908086257, 18.543467706055704 ], [ 73.220675213247873, 18.543466774709483 ], [ 73.220677447825423, 18.543465684831968 ], [ 73.220679600937714, 18.5434644417337 ], [ 73.220681662089177, 18.543463051469185 ], [ 73.22068362123899, 18.543461520813249 ], [ 73.220685468844735, 18.543459857221929 ], [ 73.220687195902414, 18.543458068800643 ], [ 73.22068879400102, 18.543456164263258 ], [ 73.220690255348003, 18.543454152886621 ], [ 73.220691572834752, 18.543452044471447 ], [ 73.220692740032959, 18.54344984928866 ], [ 73.2206937512601, 18.543447578033916 ], [ 73.220694601590353, 18.54344524177213 ], [ 73.220695286880058, 18.543442851885626 ], [ 73.220695803789553, 18.543440420017756 ], [ 73.220696149801356, 18.543437958015598 ], [ 73.220696323231081, 18.543435477873569 ], [ 73.220696323231081, 18.543432991676124 ], [ 73.220696149801356, 18.543430511534094 ], [ 73.220695803789553, 18.543428049531936 ], [ 73.220695286880058, 18.543425617663157 ], [ 73.220694601590353, 18.543423227776653 ], [ 73.2206937512601, 18.543420891514867 ], [ 73.220692740032959, 18.543418620260123 ], [ 73.220691572834752, 18.543416425078245 ], [ 73.220690255348003, 18.543414316663071 ], [ 73.22068879400102, 18.543412305286434 ], [ 73.220687195902414, 18.54341040074814 ], [ 73.220685468844735, 18.543408612327763 ], [ 73.22068362123899, 18.543406948736443 ], [ 73.220681662089177, 18.543405418080507 ], [ 73.220679600937714, 18.543404027815992 ], [ 73.220677447825423, 18.543402784716815 ], [ 73.220675213247873, 18.54340169484021 ], [ 73.220672908086257, 18.543400763493988 ], [ 73.220670543571018, 18.543399995216529 ], [ 73.220668131223633, 18.543399393750402 ], [ 73.220665682794774, 18.543398962026455 ], [ 73.220663210217012, 18.543398702148803 ], [ 73.220660725532667, 18.543398615381079 ], [ 73.220658240850739, 18.543398702148803 ], [ 73.220655768272977, 18.543398962026455 ], [ 73.220653319847756, 18.543399393750402 ], [ 73.220650907500371, 18.543399995216529 ], [ 73.220648542985131, 18.543400763493988 ], [ 73.220646237823516, 18.54340169484021 ], [ 73.220644003242327, 18.543402784716815 ], [ 73.220641850130036, 18.543404027815992 ], [ 73.220639788982211, 18.543405418080507 ], [ 73.22063782982876, 18.543406948736443 ], [ 73.220635982223016, 18.543408612327763 ], [ 73.220634255165336, 18.54341040074814 ], [ 73.220632657070368, 18.543412305286434 ], [ 73.220631195719747, 18.543414316663071 ], [ 73.220629878236636, 18.543416425078245 ], [ 73.220628711034792, 18.543418620260123 ], [ 73.22062769980765, 18.543420891514867 ], [ 73.220626849477398, 18.543423227776653 ], [ 73.220626164187692, 18.543425617664067 ], [ 73.220625647278197, 18.543428049531936 ], [ 73.220625301266395, 18.543430511534094 ], [ 73.220625127840307, 18.543432991676124 ], [ 73.220625127840307, 18.543435477873569 ], [ 73.220625301266395, 18.543437958015598 ], [ 73.220625647278197, 18.543440420017756 ], [ 73.220626164187692, 18.543442851885626 ], [ 73.220626849477398, 18.54344524177213 ], [ 73.22062769980765, 18.543447578033916 ], [ 73.220628711034792, 18.54344984928866 ], [ 73.220629878236636, 18.543452044471447 ], [ 73.220631195719747, 18.543454152886621 ], [ 73.220632657070368, 18.543456164263258 ], [ 73.220634255165336, 18.543458068800643 ], [ 73.220635982223016, 18.543459857221929 ], [ 73.22063782982876, 18.543461520813249 ], [ 73.220639788982211, 18.543463051469185 ], [ 73.220641850130036, 18.5434644417337 ], [ 73.220644003242327, 18.543465684831968 ], [ 73.220646237823516, 18.543466774709483 ], [ 73.220648542985131, 18.543467706055704 ], [ 73.220650907500371, 18.543468474333164 ], [ 73.220653319847756, 18.543469075798381 ], [ 73.220655768272977, 18.543469507522328 ], [ 73.220658240850739, 18.543469767400889 ], [ 73.220660725532667, 18.543469854167498 ] ] ] ] } },
{ "type": "Feature", "properties": { "fid": 24 }, "geometry": { "type": "MultiPolygon", "coordinates": [ [ [ [ 73.220682067140729, 18.54352405356806 ], [ 73.220684283278374, 18.543523976179127 ], [ 73.220686488617488, 18.543523744388491 ], [ 73.220688672416131, 18.543523359326169 ], [ 73.220690824036851, 18.543522822867086 ], [ 73.220692932991355, 18.543522137625583 ], [ 73.22069498900963, 18.543521306940416 ], [ 73.220696982076319, 18.543520334857927 ], [ 73.220698902474382, 18.543519226113855 ], [ 73.220700740857851, 18.543517986110597 ], [ 73.220702488259107, 18.543516620889019 ], [ 73.220704136176195, 18.543515137100254 ], [ 73.22070567657282, 18.543513541973876 ], [ 73.22070710194383, 18.543511843279699 ], [ 73.220708405351601, 18.543510049295033 ], [ 73.220709580440584, 18.543508168758304 ], [ 73.220710621488237, 18.543506210833581 ], [ 73.220711523419581, 18.543504185057824 ], [ 73.220712281847213, 18.54350210130087 ], [ 73.22071289306767, 18.543499969715409 ], [ 73.220713354108725, 18.543497800685142 ], [ 73.220713662725743, 18.543495604778396 ], [ 73.220713817408964, 18.54349339269265 ], [ 73.220713817408964, 18.543491175204505 ], [ 73.220713662725743, 18.543488963118758 ], [ 73.220713354108725, 18.543486767212013 ], [ 73.22071289306767, 18.543484598181745 ], [ 73.220712281847213, 18.543482466596284 ], [ 73.220711523419581, 18.543480382839331 ], [ 73.220710621488237, 18.543478357063574 ], [ 73.220709580440584, 18.54347639913885 ], [ 73.220708405351601, 18.543474518603031 ], [ 73.22070710194383, 18.543472724617455 ], [ 73.22070567657282, 18.543471025923278 ], [ 73.220704136176195, 18.5434694307969 ], [ 73.220702488259107, 18.543467947008136 ], [ 73.220700740857851, 18.543466581786557 ], [ 73.220698902474382, 18.5434653417833 ], [ 73.220696982076319, 18.543464233039227 ], [ 73.22069498900963, 18.543463260956738 ], [ 73.220692932991355, 18.543462430271571 ], [ 73.220690824036851, 18.543461745030068 ], [ 73.220688672416131, 18.543461208570985 ], [ 73.220686488617488, 18.543460823507754 ], [ 73.220684283278374, 18.543460591718027 ], [ 73.220682067140729, 18.543460514328384 ], [ 73.220679851005102, 18.543460591718027 ], [ 73.220677645665987, 18.543460823507754 ], [ 73.220675461867344, 18.543461208570985 ], [ 73.220673310250262, 18.543461745030068 ], [ 73.22067120129212, 18.543462430271571 ], [ 73.220669145273845, 18.543463260956738 ], [ 73.220667152210794, 18.543464233039227 ], [ 73.220665231809093, 18.5434653417833 ], [ 73.220663393429263, 18.543466581786557 ], [ 73.220661646024368, 18.543467947008136 ], [ 73.220659998110918, 18.5434694307969 ], [ 73.220658457714293, 18.543471025923278 ], [ 73.220657032339645, 18.543472724617455 ], [ 73.220655728935512, 18.543474518603031 ], [ 73.220654553842891, 18.54347639913885 ], [ 73.220653512798876, 18.543478357063574 ], [ 73.220652610863894, 18.543480382839331 ], [ 73.2206518524399, 18.543482466596284 ], [ 73.220651241215805, 18.543484598181745 ], [ 73.220650780174751, 18.543486767212013 ], [ 73.22065047156137, 18.543488963118758 ], [ 73.220650316874512, 18.543491175204505 ], [ 73.220650316874512, 18.54349339269265 ], [ 73.22065047156137, 18.543495604778396 ], [ 73.220650780174751, 18.543497800685142 ], [ 73.220651241215805, 18.543499969715409 ], [ 73.2206518524399, 18.54350210130087 ], [ 73.220652610863894, 18.543504185057824 ], [ 73.220653512798876, 18.543506210833581 ], [ 73.220654553842891, 18.543508168758304 ], [ 73.220655728935512, 18.543510049295033 ], [ 73.220657032339645, 18.543511843279699 ], [ 73.220658457714293, 18.543513541973876 ], [ 73.220659998110918, 18.543515137100254 ], [ 73.220661646024368, 18.543516620889019 ], [ 73.220663393429263, 18.543517986110597 ], [ 73.220665231809093, 18.543519226113855 ], [ 73.220667152210794, 18.543520334857927 ], [ 73.220669145273845, 18.543521306940416 ], [ 73.22067120129212, 18.543522137625583 ], [ 73.220673310250262, 18.543522822867086 ], [ 73.220675461867344, 18.543523359326169 ], [ 73.220677645665987, 18.543523744388491 ], [ 73.220679851005102, 18.543523976179127 ], [ 73.220682067140729, 18.54352405356806 ] ] ] ] } },
{ "type": "Feature", "properties": { "fid": 25 }, "geometry": { "type": "MultiPolygon", "coordinates": [ [ [ [ 73.220615481323577, 18.543513303917347 ], [ 73.220617840834151, 18.543513221521604 ], [ 73.220620188847519, 18.543512974735219 ], [ 73.220622513923431, 18.543512564761837 ], [ 73.220624804740496, 18.543511993597345 ], [ 73.220627050133757, 18.543511264024342 ], [ 73.220629239163813, 18.543510379598953 ], [ 73.220631361171385, 18.543509344627633 ], [ 73.220633405810062, 18.543508164154442 ], [ 73.220635363122696, 18.543506843930114 ], [ 73.220637223574144, 18.543505390386596 ], [ 73.220638978098563, 18.543503810605213 ], [ 73.220640618150341, 18.543502112282109 ], [ 73.220642135736838, 18.543500303692777 ], [ 73.220643523465682, 18.543498393646583 ], [ 73.220644774577508, 18.543496391450386 ], [ 73.220645882975063, 18.543494306858516 ], [ 73.220646843259587, 18.543492150027301 ], [ 73.220647650749001, 18.543489931463224 ], [ 73.220648301514288, 18.543487661975629 ], [ 73.22064879238313, 18.543485352622152 ], [ 73.220649120961738, 18.543483014652335 ], [ 73.220649285653039, 18.543480659456687 ], [ 73.220649285653039, 18.543478298510305 ], [ 73.220649120961738, 18.543475943315567 ], [ 73.22064879238313, 18.543473605345749 ], [ 73.220648301514288, 18.543471295991363 ], [ 73.220647650749001, 18.543469026504678 ], [ 73.220646843259587, 18.5434668079406 ], [ 73.220645882975063, 18.543464651108476 ], [ 73.220644774577508, 18.543462566516606 ], [ 73.220643523465682, 18.543460564320409 ], [ 73.220642135736838, 18.543458654275124 ], [ 73.220640618150341, 18.543456845684883 ], [ 73.220638978098563, 18.543455147362689 ], [ 73.220637223574144, 18.543453567581306 ], [ 73.220635363122696, 18.543452114037787 ], [ 73.220633405810062, 18.54345079381255 ], [ 73.220631361171385, 18.543449613339359 ], [ 73.220629239163813, 18.543448578368949 ], [ 73.220627050133757, 18.54344769394265 ], [ 73.220624804740496, 18.543446964370556 ], [ 73.220622513923431, 18.543446393206064 ], [ 73.220620188847519, 18.543445983231774 ], [ 73.220617840834151, 18.543445736445388 ], [ 73.220615481323577, 18.543445654049417 ], [ 73.220613121819028, 18.543445736445388 ], [ 73.22061077380566, 18.543445983231774 ], [ 73.220608448726111, 18.543446393206064 ], [ 73.220606157909046, 18.543446964370556 ], [ 73.220603912515784, 18.54344769394265 ], [ 73.220601723485728, 18.543448578368949 ], [ 73.220599601481794, 18.543449613339359 ], [ 73.220597556839479, 18.54345079381255 ], [ 73.220595599526845, 18.543452114037787 ], [ 73.220593739075397, 18.543453567581306 ], [ 73.220591984550978, 18.543455147362689 ], [ 73.2205903444992, 18.543456845684883 ], [ 73.220588826912703, 18.543458654275124 ], [ 73.220587439183859, 18.543460564320409 ], [ 73.220586188072033, 18.543462566516606 ], [ 73.220585079674478, 18.543464651108476 ], [ 73.220584119393592, 18.5434668079406 ], [ 73.22058331190054, 18.543469026504678 ], [ 73.220582661135253, 18.543471295991363 ], [ 73.220582170266411, 18.543473605345749 ], [ 73.220581841687803, 18.543475943315567 ], [ 73.220581676996503, 18.543478298510305 ], [ 73.220581676996503, 18.543480659456687 ], [ 73.220581841687803, 18.543483014652335 ], [ 73.220582170266411, 18.543485352622152 ], [ 73.220582661135253, 18.543487661975629 ], [ 73.22058331190054, 18.543489931463224 ], [ 73.220584119393592, 18.543492150027301 ], [ 73.220585079674478, 18.543494306858516 ], [ 73.220586188072033, 18.543496391450386 ], [ 73.220587439183859, 18.543498393646583 ], [ 73.220588826912703, 18.543500303692777 ], [ 73.2205903444992, 18.543502112282109 ], [ 73.220591984550978, 18.543503810605213 ], [ 73.220593739075397, 18.543505390386596 ], [ 73.220595599526845, 18.543506843930114 ], [ 73.220597556839479, 18.543508164154442 ], [ 73.220599601481794, 18.543509344627633 ], [ 73.220601723485728, 18.543510379598953 ], [ 73.220603912515784, 18.543511264024342 ], [ 73.220606157909046, 18.543511993597345 ], [ 73.220608448726111, 18.543512564761837 ], [ 73.22061077380566, 18.543512974735219 ], [ 73.220613121819028, 18.543513221521604 ], [ 73.220615481323577, 18.543513303917347 ] ] ] ] } },
{ "type": "Feature", "properties": { "fid": 26 }, "geometry": { "type": "MultiPolygon", "coordinates": [ [ [ [ 73.220892922228401, 18.543407977374603 ], [ 73.220894901718552, 18.543407908249716 ], [ 73.220896871560385, 18.543407701210068 ], [ 73.220898822164585, 18.543407357266911 ], [ 73.220900744025116, 18.543406878093261 ], [ 73.22090262777418, 18.543406266025155 ], [ 73.220904464244072, 18.543405524044825 ], [ 73.220906244478087, 18.543404655764785 ], [ 73.22090795981056, 18.543403665417824 ], [ 73.220909601881417, 18.5434025578279 ], [ 73.22091116269074, 18.543401338391046 ], [ 73.220912634631517, 18.543400013048082 ], [ 73.22091401053693, 18.54339858825551 ], [ 73.220915283702183, 18.543397070955503 ], [ 73.220916447928161, 18.543395468540435 ], [ 73.220917497535979, 18.543393788816498 ], [ 73.220918427414276, 18.543392039967326 ], [ 73.220919233033769, 18.543390230513065 ], [ 73.220919910472716, 18.543388369269447 ], [ 73.220920456424196, 18.543386465304135 ], [ 73.220920868236121, 18.543384527893064 ], [ 73.220921143893051, 18.543382566474971 ], [ 73.220921282059848, 18.543380590605008 ], [ 73.220921282059848, 18.543378609911084 ], [ 73.220921143893051, 18.54337663404203 ], [ 73.220920868236121, 18.543374672623028 ], [ 73.220920456424196, 18.543372735211957 ], [ 73.220919910472716, 18.543370831246644 ], [ 73.220919233033769, 18.543368970003026 ], [ 73.220918427414276, 18.543367160548765 ], [ 73.220917497535979, 18.543365411699593 ], [ 73.220916447928161, 18.543363731975656 ], [ 73.220915283702183, 18.543362129560588 ], [ 73.22091401053693, 18.543360612260582 ], [ 73.220912634631517, 18.54335918746801 ], [ 73.22091116269074, 18.543357862125045 ], [ 73.220909601881417, 18.543356642688192 ], [ 73.22090795981056, 18.543355535098268 ], [ 73.220906244478087, 18.543354544751306 ], [ 73.220904464244072, 18.543353676472176 ], [ 73.22090262777418, 18.543352934490937 ], [ 73.220900744025116, 18.54335232242283 ], [ 73.220898822164585, 18.54335184324918 ], [ 73.220896871560385, 18.543351499305114 ], [ 73.220894901718552, 18.543351292266376 ], [ 73.220892922228401, 18.543351223140686 ], [ 73.220890942742685, 18.543351292266376 ], [ 73.220888972897214, 18.543351499305114 ], [ 73.220887022296651, 18.54335184324918 ], [ 73.220885100436121, 18.54335232242283 ], [ 73.220883216683418, 18.543352934490937 ], [ 73.220881380217165, 18.543353676472176 ], [ 73.220879599979511, 18.543354544751306 ], [ 73.220877884650676, 18.543355535098268 ], [ 73.22087624257982, 18.543356642688192 ], [ 73.220874681770496, 18.543357862125045 ], [ 73.220873209829719, 18.54335918746801 ], [ 73.220871833924306, 18.543360612260582 ], [ 73.220870560755415, 18.543362129560588 ], [ 73.220869396533075, 18.543363731975656 ], [ 73.220868346925258, 18.543365411699593 ], [ 73.220867417046961, 18.543367160548765 ], [ 73.22086661142383, 18.543368970003026 ], [ 73.22086593398852, 18.543370831246644 ], [ 73.220865388033403, 18.543372735211957 ], [ 73.220864976225116, 18.543374672623028 ], [ 73.220864700564547, 18.54337663404203 ], [ 73.220864562401388, 18.543378609911084 ], [ 73.220864562401388, 18.543380590605008 ], [ 73.220864700564547, 18.543382566474971 ], [ 73.220864976225116, 18.543384527893064 ], [ 73.220865388033403, 18.543386465304135 ], [ 73.22086593398852, 18.543388369269447 ], [ 73.22086661142383, 18.543390230513065 ], [ 73.220867417046961, 18.543392039967326 ], [ 73.220868346925258, 18.543393788816498 ], [ 73.220869396533075, 18.543395468540435 ], [ 73.220870560755415, 18.543397070955503 ], [ 73.220871833924306, 18.54339858825551 ], [ 73.220873209829719, 18.543400013048082 ], [ 73.220874681770496, 18.543401338391046 ], [ 73.22087624257982, 18.5434025578279 ], [ 73.220877884650676, 18.543403665417824 ], [ 73.220879599979511, 18.543404655764785 ], [ 73.220881380217165, 18.543405524044825 ], [ 73.220883216683418, 18.543406266025155 ], [ 73.220885100436121, 18.543406878093261 ], [ 73.220887022296651, 18.543407357266911 ], [ 73.220888972897214, 18.543407701210068 ], [ 73.220890942742685, 18.543407908249716 ], [ 73.220892922228401, 18.543407977374603 ] ] ] ] } },
{ "type": "Feature", "properties": { "fid": 27 }, "geometry": { "type": "MultiPolygon", "coordinates": [ [ [ [ 73.220814385110742, 18.543633694167877 ], [ 73.220817103556314, 18.543633599238088 ], [ 73.220819808757355, 18.543633314909581 ], [ 73.220822487535756, 18.543632842569419 ], [ 73.220825126838449, 18.543632184517261 ], [ 73.220827713808816, 18.543631343959529 ], [ 73.2208302358449, 18.543630324991678 ], [ 73.22083268065397, 18.543629132577731 ], [ 73.220835036332559, 18.54362777252663 ], [ 73.220837291399206, 18.543626251464953 ], [ 73.220839434867216, 18.543624576803264 ], [ 73.220841456295588, 18.54362275669973 ], [ 73.220843345839953, 18.543620800021923 ], [ 73.220845094285309, 18.543618716303168 ], [ 73.220846693122425, 18.543616515695245 ], [ 73.220848134555112, 18.543614208917457 ], [ 73.220849411565709, 18.543611807210251 ], [ 73.220850517933272, 18.543609322274275 ], [ 73.220851448262678, 18.543606766214904 ], [ 73.220852198024645, 18.543604151484939 ], [ 73.220852763563002, 18.543601490823672 ], [ 73.220853142127439, 18.543598797194132 ], [ 73.220853331873499, 18.543596083718509 ], [ 73.220853331873499, 18.543593363616306 ], [ 73.220853142127439, 18.543590650140683 ], [ 73.220852763563002, 18.543587956511143 ], [ 73.220852198024645, 18.543585295849876 ], [ 73.220851448262678, 18.543582681119911 ], [ 73.220850517933272, 18.54358012506054 ], [ 73.220849411565709, 18.543577640124564 ], [ 73.220848134555112, 18.543575238417358 ], [ 73.220846693122425, 18.54357293163957 ], [ 73.220845094285309, 18.543570731031647 ], [ 73.220843345839953, 18.543568647312892 ], [ 73.220841456295588, 18.543566690635085 ], [ 73.220839434867216, 18.543564870531551 ], [ 73.220837291399206, 18.543563195869861 ], [ 73.220835036332559, 18.543561674808185 ], [ 73.22083268065397, 18.543560314757084 ], [ 73.2208302358449, 18.543559122343137 ], [ 73.220827713808816, 18.543558103375286 ], [ 73.220825126838449, 18.543557262817554 ], [ 73.220822487535756, 18.543556604765396 ], [ 73.220819808757355, 18.543556132424325 ], [ 73.220817103556314, 18.543555848096727 ], [ 73.220814385110742, 18.543555753165979 ], [ 73.220811666666108, 18.543555848096727 ], [ 73.220808961468705, 18.543556132424325 ], [ 73.220806282690305, 18.543556604765396 ], [ 73.220803643387612, 18.543557262817554 ], [ 73.220801056417244, 18.543558103375286 ], [ 73.22079853438116, 18.543559122343137 ], [ 73.22079608957209, 18.543560314757084 ], [ 73.220793733893501, 18.543561674808185 ], [ 73.220791478826854, 18.543563195869861 ], [ 73.220789335358845, 18.543564870531551 ], [ 73.220787313926834, 18.543566690635085 ], [ 73.220785424386108, 18.543568647312892 ], [ 73.220783675937113, 18.543570731031647 ], [ 73.220782077103635, 18.54357293163957 ], [ 73.22078063566731, 18.543575238417358 ], [ 73.220779358656713, 18.543577640124564 ], [ 73.220778252292789, 18.54358012506054 ], [ 73.220777321963382, 18.543582681119911 ], [ 73.220776572201416, 18.543585295849876 ], [ 73.22077600665942, 18.543587956511143 ], [ 73.220775628094984, 18.543590650140683 ], [ 73.220775438352561, 18.543593363616306 ], [ 73.220775438352561, 18.543596083718509 ], [ 73.220775628094984, 18.543598797194132 ], [ 73.22077600665942, 18.543601490823672 ], [ 73.220776572201416, 18.543604151484939 ], [ 73.220777321963382, 18.543606766214904 ], [ 73.220778252292789, 18.543609322274275 ], [ 73.220779358656713, 18.543611807210251 ], [ 73.22078063566731, 18.543614208917457 ], [ 73.220782077103635, 18.543616515695245 ], [ 73.220783675937113, 18.543618716303168 ], [ 73.220785424386108, 18.543620800021923 ], [ 73.220787313926834, 18.54362275669973 ], [ 73.220789335358845, 18.543624576803264 ], [ 73.220791478826854, 18.543626251464953 ], [ 73.220793733893501, 18.54362777252663 ], [ 73.22079608957209, 18.543629132577731 ], [ 73.22079853438116, 18.543630324991678 ], [ 73.220801056417244, 18.543631343959529 ], [ 73.220803643387612, 18.543632184517261 ], [ 73.220806282690305, 18.543632842569419 ], [ 73.220808961468705, 18.543633314909581 ], [ 73.220811666666108, 18.543633599238088 ], [ 73.220814385110742, 18.543633694167877 ] ] ] ] } },
{ "type": "Feature", "properties": { "fid": 28 }, "geometry": { "type": "MultiPolygon", "coordinates": [ [ [ [ 73.220889507571115, 18.543076214685147 ], [ 73.220891925717282, 18.543076130242294 ], [ 73.220894332076554, 18.543075877323187 ], [ 73.220896714934483, 18.543075457161645 ], [ 73.22089906267864, 18.54307487180267 ], [ 73.220901363871221, 18.5430741240998 ], [ 73.220903607299974, 18.543073217695561 ], [ 73.220905782040049, 18.54307215700555 ], [ 73.220907877490376, 18.543070947196608 ], [ 73.220909883442786, 18.543069594164077 ], [ 73.220911790125669, 18.543068104499067 ], [ 73.220913588251264, 18.543066485459345 ], [ 73.220915269059319, 18.543064744932959 ], [ 73.220916824360742, 18.543062891399128 ], [ 73.220918246573987, 18.543060933887315 ], [ 73.22091952877598, 18.5430588819363 ], [ 73.220920664716672, 18.543056745541431 ], [ 73.220921648862699, 18.543054535110965 ], [ 73.220922476422842, 18.543052261415138 ], [ 73.220923143358945, 18.543049935529776 ], [ 73.220923646425931, 18.543047568787184 ], [ 73.220923983171801, 18.543045172717935 ], [ 73.220924151955828, 18.543042758994485 ], [ 73.220924151955828, 18.543040339377509 ], [ 73.220923983171801, 18.543037925654968 ], [ 73.220923646425931, 18.543035529585719 ], [ 73.220923143358945, 18.543033162843127 ], [ 73.220922476422842, 18.543030836957765 ], [ 73.220921648862699, 18.543028563261938 ], [ 73.220920664716672, 18.543026352831472 ], [ 73.22091952877598, 18.543024216436603 ], [ 73.220918246573987, 18.543022164485588 ], [ 73.220916824360742, 18.543020206973775 ], [ 73.220915269059319, 18.543018353439944 ], [ 73.220913588251264, 18.543016612912648 ], [ 73.220911790125669, 18.543014993872927 ], [ 73.220909883442786, 18.543013504208826 ], [ 73.220907877490376, 18.543012151175386 ], [ 73.220905782040049, 18.543010941367353 ], [ 73.220903607299974, 18.543009880677342 ], [ 73.220901363871221, 18.543008974272194 ], [ 73.22089906267864, 18.543008226570233 ], [ 73.220896714934483, 18.543007641211258 ], [ 73.220894332076554, 18.543007221048807 ], [ 73.220891925717282, 18.543006968130609 ], [ 73.220889507571115, 18.543006883686697 ], [ 73.220887089428274, 18.543006968130609 ], [ 73.220884683069002, 18.543007221048807 ], [ 73.220882300211073, 18.543007641211258 ], [ 73.220879952466916, 18.543008226570233 ], [ 73.220877651274336, 18.543008974272194 ], [ 73.220875407845583, 18.543009880677342 ], [ 73.220873233105507, 18.543010941367353 ], [ 73.220871137658818, 18.543012151175386 ], [ 73.22086913170277, 18.543013504208826 ], [ 73.220867225019887, 18.543014993872927 ], [ 73.220865426894292, 18.543016612912648 ], [ 73.220863746086238, 18.543018353439944 ], [ 73.220862190788452, 18.543020206973775 ], [ 73.220860768571569, 18.543022164485588 ], [ 73.220859486369577, 18.543024216436603 ], [ 73.220858350428884, 18.543026352831472 ], [ 73.220857366282857, 18.543028563261938 ], [ 73.220856538722714, 18.543030836957765 ], [ 73.220855871786611, 18.543033162843127 ], [ 73.220855368719626, 18.543035529585719 ], [ 73.220855031973755, 18.543037925654968 ], [ 73.220854863189729, 18.543040339377509 ], [ 73.220854863189729, 18.543042758994485 ], [ 73.220855031973755, 18.543045172717935 ], [ 73.220855368719626, 18.543047568787184 ], [ 73.220855871786611, 18.543049935529776 ], [ 73.220856538722714, 18.543052261415138 ], [ 73.220857366282857, 18.543054535110965 ], [ 73.220858350428884, 18.543056745541431 ], [ 73.220859486369577, 18.5430588819363 ], [ 73.220860768571569, 18.543060933887315 ], [ 73.220862190788452, 18.543062891399128 ], [ 73.220863746086238, 18.543064744932959 ], [ 73.220865426894292, 18.543066485459345 ], [ 73.220867225019887, 18.543068104499067 ], [ 73.22086913170277, 18.543069594164077 ], [ 73.220871137658818, 18.543070947196608 ], [ 73.220873233105507, 18.54307215700555 ], [ 73.220875407845583, 18.543073217695561 ], [ 73.220877651274336, 18.5430741240998 ], [ 73.220879952466916, 18.54307487180267 ], [ 73.220882300211073, 18.543075457161645 ], [ 73.220884683069002, 18.543075877323187 ], [ 73.220887089428274, 18.543076130242294 ], [ 73.220889507571115, 18.543076214685147 ] ] ] ] } },
{ "type": "Feature", "properties": { "fid": 29 }, "geometry": { "type": "MultiPolygon", "coordinates": [ [ [ [ 73.220497675647067, 18.542711735680761 ], [ 73.220499619888855, 18.542711667786531 ], [ 73.220501554660572, 18.542711464433975 ], [ 73.220503470532989, 18.542711126614446 ], [ 73.220505358171053, 18.542710655972765 ], [ 73.220507208381591, 18.542710054803134 ], [ 73.220509012149691, 18.542709326033215 ], [ 73.220510760689635, 18.542708473214585 ], [ 73.220512445477638, 18.542707500500907 ], [ 73.220514058310059, 18.542706412632466 ], [ 73.220515591325224, 18.542705214907979 ], [ 73.22051703706164, 18.542703913163674 ], [ 73.220518388465266, 18.542702513740547 ], [ 73.220519638962273, 18.542701023457081 ], [ 73.220520782455409, 18.542699449573771 ], [ 73.22052181337493, 18.542697799758567 ], [ 73.220522726696785, 18.542696082048675 ], [ 73.220523517975366, 18.542694304812354 ], [ 73.220524183350776, 18.542692476708904 ], [ 73.220524719581576, 18.542690606645007 ], [ 73.220525124059336, 18.54268870373016 ], [ 73.220525394808632, 18.542686777236664 ], [ 73.220525530516156, 18.542684836548684 ], [ 73.220525530516156, 18.542682891122237 ], [ 73.220525394808632, 18.542680950434256 ], [ 73.220525124059336, 18.542679023939851 ], [ 73.220524719581576, 18.542677121025005 ], [ 73.220524183350776, 18.542675250961107 ], [ 73.220523517975366, 18.542673422857657 ], [ 73.220522726696785, 18.542671645622246 ], [ 73.22052181337493, 18.542669927912353 ], [ 73.220520782455409, 18.54266827809715 ], [ 73.220519638962273, 18.54266670421384 ], [ 73.220518388465266, 18.542665213930373 ], [ 73.22051703706164, 18.542663814507247 ], [ 73.220515591325224, 18.542662512762032 ], [ 73.220514058310059, 18.542661315038455 ], [ 73.220512445477638, 18.542660227169105 ], [ 73.220510760689635, 18.542659254456336 ], [ 73.220509012149691, 18.542658401636796 ], [ 73.220507208381591, 18.542657672866877 ], [ 73.220505358171053, 18.542657071697246 ], [ 73.220503470532989, 18.542656601055565 ], [ 73.220501554660572, 18.542656263236037 ], [ 73.220499619888855, 18.54265605988348 ], [ 73.220497675647067, 18.542655991988788 ], [ 73.220495731406103, 18.54265605988348 ], [ 73.220493796638024, 18.542656263236037 ], [ 73.220491880765607, 18.542656601055565 ], [ 73.220489993127543, 18.542657071697246 ], [ 73.220488142917006, 18.542657672866877 ], [ 73.220486339148906, 18.542658401636796 ], [ 73.220484590608962, 18.542659254456336 ], [ 73.220482905820958, 18.542660227169105 ], [ 73.220481292988538, 18.542661315038455 ], [ 73.220479759973372, 18.542662512762941 ], [ 73.220478314236956, 18.542663814507247 ], [ 73.220476962829693, 18.542665213930373 ], [ 73.220475712336324, 18.54266670421384 ], [ 73.220474568839549, 18.54266827809715 ], [ 73.220473537923667, 18.542669927912353 ], [ 73.220472624598173, 18.542671645622246 ], [ 73.220471833323231, 18.542673422857657 ], [ 73.220471167947821, 18.542675250961107 ], [ 73.220470631717021, 18.542677121025005 ], [ 73.220470227239261, 18.542679023939851 ], [ 73.220469956486326, 18.542680950434256 ], [ 73.220469820782441, 18.542682891122237 ], [ 73.220469820782441, 18.542684836548684 ], [ 73.220469956486326, 18.542686777236664 ], [ 73.220470227239261, 18.54268870373016 ], [ 73.220470631717021, 18.542690606645007 ], [ 73.220471167947821, 18.542692476708904 ], [ 73.220471833323231, 18.542694304812354 ], [ 73.220472624598173, 18.542696082048675 ], [ 73.220473537923667, 18.542697799758567 ], [ 73.220474568839549, 18.542699449573771 ], [ 73.220475712336324, 18.542701023457081 ], [ 73.220476962829693, 18.542702513740547 ], [ 73.220478314236956, 18.542703913163674 ], [ 73.220479759973372, 18.542705214907979 ], [ 73.220481292988538, 18.542706412632466 ], [ 73.220482905820958, 18.542707500500907 ], [ 73.220484590608962, 18.542708473214585 ], [ 73.220486339148906, 18.542709326033215 ], [ 73.220488142917006, 18.542710054803134 ], [ 73.220489993127543, 18.542710655972765 ], [ 73.220491880765607, 18.542711126614446 ], [ 73.220493796638024, 18.542711464433975 ], [ 73.220495731406103, 18.542711667786531 ], [ 73.220497675647067, 18.542711735680761 ] ] ] ] } },
{ "type": "Feature", "properties": { "fid": 30 }, "geometry": { "type": "MultiPolygon", "coordinates": [ [ [ [ 73.220562554135583, 18.54272210959202 ], [ 73.220565102928944, 18.542722020586549 ], [ 73.220567639302303, 18.542721754002283 ], [ 73.220570150904663, 18.542721311139754 ], [ 73.220572625494228, 18.542720694155829 ], [ 73.220575051014734, 18.542719906055932 ], [ 73.220577415653665, 18.542718950679042 ], [ 73.220579707889542, 18.54271783268177 ], [ 73.220581916553769, 18.542716557508353 ], [ 73.220584030885206, 18.542715131373367 ], [ 73.220586040588373, 18.542713561224442 ], [ 73.220587935862554, 18.54271185470952 ], [ 73.220589707481835, 18.542710020145019 ], [ 73.220591346813293, 18.542708066466727 ], [ 73.220592845867927, 18.542706003193413 ], [ 73.220594197344312, 18.542703840377722 ], [ 73.220595394657707, 18.542701588557062 ], [ 73.22059643198007, 18.542699258699937 ], [ 73.220597304247335, 18.54269686215957 ], [ 73.220598007217617, 18.542694410609325 ], [ 73.220598537463943, 18.542691915995416 ], [ 73.220598892403345, 18.542689390469601 ], [ 73.220599070307784, 18.542686846336434 ], [ 73.220599070307784, 18.542684295991418 ], [ 73.220598892403345, 18.54268175185825 ], [ 73.220598537463943, 18.542679226332435 ], [ 73.220598007217617, 18.542676731717616 ], [ 73.220597304247335, 18.542674280168281 ], [ 73.22059643198007, 18.542671883627914 ], [ 73.220595394657707, 18.542669553770789 ], [ 73.220594197344312, 18.542667301949219 ], [ 73.220592845867927, 18.542665139133529 ], [ 73.220591346813293, 18.542663075861125 ], [ 73.220589707481835, 18.542661122182832 ], [ 73.220587935862554, 18.542659287618331 ], [ 73.220586040588373, 18.542657581103409 ], [ 73.220584030885206, 18.542656010954484 ], [ 73.220581916553769, 18.542654584819498 ], [ 73.220579707889542, 18.542653309646081 ], [ 73.220577415653665, 18.542652191648809 ], [ 73.220575051014734, 18.542651236271919 ], [ 73.220572625494228, 18.542650448172022 ], [ 73.220570150904663, 18.542649831187187 ], [ 73.220567639302303, 18.542649388324659 ], [ 73.220565102928944, 18.542649121741302 ], [ 73.220562554135583, 18.542649032734815 ], [ 73.220560005345746, 18.542649121741302 ], [ 73.220557468972387, 18.542649388324659 ], [ 73.220554957370027, 18.542649831187187 ], [ 73.220552482780462, 18.542650448172022 ], [ 73.220550057259956, 18.542651236271919 ], [ 73.220547692621025, 18.542652191648809 ], [ 73.220545400385149, 18.542653309646081 ], [ 73.220543191720921, 18.542654584819498 ], [ 73.220541077389484, 18.542656010954484 ], [ 73.220539067689955, 18.542657581103409 ], [ 73.220537172412136, 18.542659287618331 ], [ 73.220535400792855, 18.542661122182832 ], [ 73.220533761461397, 18.542663075861125 ], [ 73.220532262406763, 18.542665139133529 ], [ 73.220530910930378, 18.542667301949219 ], [ 73.220529713616983, 18.542669553770789 ], [ 73.22052867629462, 18.542671883627914 ], [ 73.220527804027356, 18.542674280168281 ], [ 73.220527101057073, 18.542676731717616 ], [ 73.220526570810748, 18.542679226332435 ], [ 73.220526215871345, 18.54268175185825 ], [ 73.220526037966906, 18.542684295991418 ], [ 73.220526037966906, 18.542686846336434 ], [ 73.220526215871345, 18.542689390469601 ], [ 73.220526570810748, 18.542691915995416 ], [ 73.220527101057073, 18.542694410610235 ], [ 73.220527804027356, 18.54269686215957 ], [ 73.22052867629462, 18.542699258699937 ], [ 73.220529713616983, 18.542701588557062 ], [ 73.220530910930378, 18.542703840377722 ], [ 73.220532262406763, 18.542706003193413 ], [ 73.220533761461397, 18.542708066466727 ], [ 73.220535400792855, 18.542710020145019 ], [ 73.220537172412136, 18.54271185470952 ], [ 73.220539067689955, 18.542713561224442 ], [ 73.220541077389484, 18.542715131373367 ], [ 73.220543191720921, 18.542716557508353 ], [ 73.220545400385149, 18.54271783268177 ], [ 73.220547692621025, 18.542718950679042 ], [ 73.220550057259956, 18.542719906055932 ], [ 73.220552482780462, 18.542720694155829 ], [ 73.220554957370027, 18.542721311139754 ], [ 73.220557468972387, 18.542721754002283 ], [ 73.220560005345746, 18.542722020586549 ], [ 73.220562554135583, 18.54272210959202 ] ] ] ] } },
{ "type": "Feature", "properties": { "fid": 31 }, "geometry": { "type": "MultiPolygon", "coordinates": [ [ [ [ 73.220622310638149, 18.542703901218811 ], [ 73.220623648823675, 18.542703854487627 ], [ 73.220624980494904, 18.542703714524123 ], [ 73.220626299160344, 18.542703482008616 ], [ 73.220627598388077, 18.542703158074797 ], [ 73.220628871858921, 18.542702744299273 ], [ 73.220630113362844, 18.542702242699303 ], [ 73.220631316849889, 18.542701655718698 ], [ 73.22063247646291, 18.542700986216911 ], [ 73.220633586548487, 18.542700237454479 ], [ 73.220634641696947, 18.542699413081206 ], [ 73.220635636771462, 18.542698517112509 ], [ 73.220636566922607, 18.542697553913964 ], [ 73.220637427617461, 18.542696528176744 ], [ 73.220638214665072, 18.542695444899433 ], [ 73.220638924227373, 18.542694309359828 ], [ 73.220639552851921, 18.542693127088565 ], [ 73.220640097475538, 18.542691903847295 ], [ 73.2206405554425, 18.542690645595027 ], [ 73.220640924522726, 18.542689358461754 ], [ 73.220641202915417, 18.542688048717533 ], [ 73.220641389270881, 18.542686722744289 ], [ 73.220641482672349, 18.542685387002162 ], [ 73.220641482672349, 18.542684047997678 ], [ 73.220641389270881, 18.542682712254642 ], [ 73.220641202915417, 18.542681386281398 ], [ 73.220640924522726, 18.542680076538087 ], [ 73.2206405554425, 18.542678789403904 ], [ 73.220640097475538, 18.542677531151636 ], [ 73.220639552851921, 18.542676307910366 ], [ 73.220638924227373, 18.542675125640013 ], [ 73.220638214665072, 18.542673990099498 ], [ 73.220637427617461, 18.542672906822187 ], [ 73.220636566922607, 18.542671881085877 ], [ 73.220635636771462, 18.542670917886422 ], [ 73.220634641696947, 18.542670021917726 ], [ 73.220633586548487, 18.542669197544452 ], [ 73.22063247646291, 18.54266844878293 ], [ 73.220631316849889, 18.542667779280233 ], [ 73.220630113362844, 18.542667192299628 ], [ 73.220628871858921, 18.542666690699658 ], [ 73.220627598388077, 18.542666276925043 ], [ 73.220626299160344, 18.542665952990316 ], [ 73.220624980494904, 18.542665720473906 ], [ 73.220623648823675, 18.542665580509492 ], [ 73.220622310638149, 18.542665533779381 ], [ 73.220620972449964, 18.542665580510398 ], [ 73.220619640782374, 18.542665720473902 ], [ 73.220618322120558, 18.542665952990316 ], [ 73.220617022889186, 18.542666276925043 ], [ 73.220615749421981, 18.542666690699658 ], [ 73.220614507918057, 18.542667192299628 ], [ 73.220613304427374, 18.542667779280233 ], [ 73.220612144817991, 18.54266844878293 ], [ 73.220611034732414, 18.542669197544452 ], [ 73.220609979583955, 18.542670021917726 ], [ 73.22060898450944, 18.542670917886422 ], [ 73.220608054358294, 18.542671881085877 ], [ 73.22060719366344, 18.542672906822187 ], [ 73.220606406615829, 18.542673990099498 ], [ 73.220605697049891, 18.542675125640013 ], [ 73.220605068425343, 18.542676307910366 ], [ 73.220604523805363, 18.542677531151636 ], [ 73.220604065838401, 18.542678789403904 ], [ 73.220603696758175, 18.542680076538087 ], [ 73.220603418365485, 18.542681386281398 ], [ 73.220603232010021, 18.542682712254642 ], [ 73.220603138604915, 18.542684047997678 ], [ 73.220603138604915, 18.542685387002162 ], [ 73.220603232010021, 18.542686722744289 ], [ 73.220603418365485, 18.542688048717533 ], [ 73.220603696758175, 18.542689358461754 ], [ 73.220604065838401, 18.542690645595027 ], [ 73.220604523805363, 18.542691903847295 ], [ 73.220605068425343, 18.542693127088565 ], [ 73.220605697049891, 18.542694309359828 ], [ 73.220606406615829, 18.542695444899433 ], [ 73.22060719366344, 18.542696528176744 ], [ 73.220608054358294, 18.542697553913964 ], [ 73.22060898450944, 18.542698517112509 ], [ 73.220609979583955, 18.542699413081206 ], [ 73.220611034732414, 18.542700237454479 ], [ 73.220612144817991, 18.542700986216911 ], [ 73.220613304427374, 18.542701655718698 ], [ 73.220614507918057, 18.542702242699303 ], [ 73.220615749421981, 18.542702744299273 ], [ 73.220617022889186, 18.542703158074797 ], [ 73.220618322120558, 18.542703482008616 ], [ 73.220619640782374, 18.542703714524119 ], [ 73.220620972449964, 18.542703854488533 ], [ 73.220622310638149, 18.542703901218811 ] ] ] ] } },
{ "type": "Feature", "properties": { "fid": 32 }, "geometry": { "type": "MultiPolygon", "coordinates": [ [ [ [ 73.220484017017895, 18.542653191144343 ], [ 73.220486164900635, 18.54265311613926 ], [ 73.220488302318685, 18.542652891487247 ], [ 73.220490418858375, 18.542652518284736 ], [ 73.220492504209673, 18.542651998348443 ], [ 73.220494548211704, 18.542651334211765 ], [ 73.220496540903682, 18.542650529110684 ], [ 73.220498472583117, 18.542649586967851 ], [ 73.220500333838558, 18.542648512372576 ], [ 73.220502115596886, 18.542647310559911 ], [ 73.220503809185161, 18.542645987386091 ], [ 73.220505406345168, 18.542644549296707 ], [ 73.220506899295273, 18.542643003298505 ], [ 73.220508280770431, 18.54264135692301 ], [ 73.220509544033106, 18.542639618191057 ], [ 73.220510682931476, 18.542637795574588 ], [ 73.220511691913984, 18.542635897952092 ], [ 73.22051256606936, 18.542633934568581 ], [ 73.220513301133892, 18.542631914990121 ], [ 73.220513893531447, 18.542629849054716 ], [ 73.22051434037347, 18.542627746829563 ], [ 73.220514639484449, 18.542625618554663 ], [ 73.220514789401918, 18.542623474599164 ], [ 73.220514789401918, 18.542621325408614 ], [ 73.220514639484449, 18.542619181453116 ], [ 73.22051434037347, 18.542617053178216 ], [ 73.220513893531447, 18.542614950953062 ], [ 73.220513301133892, 18.542612885018567 ], [ 73.22051256606936, 18.542610865439197 ], [ 73.220511691913984, 18.542608902056596 ], [ 73.220510682931476, 18.54260700443319 ], [ 73.220509544033106, 18.542605181816722 ], [ 73.220508280770431, 18.542603443084769 ], [ 73.220506899295273, 18.542601796709274 ], [ 73.220505406345168, 18.542600250711072 ], [ 73.220503809185161, 18.542598812621687 ], [ 73.220502115596886, 18.542597489447868 ], [ 73.220500333838558, 18.542596287636112 ], [ 73.220498472583117, 18.542595213039927 ], [ 73.220496540903682, 18.542594270897094 ], [ 73.220494548211704, 18.542593465796013 ], [ 73.220492504209673, 18.542592801659335 ], [ 73.220490418858375, 18.542592281723952 ], [ 73.220488302318685, 18.542591908519622 ], [ 73.220486164900635, 18.542591683868519 ], [ 73.220484017017895, 18.542591608862754 ], [ 73.220481869138879, 18.542591683868519 ], [ 73.220479731720829, 18.542591908519622 ], [ 73.220477615181139, 18.542592281723952 ], [ 73.220475529829841, 18.542592801659335 ], [ 73.22047348582781, 18.542593465796013 ], [ 73.220471493135832, 18.542594270897094 ], [ 73.220469561456397, 18.542595213039927 ], [ 73.220467700200956, 18.542596287636112 ], [ 73.220465918442628, 18.542597489447868 ], [ 73.220464224854354, 18.542598812621687 ], [ 73.220462627694346, 18.542600250711072 ], [ 73.220461134744241, 18.542601796709274 ], [ 73.220459753269083, 18.542603443084769 ], [ 73.220458490006408, 18.542605181816722 ], [ 73.220457351108038, 18.54260700443319 ], [ 73.22045634212553, 18.542608902056596 ], [ 73.220455467970154, 18.542610865439197 ], [ 73.220454732905623, 18.542612885018567 ], [ 73.220454140508068, 18.542614950953062 ], [ 73.220453693666045, 18.542617053178216 ], [ 73.220453394555065, 18.542619181453116 ], [ 73.220453244637596, 18.542621325408614 ], [ 73.220453244637596, 18.542623474599164 ], [ 73.220453394555065, 18.542625618554663 ], [ 73.220453693666045, 18.542627746829563 ], [ 73.220454140508068, 18.542629849054716 ], [ 73.220454732905623, 18.542631914990121 ], [ 73.220455467970154, 18.542633934568581 ], [ 73.22045634212553, 18.542635897952092 ], [ 73.220457351108038, 18.542637795574588 ], [ 73.220458490006408, 18.542639618191057 ], [ 73.220459753269083, 18.54264135692301 ], [ 73.220461134744241, 18.542643003298505 ], [ 73.220462627694346, 18.542644549296707 ], [ 73.220464224854354, 18.542645987386091 ], [ 73.220465918442628, 18.542647310559911 ], [ 73.220467700200956, 18.542648512372576 ], [ 73.220469561456397, 18.542649586967851 ], [ 73.220471493135832, 18.542650529110684 ], [ 73.22047348582781, 18.542651334211765 ], [ 73.220475529829841, 18.542651998348443 ], [ 73.220477615181139, 18.542652518284736 ], [ 73.220479731720829, 18.542652891487247 ], [ 73.220481869138879, 18.54265311613926 ], [ 73.220484017017895, 18.542653191144343 ] ] ] ] } },
{ "type": "Feature", "properties": { "fid": 33 }, "geometry": { "type": "MultiPolygon", "coordinates": [ [ [ [ 73.220435358151519, 18.542603688807116 ], [ 73.220437923584527, 18.542603599220453 ], [ 73.220440476521603, 18.542603330896323 ], [ 73.220443004516696, 18.542602885142511 ], [ 73.220445495262524, 18.542602264129524 ], [ 73.22044793662279, 18.542601470883707 ], [ 73.220450316701303, 18.542600509270411 ], [ 73.220452623900186, 18.542599383972625 ], [ 73.220454846985362, 18.542598100474603 ], [ 73.220456975122929, 18.54259666502821 ], [ 73.220458997944647, 18.542595084627461 ], [ 73.220460905595232, 18.542593366972138 ], [ 73.220462688779648, 18.542591520428683 ], [ 73.22046433881404, 18.542589553995636 ], [ 73.220465847654836, 18.542587477251796 ], [ 73.220467207956958, 18.542585300315292 ], [ 73.220468413088369, 18.54258303379174 ], [ 73.220469457181011, 18.542580688724225 ], [ 73.22047033514535, 18.542578276536002 ], [ 73.220471042703124, 18.54257580898047 ], [ 73.220471576412805, 18.542573298079329 ], [ 73.2204719336696, 18.542570756064375 ], [ 73.220472112734555, 18.542568195321106 ], [ 73.220472112734555, 18.542565628325061 ], [ 73.2204719336696, 18.542563067581792 ], [ 73.220471576412805, 18.542560525566838 ], [ 73.220471042703124, 18.542558014664788 ], [ 73.22047033514535, 18.542555547110165 ], [ 73.220469457181011, 18.542553134921942 ], [ 73.220468413088369, 18.542550789854428 ], [ 73.220467207956958, 18.542548523330876 ], [ 73.220465847654836, 18.542546346394371 ], [ 73.22046433881404, 18.542544269650531 ], [ 73.220462688779648, 18.542542303217484 ], [ 73.220460905595232, 18.542540456674029 ], [ 73.220458997944647, 18.542538739018706 ], [ 73.220456975122929, 18.542537158617957 ], [ 73.220454846985362, 18.542535723171564 ], [ 73.220452623900186, 18.542534439672632 ], [ 73.220450316701303, 18.542533314375756 ], [ 73.22044793662279, 18.542532352762461 ], [ 73.220445495262524, 18.542531559516643 ], [ 73.220443004516696, 18.542530938503656 ], [ 73.220440476521603, 18.542530492748934 ], [ 73.220437923584527, 18.542530224425715 ], [ 73.220435358151519, 18.542530134838049 ], [ 73.220432792721098, 18.542530224425715 ], [ 73.22043023978766, 18.542530492748934 ], [ 73.220427711788929, 18.542530938503656 ], [ 73.220425221043101, 18.542531559516643 ], [ 73.220422779682835, 18.542532352762461 ], [ 73.220420399604322, 18.542533314375756 ], [ 73.220418092405438, 18.542534439672632 ], [ 73.220415869320263, 18.542535723171564 ], [ 73.220413741182696, 18.542537158617957 ], [ 73.220411718364616, 18.542538739018706 ], [ 73.220409810714031, 18.542540456674029 ], [ 73.220408027525977, 18.542542303217484 ], [ 73.220406377495223, 18.542544269650531 ], [ 73.220404868650789, 18.542546346394371 ], [ 73.220403508348667, 18.542548523330876 ], [ 73.220402303217256, 18.542550789854428 ], [ 73.220401259128252, 18.542553134921942 ], [ 73.220400381163913, 18.542555547110165 ], [ 73.2203996736025, 18.542558014664788 ], [ 73.22039913989282, 18.542560525566838 ], [ 73.220398782636025, 18.542563067581792 ], [ 73.22039860357107, 18.542565628325061 ], [ 73.22039860357107, 18.542568195321106 ], [ 73.220398782636025, 18.542570756064375 ], [ 73.22039913989282, 18.542573298079329 ], [ 73.2203996736025, 18.54257580898047 ], [ 73.220400381163913, 18.542578276536002 ], [ 73.220401259128252, 18.542580688724225 ], [ 73.220402303217256, 18.54258303379174 ], [ 73.220403508348667, 18.542585300315292 ], [ 73.220404868650789, 18.542587477251796 ], [ 73.220406377495223, 18.542589553995636 ], [ 73.220408027525977, 18.542591520428683 ], [ 73.220409810714031, 18.542593366972138 ], [ 73.220411718364616, 18.542595084627461 ], [ 73.220413741182696, 18.54259666502821 ], [ 73.220415869320263, 18.542598100474603 ], [ 73.220418092405438, 18.542599383972625 ], [ 73.220420399604322, 18.542600509270411 ], [ 73.220422779682835, 18.542601470883707 ], [ 73.220425221043101, 18.542602264129524 ], [ 73.220427711788929, 18.542602885142511 ], [ 73.22043023978766, 18.542603330896323 ], [ 73.220432792721098, 18.542603599220453 ], [ 73.220435358151519, 18.542603688807116 ] ] ] ] } },
{ "type": "Feature", "properties": { "fid": 34 }, "geometry": { "type": "MultiPolygon", "coordinates": [ [ [ [ 73.21949205907508, 18.5421644894389 ], [ 73.219493880915238, 18.542164425819461 ], [ 73.21949569387651, 18.542164235268952 ], [ 73.219497489128102, 18.542163918717957 ], [ 73.21949925792795, 18.542163477706705 ], [ 73.219500991654044, 18.542162914384786 ], [ 73.219502681862636, 18.542162231497056 ], [ 73.219504320317341, 18.542161432369536 ], [ 73.219505899032796, 18.542160520895774 ], [ 73.219507410325591, 18.542159501515922 ], [ 73.219508846828816, 18.542158379197641 ], [ 73.219510201543002, 18.542157159406994 ], [ 73.219511467868855, 18.542155848088438 ], [ 73.219512639636363, 18.542154451629354 ], [ 73.219513711137537, 18.542152976833673 ], [ 73.219514677155516, 18.542151430886403 ], [ 73.219515532975478, 18.542149821319068 ], [ 73.219516274435577, 18.542148155973333 ], [ 73.219516897919661, 18.5421464429628 ], [ 73.219517400393656, 18.542144690632991 ], [ 73.219517779405564, 18.542142907521335 ], [ 73.21951803311093, 18.542141102314414 ], [ 73.219518160272841, 18.542139283807042 ], [ 73.219518160272841, 18.542137460859518 ], [ 73.21951803311093, 18.542135642352147 ], [ 73.219517779405564, 18.542133837145226 ], [ 73.219517400393656, 18.542132054033569 ], [ 73.219516897919661, 18.542130301703761 ], [ 73.219516274435577, 18.542128588693227 ], [ 73.219515532975478, 18.542126923347492 ], [ 73.219514677155516, 18.542125313780158 ], [ 73.219513711137537, 18.542123767832887 ], [ 73.219512639636363, 18.542122293037206 ], [ 73.219511467868855, 18.542120896578123 ], [ 73.219510201543002, 18.542119585259567 ], [ 73.219508846828816, 18.542118365468919 ], [ 73.219507410325591, 18.542117243150638 ], [ 73.219505899032796, 18.542116223770787 ], [ 73.219504320317341, 18.542115312297025 ], [ 73.219502681862636, 18.542114513169505 ], [ 73.219500991654044, 18.542113830280865 ], [ 73.21949925792795, 18.542113266958946 ], [ 73.219497489128102, 18.542112825948603 ], [ 73.21949569387651, 18.542112509396699 ], [ 73.219493880915238, 18.542112318847099 ], [ 73.21949205907508, 18.542112255226431 ], [ 73.219490237239356, 18.542112318847099 ], [ 73.219488424278083, 18.542112509396699 ], [ 73.219486629026491, 18.542112825948603 ], [ 73.219484860226643, 18.542113266958946 ], [ 73.219483126500549, 18.542113830280865 ], [ 73.219481436291957, 18.542114513169505 ], [ 73.219479797837252, 18.542115312297025 ], [ 73.219478219118159, 18.542116223770787 ], [ 73.219476707825365, 18.542117243150638 ], [ 73.219475271325777, 18.542118365468919 ], [ 73.219473916611591, 18.542119585259567 ], [ 73.219472650285738, 18.542120896578123 ], [ 73.219471478514592, 18.542122293037206 ], [ 73.219470407013418, 18.542123767832887 ], [ 73.219469440999077, 18.542125313780158 ], [ 73.219468585179115, 18.542126923347492 ], [ 73.219467843719016, 18.542128588693227 ], [ 73.219467220231294, 18.542130301703761 ], [ 73.219466717760938, 18.542132054033569 ], [ 73.219466338749029, 18.542133837145226 ], [ 73.219466085043663, 18.542135642352147 ], [ 73.219465957881752, 18.542137460859518 ], [ 73.219465957881752, 18.542139283807042 ], [ 73.219466085043663, 18.542141102314414 ], [ 73.219466338749029, 18.542142907521335 ], [ 73.219466717760938, 18.542144690632991 ], [ 73.219467220231294, 18.5421464429628 ], [ 73.219467843719016, 18.542148155973333 ], [ 73.219468585179115, 18.542149821319068 ], [ 73.219469440999077, 18.542151430886403 ], [ 73.219470407013418, 18.542152976833673 ], [ 73.219471478514592, 18.542154451629354 ], [ 73.219472650285738, 18.542155848088438 ], [ 73.219473916611591, 18.542157159406994 ], [ 73.219475271325777, 18.542158379197641 ], [ 73.219476707825365, 18.542159501515922 ], [ 73.219478219118159, 18.542160520895774 ], [ 73.219479797837252, 18.542161432369536 ], [ 73.219481436291957, 18.542162231497056 ], [ 73.219483126500549, 18.542162914384786 ], [ 73.219484860226643, 18.542163477706705 ], [ 73.219486629026491, 18.542163918717957 ], [ 73.219488424278083, 18.542164235268952 ], [ 73.219490237239356, 18.542164425819461 ], [ 73.21949205907508, 18.5421644894389 ] ] ] ] } },
{ "type": "Feature", "properties": { "fid": 35 }, "geometry": { "type": "MultiPolygon", "coordinates": [ [ [ [ 73.219999135682656, 18.540762942154913 ], [ 73.22000501865476, 18.540762736717621 ], [ 73.220010872959378, 18.540762121404892 ], [ 73.220016670085883, 18.540761099215157 ], [ 73.22002238178537, 18.540759675129262 ], [ 73.220027980230938, 18.54075785608347 ], [ 73.220033438148661, 18.540755650940806 ], [ 73.22003872895219, 18.540753070445131 ], [ 73.22004382685553, 18.540750127167481 ], [ 73.220048707033115, 18.540746835447859 ], [ 73.220053345699839, 18.540743211323385 ], [ 73.220057720263853, 18.540739272449169 ], [ 73.220061809406602, 18.540735038015551 ], [ 73.220065593213789, 18.540730528653508 ], [ 73.220069053244501, 18.540725766330066 ], [ 73.220072172640343, 18.540720774248253 ], [ 73.220074936212754, 18.540715576728868 ], [ 73.220077330490298, 18.540710199093152 ], [ 73.220079343809616, 18.540704667540918 ], [ 73.220080966362715, 18.540699009021406 ], [ 73.220082190247908, 18.540693251102308 ], [ 73.220083009498907, 18.54068742183426 ], [ 73.220083420124851, 18.540681549618963 ], [ 73.220083420124851, 18.540675663063663 ], [ 73.220083009498907, 18.540669790848366 ], [ 73.220082190247908, 18.540663961581227 ], [ 73.220080966362715, 18.54065820366122 ], [ 73.220079343809616, 18.540652545141707 ], [ 73.220077330490298, 18.540647013589474 ], [ 73.220074936212754, 18.540641635953758 ], [ 73.220072172640343, 18.540636438434372 ], [ 73.220069053244501, 18.54063144635256 ], [ 73.220065593213789, 18.540626684030027 ], [ 73.220061809406602, 18.540622174667075 ], [ 73.220057720263853, 18.540617940234366 ], [ 73.220053345699839, 18.540614001360151 ], [ 73.220048707033115, 18.540610377234767 ], [ 73.22004382685553, 18.540607085515145 ], [ 73.22003872895219, 18.540604142237495 ], [ 73.220033438148661, 18.54060156174182 ], [ 73.220027980230938, 18.540599356600065 ], [ 73.22002238178537, 18.540597537554273 ], [ 73.220016670085883, 18.540596113467469 ], [ 73.220010872959378, 18.540595091277734 ], [ 73.22000501865476, 18.540594475965914 ], [ 73.219999135682656, 18.540594270527308 ], [ 73.219993252714616, 18.540594475965914 ], [ 73.21998739840636, 18.540595091277734 ], [ 73.219981601283493, 18.540596113467469 ], [ 73.219975889584006, 18.540597537554273 ], [ 73.219970291138438, 18.540599356600065 ], [ 73.219964833217077, 18.54060156174182 ], [ 73.219959542417186, 18.540604142237495 ], [ 73.219954444513846, 18.540607085515145 ], [ 73.219949564336261, 18.540610377234767 ], [ 73.219944925669537, 18.540614001360151 ], [ 73.219940551105523, 18.540617940234366 ], [ 73.219936461959136, 18.540622174667075 ], [ 73.219932678155587, 18.540626684030027 ], [ 73.219929218124875, 18.54063144635256 ], [ 73.219926098729033, 18.540636438434372 ], [ 73.219923335156622, 18.540641635953758 ], [ 73.219920940879078, 18.540647013589474 ], [ 73.21991892755976, 18.540652545141707 ], [ 73.219917305003023, 18.54065820366122 ], [ 73.219916081121468, 18.540663961581227 ], [ 73.219915261870469, 18.540669790848366 ], [ 73.219914851244525, 18.540675663063663 ], [ 73.219914851244525, 18.540681549618963 ], [ 73.219915261870469, 18.54068742183426 ], [ 73.219916081121468, 18.540693251102308 ], [ 73.219917305003023, 18.540699009021406 ], [ 73.21991892755976, 18.540704667540918 ], [ 73.219920940879078, 18.540710199093152 ], [ 73.219923335156622, 18.540715576728868 ], [ 73.219926098729033, 18.540720774248253 ], [ 73.219929218124875, 18.540725766330066 ], [ 73.219932678155587, 18.540730528653508 ], [ 73.219936461959136, 18.540735038015551 ], [ 73.219940551105523, 18.540739272449169 ], [ 73.219944925669537, 18.540743211323385 ], [ 73.219949564336261, 18.540746835447859 ], [ 73.219954444513846, 18.540750127167481 ], [ 73.219959542417186, 18.540753070445131 ], [ 73.219964833217077, 18.540755650940806 ], [ 73.219970291138438, 18.54075785608347 ], [ 73.219975889584006, 18.540759675129262 ], [ 73.219981601283493, 18.540761099215157 ], [ 73.21998739840636, 18.540762121404892 ], [ 73.219993252714616, 18.540762736717621 ], [ 73.219999135682656, 18.540762942154913 ] ] ] ] } },
{ "type": "Feature", "properties": { "fid": 36 }, "geometry": { "type": "MultiPolygon", "coordinates": [ [ [ [ 73.220090477765169, 18.540813707012699 ], [ 73.220093351566888, 18.540813606658045 ], [ 73.220096211363838, 18.540813306080505 ], [ 73.220099043228387, 18.540812806746541 ], [ 73.220101833361682, 18.540812111088595 ], [ 73.22010456817587, 18.540811222494082 ], [ 73.22010723433776, 18.540810145294014 ], [ 73.220109818867044, 18.540808884735267 ], [ 73.220112309165401, 18.540807446959658 ], [ 73.220114693107448, 18.540805838972116 ], [ 73.220116959069841, 18.540804068607027 ], [ 73.220119096022231, 18.540802144487312 ], [ 73.220121093549082, 18.540800075989861 ], [ 73.220122941915164, 18.540797873190055 ], [ 73.220124632123756, 18.540795546820842 ], [ 73.220126155931197, 18.540793108215436 ], [ 73.220127505919649, 18.540790569254565 ], [ 73.220128675511646, 18.540787942308267 ], [ 73.220129659010112, 18.540785240174042 ], [ 73.220130451620193, 18.540782476017736 ], [ 73.220131049478354, 18.540779663304416 ], [ 73.220131449677851, 18.540776815738351 ], [ 73.220131650265088, 18.540773947192061 ], [ 73.220131650265088, 18.540771071641753 ], [ 73.220131449677851, 18.540768203095464 ], [ 73.220131049478354, 18.540765355529398 ], [ 73.220130451620193, 18.540762542816079 ], [ 73.220129659010112, 18.540759778659773 ], [ 73.220128675511646, 18.540757076525548 ], [ 73.220127505919649, 18.54075444957925 ], [ 73.220126155931197, 18.540751910619289 ], [ 73.220124632123756, 18.540749472013882 ], [ 73.220122941915164, 18.540747145644669 ], [ 73.220121093549082, 18.540744942844864 ], [ 73.220119096022231, 18.540742874346503 ], [ 73.220116959069841, 18.540740950227697 ], [ 73.220114693107448, 18.540739179861699 ], [ 73.220112309165401, 18.540737571874157 ], [ 73.220109818867044, 18.540736134098548 ], [ 73.22010723433776, 18.540734873539801 ], [ 73.22010456817587, 18.540733796339733 ], [ 73.220101833361682, 18.540732907746129 ], [ 73.220099043228387, 18.540732212087274 ], [ 73.220096211363838, 18.5407317127524 ], [ 73.220093351566888, 18.54073141217577 ], [ 73.220090477765169, 18.540731311820483 ], [ 73.220087603967826, 18.54073141217577 ], [ 73.220084744170876, 18.5407317127524 ], [ 73.220081912306327, 18.540732212087274 ], [ 73.220079122169395, 18.540732907746129 ], [ 73.220076387358844, 18.540733796339733 ], [ 73.220073721193316, 18.54073487354071 ], [ 73.22007113666767, 18.540736134098548 ], [ 73.220068646365675, 18.540737571874157 ], [ 73.220066262427267, 18.540739179861699 ], [ 73.220063996461235, 18.540740950227697 ], [ 73.220061859512484, 18.540742874346503 ], [ 73.220059861985632, 18.540744942844864 ], [ 73.22005801361955, 18.540747145644669 ], [ 73.220056323410958, 18.540749472013882 ], [ 73.220054799603517, 18.540751910619289 ], [ 73.220053449611427, 18.54075444957925 ], [ 73.220052280019431, 18.540757076525548 ], [ 73.220051296524602, 18.540759778659773 ], [ 73.220050503914521, 18.540762542816079 ], [ 73.22004990605636, 18.540765355529398 ], [ 73.220049505856863, 18.540768203095464 ], [ 73.220049305265988, 18.540771071641753 ], [ 73.220049305265988, 18.540773947192061 ], [ 73.220049505856863, 18.540776815738351 ], [ 73.22004990605636, 18.540779663304416 ], [ 73.220050503914521, 18.540782476017736 ], [ 73.220051296524602, 18.540785240174042 ], [ 73.220052280019431, 18.540787942308267 ], [ 73.220053449611427, 18.540790569254565 ], [ 73.220054799603517, 18.540793108215436 ], [ 73.220056323410958, 18.540795546820842 ], [ 73.22005801361955, 18.540797873190055 ], [ 73.220059861985632, 18.540800075989861 ], [ 73.220061859512484, 18.540802144487312 ], [ 73.220063996461235, 18.540804068607027 ], [ 73.220066262427267, 18.540805838972116 ], [ 73.220068646365675, 18.540807446959658 ], [ 73.22007113666767, 18.540808884735267 ], [ 73.220073721193316, 18.540810145294014 ], [ 73.220076387358844, 18.540811222494082 ], [ 73.220079122169395, 18.540812111088595 ], [ 73.220081912306327, 18.540812806746541 ], [ 73.220084744170876, 18.540813306080505 ], [ 73.220087603967826, 18.540813606658045 ], [ 73.220090477765169, 18.540813707012699 ] ] ] ] } },
{ "type": "Feature", "properties": { "fid": 37 }, "geometry": { "type": "MultiPolygon", "coordinates": [ [ [ [ 73.220139136631559, 18.540752468365742 ], [ 73.220142621627005, 18.540752346667428 ], [ 73.22014608964308, 18.540751982164235 ], [ 73.220149523782297, 18.540751376633121 ], [ 73.220152907317228, 18.540750533023125 ], [ 73.220156223764192, 18.540749455444708 ], [ 73.220159456963287, 18.540748149147472 ], [ 73.220162591162065, 18.540746620495153 ], [ 73.220165611095567, 18.540744876936511 ], [ 73.22016850204453, 18.540742926965319 ], [ 73.220171249933614, 18.540740780081247 ], [ 73.220173841364144, 18.540738446744395 ], [ 73.220176263719608, 18.540735938321628 ], [ 73.220178505194767, 18.540733267034735 ], [ 73.220180554872044, 18.540730445897676 ], [ 73.22018240276519, 18.540727488654735 ], [ 73.220184039866567, 18.540724409712308 ], [ 73.220185458205364, 18.540721224072509 ], [ 73.220186650869422, 18.540717947253139 ], [ 73.220187612048889, 18.540714595221285 ], [ 73.220188337061686, 18.540711184305106 ], [ 73.220188822375334, 18.540707731124709 ], [ 73.220189065621511, 18.540704252501197 ], [ 73.220189065621511, 18.540700765383914 ], [ 73.220188822375334, 18.540697286760402 ], [ 73.220188337061686, 18.540693833580004 ], [ 73.220187612048889, 18.540690422663825 ], [ 73.220186650869422, 18.540687070631972 ], [ 73.220185458205364, 18.540683793813511 ], [ 73.220184039866567, 18.540680608172803 ], [ 73.22018240276519, 18.540677529230376 ], [ 73.220180554872044, 18.540674571987434 ], [ 73.220178505194767, 18.540671750850375 ], [ 73.220176263719608, 18.540669079563482 ], [ 73.220173841364144, 18.540666571140715 ], [ 73.220171249933614, 18.540664237803863 ], [ 73.22016850204453, 18.540662090919792 ], [ 73.220165611095567, 18.540660140948599 ], [ 73.220162591162065, 18.540658397389958 ], [ 73.220159456963287, 18.540656868738548 ], [ 73.220156223764192, 18.540655562441312 ], [ 73.220152907317228, 18.540654484861985 ], [ 73.220149523782297, 18.540653641251989 ], [ 73.22014608964308, 18.540653035719966 ], [ 73.220142621627005, 18.540652671217682 ], [ 73.220139136631559, 18.540652549518544 ], [ 73.220135651641598, 18.540652671217682 ], [ 73.220132183625523, 18.540653035719966 ], [ 73.220128749486307, 18.540653641251989 ], [ 73.220125365951375, 18.540654484861985 ], [ 73.220122049504411, 18.540655562441312 ], [ 73.220118816305316, 18.540656868738548 ], [ 73.2201156821029, 18.540658397389958 ], [ 73.220112662173037, 18.540660140948599 ], [ 73.220109771220436, 18.540662090919792 ], [ 73.22010702333499, 18.540664237803863 ], [ 73.220104431900822, 18.540666571140715 ], [ 73.220102009545357, 18.540669079563482 ], [ 73.220099768070199, 18.540671750850375 ], [ 73.220097718392921, 18.540674571987434 ], [ 73.220095870503414, 18.540677529230376 ], [ 73.220094233402037, 18.540680608172803 ], [ 73.220092815063239, 18.540683793813511 ], [ 73.220091622399181, 18.540687070631972 ], [ 73.220090661219714, 18.540690422663825 ], [ 73.220089936206918, 18.540693833580004 ], [ 73.220089450893269, 18.540697286760402 ], [ 73.220089207643454, 18.540700765383914 ], [ 73.220089207643454, 18.540704252501197 ], [ 73.220089450893269, 18.540707731124709 ], [ 73.220089936206918, 18.540711184305106 ], [ 73.220090661219714, 18.540714595221285 ], [ 73.220091622399181, 18.540717947253139 ], [ 73.220092815063239, 18.540721224072509 ], [ 73.220094233402037, 18.540724409712308 ], [ 73.220095870503414, 18.540727488654735 ], [ 73.220097718392921, 18.540730445897676 ], [ 73.220099768070199, 18.540733267034735 ], [ 73.220102009545357, 18.540735938321628 ], [ 73.220104431900822, 18.540738446744395 ], [ 73.22010702333499, 18.540740780081247 ], [ 73.220109771220436, 18.540742926965319 ], [ 73.220112662173037, 18.540744876936511 ], [ 73.2201156821029, 18.540746620495153 ], [ 73.220118816305316, 18.540748149147472 ], [ 73.220122049504411, 18.540749455444708 ], [ 73.220125365951375, 18.540750533023125 ], [ 73.220128749486307, 18.540751376633121 ], [ 73.220132183625523, 18.540751982164235 ], [ 73.220135651641598, 18.540752346667428 ], [ 73.220139136631559, 18.540752468365742 ] ] ] ] } }
]
}
