{
"type": "FeatureCollection",
"name": "ZAP SHAPE",
"crs": { "type": "name", "properties": { "name": "urn:ogc:def:crs:OGC:1.3:CRS84" } },
"features": [
{ "type": "Feature", "properties": { "fid": 1.0, "NAME": "zap", "TYPOLOGY": "house", "NO OF HOUS": null }, "geometry": { "type": "MultiPolygon", "coordinates": [ [ [ [ 73.228177338442748, 18.527218300929412 ], [ 73.228196794123221, 18.527291689273536 ], [ 73.228308701616299, 18.527265017416482 ], [ 73.228289245935812, 18.527191629060916 ], [ 73.228177338442748, 18.527218300929412 ] ] ] ] } },
{ "type": "Feature", "properties": { "fid": 2.0, "NAME": "zap", "TYPOLOGY": null, "NO OF HOUS": null }, "geometry": { "type": "MultiPolygon", "coordinates": [ [ [ [ 73.228695904312275, 18.52723685527026 ], [ 73.228711995443064, 18.527319679893232 ], [ 73.228828183550618, 18.527299386092658 ], [ 73.22881209241983, 18.527216561459852 ], [ 73.228695904312275, 18.52723685527026 ] ] ] ] } },
{ "type": "Feature", "properties": { "fid": 3.0, "NAME": "zap", "TYPOLOGY": null, "NO OF HOUS": null }, "geometry": { "type": "MultiPolygon", "coordinates": [ [ [ [ 73.228716695868357, 18.527478061518064 ], [ 73.228793135412801, 18.527466465071633 ], [ 73.228776876143925, 18.527370111454928 ], [ 73.228700436599482, 18.527381707907903 ], [ 73.228716695868357, 18.527478061518064 ] ] ] ] } },
{ "type": "Feature", "properties": { "fid": 4.0, "NAME": "zap", "TYPOLOGY": null, "NO OF HOUS": null }, "geometry": { "type": "MultiPolygon", "coordinates": [ [ [ [ 73.22881637303432, 18.527457187913921 ], [ 73.22885428704835, 18.527447330933292 ], [ 73.2288330869943, 18.527374020337941 ], [ 73.228795172980242, 18.527383877322794 ], [ 73.22881637303432, 18.527457187913921 ] ] ] ] } },
{ "type": "Feature", "properties": { "fid": 5.0, "NAME": "zap", "TYPOLOGY": null, "NO OF HOUS": null }, "geometry": { "type": "MultiPolygon", "coordinates": [ [ [ [ 73.228846337335739, 18.527428196792819 ], [ 73.228893424095105, 18.527416600343006 ], [ 73.228876989627466, 18.527356606947702 ], [ 73.228829902868085, 18.527368203401586 ], [ 73.228846337335739, 18.527428196792819 ] ] ] ] } },
{ "type": "Feature", "properties": { "fid": 6.0, "NAME": "zap", "TYPOLOGY": null, "NO OF HOUS": null }, "geometry": { "type": "MultiPolygon", "coordinates": [ [ [ [ 73.228893424095105, 18.527416600343006 ], [ 73.228961913926938, 18.527391088150637 ], [ 73.228940344695957, 18.527339030192074 ], [ 73.228871854864138, 18.52736454239221 ], [ 73.228893424095105, 18.527416600343006 ] ] ] ] } },
{ "type": "Feature", "properties": { "fid": 7.0, "NAME": "zap", "TYPOLOGY": null, "NO OF HOUS": null }, "geometry": { "type": "MultiPolygon", "coordinates": [ [ [ [ 73.228666551527212, 18.527309912967784 ], [ 73.228700184926765, 18.527309333144906 ], [ 73.228698978732695, 18.527246430743745 ], [ 73.228665345333127, 18.527247010566832 ], [ 73.228666551527212, 18.527309912967784 ] ] ] ] } },
{ "type": "Feature", "properties": { "fid": 8.0, "NAME": "zap", "TYPOLOGY": null, "NO OF HOUS": null }, "geometry": { "type": "MultiPolygon", "coordinates": [ [ [ [ 73.228700184926765, 18.527363836486405 ], [ 73.228760116649497, 18.527363836486405 ], [ 73.228760116649497, 18.527309333144906 ], [ 73.228700184926765, 18.527309333144906 ], [ 73.228700184926765, 18.527363836486405 ] ] ] ] } },
{ "type": "Feature", "properties": { "fid": 9.0, "NAME": "zap", "TYPOLOGY": null, "NO OF HOUS": null }, "geometry": { "type": "MultiPolygon", "coordinates": [ [ [ [ 73.228760113529603, 18.527352819854947 ], [ 73.228856121597417, 18.527335425172261 ], [ 73.228844618432433, 18.527278345296324 ], [ 73.228748610364605, 18.527295739984819 ], [ 73.228760113529603, 18.527352819854947 ] ] ] ] } },
{ "type": "Feature", "properties": { "fid": 10.0, "NAME": "zap", "TYPOLOGY": null, "NO OF HOUS": null }, "geometry": { "type": "MultiPolygon", "coordinates": [ [ [ [ 73.228937453272707, 18.527523867473796 ], [ 73.22901450433352, 18.527505313164095 ], [ 73.228994415872663, 18.527430314402118 ], [ 73.228917364811863, 18.527448868719961 ], [ 73.228937453272707, 18.527523867473796 ] ] ] ] } },
{ "type": "Feature", "properties": { "fid": 11.0, "NAME": "zap", "TYPOLOGY": null, "NO OF HOUS": null }, "geometry": { "type": "MultiPolygon", "coordinates": [ [ [ [ 73.228906265938576, 18.52749603600849 ], [ 73.228926445978317, 18.527491977252751 ], [ 73.228919138925477, 18.527459315085991 ], [ 73.22889895888575, 18.527463373842505 ], [ 73.228906265938576, 18.52749603600849 ] ] ] ] } },
{ "type": "Feature", "properties": { "fid": 12.0, "NAME": "zap", "TYPOLOGY": null, "NO OF HOUS": null }, "geometry": { "type": "MultiPolygon", "coordinates": [ [ [ [ 73.229054864412973, 18.527713469210639 ], [ 73.229137419120974, 18.527643310794293 ], [ 73.22905786332673, 18.527559150597988 ], [ 73.228975308618743, 18.527629309048869 ], [ 73.229054864412973, 18.527713469210639 ] ] ] ] } },
{ "type": "Feature", "properties": { "fid": 13.0, "NAME": "zap", "TYPOLOGY": null, "NO OF HOUS": null }, "geometry": { "type": "MultiPolygon", "coordinates": [ [ [ [ 73.229104397237762, 18.527802761698887 ], [ 73.229221196861673, 18.527768552244613 ], [ 73.229188599299974, 18.527668494041428 ], [ 73.229071799676049, 18.527702703515725 ], [ 73.229104397237762, 18.527802761698887 ] ] ] ] } },
{ "type": "Feature", "properties": { "fid": 14.0, "NAME": "zap", "TYPOLOGY": null, "NO OF HOUS": null }, "geometry": { "type": "MultiPolygon", "coordinates": [ [ [ [ 73.229021231013419, 18.527818416870588 ], [ 73.229104397237762, 18.527802761698887 ], [ 73.229091272487196, 18.527740078334752 ], [ 73.229008106262853, 18.527755733512198 ], [ 73.229021231013419, 18.527818416870588 ] ] ] ] } },
{ "type": "Feature", "properties": { "fid": 15.0, "NAME": "zap", "TYPOLOGY": null, "NO OF HOUS": null }, "geometry": { "type": "MultiPolygon", "coordinates": [ [ [ [ 73.228923388396524, 18.52774246028336 ], [ 73.229028569209689, 18.527714628853641 ], [ 73.229006958433487, 18.527641203861897 ], [ 73.228901777620337, 18.527669035303571 ], [ 73.228923388396524, 18.52774246028336 ] ] ] ] } },
{ "type": "Feature", "properties": { "fid": 16.0, "NAME": "zap", "TYPOLOGY": null, "NO OF HOUS": null }, "geometry": { "type": "MultiPolygon", "coordinates": [ [ [ [ 73.228886085898836, 18.527722746354442 ], [ 73.228908100487629, 18.527715788496636 ], [ 73.228890746993756, 18.527666426299859 ], [ 73.228868732404962, 18.52767338415968 ], [ 73.228886085898836, 18.527722746354442 ] ] ] ] } },
{ "type": "Feature", "properties": { "fid": 17.0, "NAME": "zap", "TYPOLOGY": null, "NO OF HOUS": null }, "geometry": { "type": "MultiPolygon", "coordinates": [ [ [ [ 73.228716084352001, 18.527707091173973 ], [ 73.228805977256258, 18.527693755278374 ], [ 73.228792427534927, 18.527611643348905 ], [ 73.228702534630671, 18.527624979250909 ], [ 73.228716084352001, 18.527707091173973 ] ] ] ] } },
{ "type": "Feature", "properties": { "fid": 18.0, "NAME": "zap", "TYPOLOGY": null, "NO OF HOUS": null }, "geometry": { "type": "MultiPolygon", "coordinates": [ [ [ [ 73.228686120050583, 18.527700133315534 ], [ 73.22871486131929, 18.527697234207761 ], [ 73.228706695149341, 18.527624450757177 ], [ 73.228677953880634, 18.527627349866187 ], [ 73.228686120050583, 18.527700133315534 ] ] ] ] } },
{ "type": "Feature", "properties": { "fid": 19.0, "NAME": "zap", "TYPOLOGY": null, "NO OF HOUS": null }, "geometry": { "type": "MultiPolygon", "coordinates": [ [ [ [ 73.228281907739557, 18.527585908432233 ], [ 73.228403599494314, 18.527578370746891 ], [ 73.228396634467217, 18.52747727817469 ], [ 73.22827494271246, 18.527484815864486 ], [ 73.228281907739557, 18.527585908432233 ] ] ] ] } },
{ "type": "Feature", "properties": { "fid": 20.0, "NAME": "zap", "TYPOLOGY": null, "NO OF HOUS": null }, "geometry": { "type": "MultiPolygon", "coordinates": [ [ [ [ 73.228468420227998, 18.527782467955642 ], [ 73.228576047106586, 18.527767392601969 ], [ 73.228561990493404, 18.527677171893647 ], [ 73.228454363614802, 18.527692247255274 ], [ 73.228468420227998, 18.527782467955642 ] ] ] ] } },
{ "type": "Feature", "properties": { "fid": 21.0, "NAME": "zap", "TYPOLOGY": null, "NO OF HOUS": null }, "geometry": { "type": "MultiPolygon", "coordinates": [ [ [ [ 73.228118021356266, 18.527413991141685 ], [ 73.228180396024527, 18.527415730609235 ], [ 73.22818235694568, 18.527352514738709 ], [ 73.228119982277406, 18.527350775270516 ], [ 73.228118021356266, 18.527413991141685 ] ] ] ] } },
{ "type": "Feature", "properties": { "fid": 22.0, "NAME": "zap", "TYPOLOGY": null, "NO OF HOUS": null }, "geometry": { "type": "MultiPolygon", "coordinates": [ [ [ [ 73.228149820206752, 18.527735502426353 ], [ 73.228278238641423, 18.527748258497315 ], [ 73.228286753112073, 18.527671196454673 ], [ 73.228158334677403, 18.527658440377959 ], [ 73.228149820206752, 18.527735502426353 ] ] ] ] } },
{ "type": "Feature", "properties": { "fid": 23.0, "NAME": "zap", "TYPOLOGY": null, "NO OF HOUS": null }, "geometry": { "type": "MultiPolygon", "coordinates": [ [ [ [ 73.228121690454373, 18.527494296541757 ], [ 73.228199964547883, 18.52748965796372 ], [ 73.228196122647191, 18.527431373473579 ], [ 73.22811784855368, 18.527436012053197 ], [ 73.228121690454373, 18.527494296541757 ] ] ] ] } },
{ "type": "Feature", "properties": { "fid": 24.0, "NAME": "zap", "TYPOLOGY": null, "NO OF HOUS": null }, "geometry": { "type": "MultiPolygon", "coordinates": [ [ [ [ 73.22803118603376, 18.527509371919518 ], [ 73.228097229800156, 18.527506472808508 ], [ 73.22809011104853, 18.527360677166168 ], [ 73.228024067282121, 18.527363576279647 ], [ 73.22803118603376, 18.527509371919518 ] ] ] ] } },
{ "type": "Feature", "properties": { "fid": 25.0, "NAME": "zap", "TYPOLOGY": null, "NO OF HOUS": null }, "geometry": { "type": "MultiPolygon", "coordinates": [ [ [ [ 73.227929062802389, 18.527501254408577 ], [ 73.228003667797765, 18.527497775475201 ], [ 73.227999488590214, 18.527417202497816 ], [ 73.227924883594824, 18.527420681432833 ], [ 73.227929062802389, 18.527501254408577 ] ] ] ] } },
{ "type": "Feature", "properties": { "fid": 26.0, "NAME": "zap", "TYPOLOGY": null, "NO OF HOUS": null }, "geometry": { "type": "MultiPolygon", "coordinates": [ [ [ [ 73.227540749916614, 18.52761431970476 ], [ 73.22765082286061, 18.52761547934843 ], [ 73.227651549300816, 18.527553488304957 ], [ 73.227541476356805, 18.527552328660864 ], [ 73.227540749916614, 18.52761431970476 ] ] ] ] } },
{ "type": "Feature", "properties": { "fid": 27.0, "NAME": "zap", "TYPOLOGY": null, "NO OF HOUS": null }, "geometry": { "type": "MultiPolygon", "coordinates": [ [ [ [ 73.227801255884074, 18.527525027118088 ], [ 73.227908882762662, 18.527526186762369 ], [ 73.227909762248032, 18.527452803316038 ], [ 73.227802135369458, 18.527451643671263 ], [ 73.227801255884074, 18.527525027118088 ] ] ] ] } },
{ "type": "Feature", "properties": { "fid": 28.0, "NAME": "zap", "TYPOLOGY": null, "NO OF HOUS": null }, "geometry": { "type": "MultiPolygon", "coordinates": [ [ [ [ 73.227817766825652, 18.527687377240984 ], [ 73.227925087946033, 18.527688246973366 ], [ 73.227925872539657, 18.527601207341171 ], [ 73.227818551419261, 18.527600337608341 ], [ 73.227817766825652, 18.527687377240984 ] ] ] ] } },
{ "type": "Feature", "properties": { "fid": 29.0, "NAME": "zap", "TYPOLOGY": null, "NO OF HOUS": null }, "geometry": { "type": "MultiPolygon", "coordinates": [ [ [ [ 73.227946185260322, 18.527636063022374 ], [ 73.228004890830448, 18.527640411685567 ], [ 73.228010777083782, 18.527568972674032 ], [ 73.227952071513656, 18.52756462400902 ], [ 73.227946185260322, 18.527636063022374 ] ] ] ] } },
{ "type": "Feature", "properties": { "fid": 30.0, "NAME": "zap", "TYPOLOGY": null, "NO OF HOUS": null }, "geometry": { "type": "MultiPolygon", "coordinates": [ [ [ [ 73.228005808104996, 18.527602143445691 ], [ 73.22809019736205, 18.527595185582971 ], [ 73.228083743213318, 18.527524809767485 ], [ 73.22799935395625, 18.527531767633061 ], [ 73.228005808104996, 18.527602143445691 ] ] ] ] } },
{ "type": "Feature", "properties": { "fid": 31.0, "NAME": "zap", "TYPOLOGY": null, "NO OF HOUS": null }, "geometry": { "type": "MultiPolygon", "coordinates": [ [ [ [ 73.227993883536044, 18.527694335099948 ], [ 73.228082859165781, 18.527696944296988 ], [ 73.228085336524401, 18.527620994653816 ], [ 73.227996360894664, 18.527618385455618 ], [ 73.227993883536044, 18.527694335099948 ] ] ] ] } },
{ "type": "Feature", "properties": { "fid": 32.0, "NAME": "zap", "TYPOLOGY": null, "NO OF HOUS": null }, "geometry": { "type": "MultiPolygon", "coordinates": [ [ [ [ 73.228155323853912, 18.527587357987077 ], [ 73.228220450345773, 18.527582139589615 ], [ 73.228213426523709, 18.527503332139883 ], [ 73.228148300031862, 18.52750855053975 ], [ 73.228155323853912, 18.527587357987077 ] ] ] ] } },
{ "type": "Feature", "properties": { "fid": 33.0, "NAME": "zap", "TYPOLOGY": null, "NO OF HOUS": null }, "geometry": { "type": "MultiPolygon", "coordinates": [ [ [ [ 73.227855375081518, 18.527753476889714 ], [ 73.227963613476447, 18.527740430908434 ], [ 73.227956936494252, 18.527690627713742 ], [ 73.227848698099308, 18.52770367369882 ], [ 73.227855375081518, 18.527753476889714 ] ] ] ] } },
{ "type": "Feature", "properties": { "fid": 34.0, "NAME": "zap", "TYPOLOGY": null, "NO OF HOUS": null }, "geometry": { "type": "MultiPolygon", "coordinates": [ [ [ [ 73.227706776607121, 18.527944817834076 ], [ 73.22778382766792, 18.527936120523073 ], [ 73.227772935614738, 18.527849369456142 ], [ 73.227695884553924, 18.527858066771561 ], [ 73.227706776607121, 18.527944817834076 ] ] ] ] } },
{ "type": "Feature", "properties": { "fid": 35.0, "NAME": "zap", "TYPOLOGY": null, "NO OF HOUS": null }, "geometry": { "type": "MultiPolygon", "coordinates": [ [ [ [ 73.227710445705256, 18.52783436195141 ], [ 73.227805842256714, 18.527830013293158 ], [ 73.227803039004471, 18.527774727756483 ], [ 73.227707642452998, 18.527779076416145 ], [ 73.227710445705256, 18.52783436195141 ] ] ] ] } },
{ "type": "Feature", "properties": { "fid": 36.0, "NAME": "zap", "TYPOLOGY": null, "NO OF HOUS": null }, "geometry": { "type": "MultiPolygon", "coordinates": [ [ [ [ 73.22832272645627, 18.527669547726092 ], [ 73.228383725212737, 18.527663894464883 ], [ 73.228376088475301, 18.527589814186022 ], [ 73.228315089718834, 18.527595467449675 ], [ 73.22832272645627, 18.527669547726092 ] ] ] ] } },
{ "type": "Feature", "properties": { "fid": 37.0, "NAME": "zap", "TYPOLOGY": null, "NO OF HOUS": null }, "geometry": { "type": "MultiPolygon", "coordinates": [ [ [ [ 73.228361251986669, 18.527772176127801 ], [ 73.228440137596536, 18.527764783406006 ], [ 73.228434248802287, 18.527708290737674 ], [ 73.228355363192406, 18.52771568346191 ], [ 73.228361251986669, 18.527772176127801 ] ] ] ] } },
{ "type": "Feature", "properties": { "fid": 38.0, "NAME": "zap", "TYPOLOGY": null, "NO OF HOUS": null }, "geometry": { "type": "MultiPolygon", "coordinates": [ [ [ [ 73.2284722422052, 18.527856105241039 ], [ 73.228535534148008, 18.527840015206973 ], [ 73.228517114760407, 18.527774876587273 ], [ 73.228453822817599, 18.527790966627467 ], [ 73.2284722422052, 18.527856105241039 ] ] ] ] } },
{ "type": "Feature", "properties": { "fid": 39.0, "NAME": "zap", "TYPOLOGY": null, "NO OF HOUS": null }, "geometry": { "type": "MultiPolygon", "coordinates": [ [ [ [ 73.228418581645016, 18.527845668462362 ], [ 73.228458483087209, 18.527843059267589 ], [ 73.228454592060658, 18.527789563653695 ], [ 73.22841469061845, 18.527792172849281 ], [ 73.228418581645016, 18.527845668462362 ] ] ] ] } },
{ "type": "Feature", "properties": { "fid": 40.0, "NAME": "zap", "TYPOLOGY": null, "NO OF HOUS": null }, "geometry": { "type": "MultiPolygon", "coordinates": [ [ [ [ 73.229145980349955, 18.527863932824619 ], [ 73.229217527763552, 18.527846538193934 ], [ 73.22920144850201, 18.527787079319335 ], [ 73.229129901088413, 18.527804473956067 ], [ 73.229145980349955, 18.527863932824619 ] ] ] ] } },
{ "type": "Feature", "properties": { "fid": 41.0, "NAME": "zap", "TYPOLOGY": null, "NO OF HOUS": null }, "geometry": { "type": "MultiPolygon", "coordinates": [ [ [ [ 73.229247797823149, 18.5279491664894 ], [ 73.229333104354751, 18.527936120523059 ], [ 73.229322920933868, 18.527876255778423 ], [ 73.22923761440228, 18.527889301749333 ], [ 73.229247797823149, 18.5279491664894 ] ] ] ] } },
{ "type": "Feature", "properties": { "fid": 42.0, "NAME": "zap", "TYPOLOGY": null, "NO OF HOUS": null }, "geometry": { "type": "MultiPolygon", "coordinates": [ [ [ [ 73.229085440230762, 18.527953515144628 ], [ 73.229227617783422, 18.527939599447514 ], [ 73.229219576047669, 18.527865732989568 ], [ 73.229077398494994, 18.527879648692696 ], [ 73.229085440230762, 18.527953515144628 ] ] ] ] } },
{ "type": "Feature", "properties": { "fid": 43.0, "NAME": "zap", "TYPOLOGY": null, "NO OF HOUS": null }, "geometry": { "type": "MultiPolygon", "coordinates": [ [ [ [ 73.228924917187427, 18.527891764230038 ], [ 73.229036824680477, 18.527879587990729 ], [ 73.229028434555005, 18.527810263584655 ], [ 73.228916527061941, 18.527822439828906 ], [ 73.228924917187427, 18.527891764230038 ] ] ] ] } },
{ "type": "Feature", "properties": { "fid": 44.0, "NAME": "zap", "TYPOLOGY": null, "NO OF HOUS": null }, "geometry": { "type": "MultiPolygon", "coordinates": [ [ [ [ 73.228861625244619, 18.527894373424061 ], [ 73.22892308263836, 18.527881327453539 ], [ 73.228905806421096, 18.527808159971844 ], [ 73.228844349027369, 18.527821205947955 ], [ 73.228861625244619, 18.527894373424061 ] ] ] ] } },
{ "type": "Feature", "properties": { "fid": 45.0, "NAME": "zap", "TYPOLOGY": null, "NO OF HOUS": null }, "geometry": { "type": "MultiPolygon", "coordinates": [ [ [ [ 73.228969863639549, 18.527772610993772 ], [ 73.228910750590174, 18.527779766211228 ], [ 73.228916254237376, 18.5278206436065 ], [ 73.22897536728675, 18.527813488390752 ], [ 73.228969863639549, 18.527772610993772 ] ] ] ] } },
{ "type": "Feature", "properties": { "fid": 46.0, "NAME": "zap", "TYPOLOGY": null, "NO OF HOUS": null }, "geometry": { "type": "MultiPolygon", "coordinates": [ [ [ [ 73.228736875908098, 18.527913507512366 ], [ 73.228808423321681, 18.527922204824524 ], [ 73.228819514375957, 18.527840178500789 ], [ 73.228747966962359, 18.52783148118446 ], [ 73.228736875908098, 18.527913507512366 ] ] ] ] } },
{ "type": "Feature", "properties": { "fid": 47.0, "NAME": "zapv", "TYPOLOGY": null, "NO OF HOUS": null }, "geometry": { "type": "MultiPolygon", "coordinates": [ [ [ [ 73.228691012181429, 18.527923074555716 ], [ 73.228736875908098, 18.527913507512366 ], [ 73.228718312005654, 18.527833499693543 ], [ 73.228672448278985, 18.527843066741365 ], [ 73.228691012181429, 18.527923074555716 ] ] ] ] } },
{ "type": "Feature", "properties": { "fid": 48.0, "NAME": "zap", "TYPOLOGY": null, "NO OF HOUS": null }, "geometry": { "type": "MultiPolygon", "coordinates": [ [ [ [ 73.228754304124223, 18.528016135767636 ], [ 73.228841445204893, 18.528010917383259 ], [ 73.228835283593057, 18.527918415134263 ], [ 73.228748142512416, 18.527923633521464 ], [ 73.228754304124223, 18.528016135767636 ] ] ] ] } },
{ "type": "Feature", "properties": { "fid": 49.0, "NAME": "zap", "TYPOLOGY": null, "NO OF HOUS": null }, "geometry": { "type": "MultiPolygon", "coordinates": [ [ [ [ 73.228869880715436, 18.528023093613218 ], [ 73.228969863639549, 18.52802135415185 ], [ 73.228968051766969, 18.527927725291626 ], [ 73.228868068842829, 18.527929464753949 ], [ 73.228869880715436, 18.528023093613218 ] ] ] ] } },
{ "type": "Feature", "properties": { "fid": 50.0, "NAME": "zap", "TYPOLOGY": null, "NO OF HOUS": null }, "geometry": { "type": "MultiPolygon", "coordinates": [ [ [ [ 73.229150566722623, 18.528029181727874 ], [ 73.229231286881557, 18.528025702805241 ], [ 73.22922782882091, 18.527953568670597 ], [ 73.229147108661977, 18.527957047594697 ], [ 73.229150566722623, 18.528029181727874 ] ] ] ] } },
{ "type": "Feature", "properties": { "fid": 51.0, "NAME": "zap", "TYPOLOGY": null, "NO OF HOUS": null }, "geometry": { "type": "MultiPolygon", "coordinates": [ [ [ [ 73.229231286881557, 18.528025702805241 ], [ 73.22934778074729, 18.528010047652515 ], [ 73.229336647313787, 18.527935566580712 ], [ 73.22922015344804, 18.527951221740263 ], [ 73.229231286881557, 18.528025702805241 ] ] ] ] } },
{ "type": "Feature", "properties": { "fid": 52.0, "NAME": "zap", "TYPOLOGY": null, "NO OF HOUS": null }, "geometry": { "type": "MultiPolygon", "coordinates": [ [ [ [ 73.229244128725043, 18.528101369356531 ], [ 73.229363374414362, 18.528089193132143 ], [ 73.229356775676223, 18.528031095080085 ], [ 73.229237529986889, 18.528043271308608 ], [ 73.229244128725043, 18.528101369356531 ] ] ] ] } },
{ "type": "Feature", "properties": { "fid": 53.0, "NAME": "zap", "TYPOLOGY": null, "NO OF HOUS": null }, "geometry": { "type": "MultiPolygon", "coordinates": [ [ [ [ 73.229080853858093, 18.528134419104052 ], [ 73.229223031410768, 18.52812659153285 ], [ 73.229218085313846, 18.528045823946627 ], [ 73.229075907761185, 18.528053651521528 ], [ 73.229080853858093, 18.528134419104052 ] ] ] ] } },
{ "type": "Feature", "properties": { "fid": 54.0, "NAME": "zap", "TYPOLOGY": null, "NO OF HOUS": null }, "geometry": { "type": "MultiPolygon", "coordinates": [ [ [ [ 73.229295496098899, 18.52819877912038 ], [ 73.229367043512497, 18.528186602902931 ], [ 73.229351395039302, 18.52810393752015 ], [ 73.229279847625705, 18.528116113743483 ], [ 73.229295496098899, 18.52819877912038 ] ] ] ] } },
{ "type": "Feature", "properties": { "fid": 55.0, "NAME": "zap", "TYPOLOGY": null, "NO OF HOUS": null }, "geometry": { "type": "MultiPolygon", "coordinates": [ [ [ [ 73.229196430449306, 18.528250962899609 ], [ 73.22927806788276, 18.52823182884908 ], [ 73.229251960139237, 18.528131685591415 ], [ 73.229170322705755, 18.528150819653153 ], [ 73.229196430449306, 18.528250962899609 ] ] ] ] } },
{ "type": "Feature", "properties": { "fid": 56.0, "NAME": "zap", "TYPOLOGY": null, "NO OF HOUS": null }, "geometry": { "type": "MultiPolygon", "coordinates": [ [ [ [ 73.228976284561313, 18.528081365558876 ], [ 73.22905150107303, 18.528082235289254 ], [ 73.229053085975721, 18.527959009413248 ], [ 73.228977869464003, 18.527958139682241 ], [ 73.228976284561313, 18.528081365558876 ] ] ] ] } },
{ "type": "Feature", "properties": { "fid": 57.0, "NAME": "zap", "TYPOLOGY": null, "NO OF HOUS": null }, "geometry": { "type": "MultiPolygon", "coordinates": [ [ [ [ 73.228969863639563, 18.527967430840615 ], [ 73.229015727366232, 18.527962212454753 ], [ 73.229011016521227, 18.527924990152883 ], [ 73.228965152794544, 18.527930208539882 ], [ 73.228969863639563, 18.527967430840615 ] ] ] ] } },
{ "type": "Feature", "properties": { "fid": 58.0, "NAME": "zap", "TYPOLOGY": null, "NO OF HOUS": null }, "geometry": { "type": "MultiPolygon", "coordinates": [ [ [ [ 73.228868963440902, 18.528156162355533 ], [ 73.228963442717841, 18.528150074245399 ], [ 73.228954207564328, 18.528021228940261 ], [ 73.228859728287404, 18.528027317054985 ], [ 73.228868963440902, 18.528156162355533 ] ] ] ] } },
{ "type": "Feature", "properties": { "fid": 59.0, "NAME": "zap", "TYPOLOGY": null, "NO OF HOUS": null }, "geometry": { "type": "MultiPolygon", "coordinates": [ [ [ [ 73.228773566889444, 18.528090062862496 ], [ 73.228871715264503, 18.528087453671457 ], [ 73.228869906251617, 18.528026276477657 ], [ 73.228771757876558, 18.528028885669631 ], [ 73.228773566889444, 18.528090062862496 ] ] ] ] } },
{ "type": "Feature", "properties": { "fid": 60.0, "NAME": "zap", "TYPOLOGY": null, "NO OF HOUS": null }, "geometry": { "type": "MultiPolygon", "coordinates": [ [ [ [ 73.229070763838237, 18.52824139587462 ], [ 73.229171664036897, 18.528242265604192 ], [ 73.229172782175482, 18.528125645518294 ], [ 73.229071881976793, 18.528124775788132 ], [ 73.229070763838237, 18.52824139587462 ] ] ] ] } },
{ "type": "Feature", "properties": { "fid": 61.0, "NAME": "zap", "TYPOLOGY": null, "NO OF HOUS": null }, "geometry": { "type": "MultiPolygon", "coordinates": [ [ [ [ 73.228986374581154, 18.52822574074165 ], [ 73.229070763838237, 18.528222261823014 ], [ 73.229067658827958, 18.528154548221693 ], [ 73.22898326957089, 18.528158027141703 ], [ 73.228986374581154, 18.52822574074165 ] ] ] ] } },
{ "type": "Feature", "properties": { "fid": 62.0, "NAME": "zap", "TYPOLOGY": null, "NO OF HOUS": null }, "geometry": { "type": "MultiPolygon", "coordinates": [ [ [ [ 73.229090026603444, 18.528310974226049 ], [ 73.229183588605835, 18.528312713684471 ], [ 73.229185063813716, 18.528241377774201 ], [ 73.229091501811325, 18.528239638315053 ], [ 73.229090026603444, 18.528310974226049 ] ] ] ] } },
{ "type": "Feature", "properties": { "fid": 63.0, "NAME": "zap", "TYPOLOGY": null, "NO OF HOUS": null }, "geometry": { "type": "MultiPolygon", "coordinates": [ [ [ [ 73.229304668844236, 18.52832402016379 ], [ 73.229404651768377, 18.52830749530915 ], [ 73.229388298828525, 18.528218543746711 ], [ 73.229288315904398, 18.528235068609952 ], [ 73.229304668844236, 18.52832402016379 ] ] ] ] } },
{ "type": "Feature", "properties": { "fid": 64.0, "NAME": "zap", "TYPOLOGY": null, "NO OF HOUS": null }, "geometry": { "type": "MultiPolygon", "coordinates": [ [ [ [ 73.229370712610631, 18.528392728752788 ], [ 73.22944776367143, 18.528382292006874 ], [ 73.229436826927511, 18.528309703022924 ], [ 73.229359775866712, 18.528320139773264 ], [ 73.229370712610631, 18.528392728752788 ] ] ] ] } },
{ "type": "Feature", "properties": { "fid": 65.0, "NAME": "zap", "TYPOLOGY": null, "NO OF HOUS": null }, "geometry": { "type": "MultiPolygon", "coordinates": [ [ [ [ 73.229436826927511, 18.528309703022924 ], [ 73.22950371741797, 18.528284012618233 ], [ 73.229483118199425, 18.528235794107662 ], [ 73.229416227708967, 18.528261484519597 ], [ 73.229436826927511, 18.528309703022924 ] ] ] ] } },
{ "type": "Feature", "properties": { "fid": 66.0, "NAME": "zap", "TYPOLOGY": null, "NO OF HOUS": null }, "geometry": { "type": "MultiPolygon", "coordinates": [ [ [ [ 73.229435839102507, 18.528491008078934 ], [ 73.22951747653596, 18.528477092425565 ], [ 73.229500271819873, 18.528386351762059 ], [ 73.22941863438642, 18.528400267422811 ], [ 73.229435839102507, 18.528491008078934 ] ] ] ] } },
{ "type": "Feature", "properties": { "fid": 67.0, "NAME": "zap", "TYPOLOGY": null, "NO OF HOUS": null }, "geometry": { "type": "MultiPolygon", "coordinates": [ [ [ [ 73.229443177298776, 18.528372724989225 ], [ 73.229492710123566, 18.528357069868271 ], [ 73.229471662720215, 18.528297200529654 ], [ 73.229422129895411, 18.528312855656086 ], [ 73.229443177298776, 18.528372724989225 ] ] ] ] } },
{ "type": "Feature", "properties": { "fid": 68.0, "NAME": "zap", "TYPOLOGY": null, "NO OF HOUS": null }, "geometry": { "type": "MultiPolygon", "coordinates": [ [ [ [ 73.229515641986893, 18.528463176771069 ], [ 73.229570678458913, 18.52844665192988 ], [ 73.229547099777236, 18.528376052428051 ], [ 73.22949206330523, 18.528392577276065 ], [ 73.229515641986893, 18.528463176771069 ] ] ] ] } },
{ "type": "Feature", "properties": { "fid": 69.0, "NAME": "zap", "TYPOLOGY": null, "NO OF HOUS": null }, "geometry": { "type": "MultiPolygon", "coordinates": [ [ [ [ 73.229399148121175, 18.528487529165698 ], [ 73.229440425475175, 18.528477962153936 ], [ 73.229420451009972, 18.528400483978256 ], [ 73.229379173655957, 18.528410050994353 ], [ 73.229399148121175, 18.528487529165698 ] ] ] ] } },
{ "type": "Feature", "properties": { "fid": 70.0, "NAME": "zap", "TYPOLOGY": null, "NO OF HOUS": null }, "geometry": { "type": "MultiPolygon", "coordinates": [ [ [ [ 73.228411243448818, 18.52800135034482 ], [ 73.22847636994068, 18.527997871421622 ], [ 73.22847385918935, 18.52795561549506 ], [ 73.228408732697488, 18.527959094419121 ], [ 73.228411243448818, 18.52800135034482 ] ] ] ] } },
{ "type": "Feature", "properties": { "fid": 71.0, "NAME": "zap", "TYPOLOGY": null, "NO OF HOUS": null }, "geometry": { "type": "MultiPolygon", "coordinates": [ [ [ [ 73.228470866293478, 18.528129200723292 ], [ 73.228554338276012, 18.528121373151848 ], [ 73.228545911322058, 18.528040583672166 ], [ 73.228462439339523, 18.528048411247312 ], [ 73.228470866293478, 18.528129200723292 ] ] ] ] } },
{ "type": "Feature", "properties": { "fid": 72.0, "NAME": "zap", "TYPOLOGY": "temple", "NO OF HOUS": null }, "geometry": { "type": "MultiPolygon", "coordinates": [ [ [ [ 73.228483708136949, 18.528286621806256 ], [ 73.22858736015921, 18.528270966677425 ], [ 73.22857003450244, 18.528167837726372 ], [ 73.228466382480178, 18.528183492864649 ], [ 73.228483708136949, 18.528286621806256 ] ] ] ] } },
{ "type": "Feature", "properties": { "fid": 73.0, "NAME": "zap", "TYPOLOGY": null, "NO OF HOUS": null }, "geometry": { "type": "MultiPolygon", "coordinates": [ [ [ [ 73.228335109662538, 18.528101369356524 ], [ 73.228380056114673, 18.528098760165662 ], [ 73.228375794482247, 18.528032761347305 ], [ 73.228330848030112, 18.528035370539179 ], [ 73.228335109662538, 18.528101369356524 ] ] ] ] } },
{ "type": "Feature", "properties": { "fid": 74.0, "NAME": "zap", "TYPOLOGY": null, "NO OF HOUS": null }, "geometry": { "type": "MultiPolygon", "coordinates": [ [ [ [ 73.228079190067774, 18.52803874876474 ], [ 73.2281764211683, 18.528003089806386 ], [ 73.228142297894479, 18.527919441276843 ], [ 73.228045066793939, 18.527955100252644 ], [ 73.228079190067774, 18.52803874876474 ] ] ] ] } },
{ "type": "Feature", "properties": { "fid": 75.0, "NAME": "zap", "TYPOLOGY": null, "NO OF HOUS": null }, "geometry": { "type": "MultiPolygon", "coordinates": [ [ [ [ 73.227723287548827, 18.528297058558007 ], [ 73.227798504060559, 18.528290970452897 ], [ 73.227785468154821, 18.528146179314838 ], [ 73.227710251643089, 18.528152267425114 ], [ 73.227723287548827, 18.528297058558007 ] ] ] ] } },
{ "type": "Feature", "properties": { "fid": 76.0, "NAME": "zap", "TYPOLOGY": null, "NO OF HOUS": null }, "geometry": { "type": "MultiPolygon", "coordinates": [ [ [ [ 73.227723287548827, 18.528140507214736 ], [ 73.227783827668034, 18.52813354937393 ], [ 73.227774642479446, 18.528061699288173 ], [ 73.227714102360238, 18.528068657131904 ], [ 73.227723287548827, 18.528140507214736 ] ] ] ] } },
{ "type": "Feature", "properties": { "fid": 77.0, "NAME": "zap", "TYPOLOGY": null, "NO OF HOUS": null }, "geometry": { "type": "MultiPolygon", "coordinates": [ [ [ [ 73.227684762018441, 18.528103108817074 ], [ 73.227732460294163, 18.528097890435351 ], [ 73.227726661270111, 18.528050237207001 ], [ 73.227678962994375, 18.528055455590177 ], [ 73.227684762018441, 18.528103108817074 ] ] ] ] } },
{ "type": "Feature", "properties": { "fid": 78.0, "NAME": "zap", "TYPOLOGY": null, "NO OF HOUS": null }, "geometry": { "type": "MultiPolygon", "coordinates": [ [ [ [ 73.228141564736021, 18.528257920735641 ], [ 73.228270900445224, 18.528281403430142 ], [ 73.228285592513686, 18.528208655074359 ], [ 73.228156256804482, 18.528185172369863 ], [ 73.228141564736021, 18.528257920735641 ] ] ] ] } },
{ "type": "Feature", "properties": { "fid": 79.0, "NAME": "zap", "TYPOLOGY": null, "NO OF HOUS": null }, "geometry": { "type": "MultiPolygon", "coordinates": [ [ [ [ 73.228156256804482, 18.528185172369863 ], [ 73.228273652268825, 18.528196169931 ], [ 73.228278985590393, 18.528144987275933 ], [ 73.228161590126049, 18.528133989711499 ], [ 73.228156256804482, 18.528185172369863 ] ] ] ] } },
{ "type": "Feature", "properties": { "fid": 80.0, "NAME": "zap", "TYPOLOGY": null, "NO OF HOUS": null }, "geometry": { "type": "MultiPolygon", "coordinates": [ [ [ [ 73.228082859165895, 18.528145725595166 ], [ 73.22814798565777, 18.528161380735469 ], [ 73.228161512565848, 18.528110790168142 ], [ 73.228096386073972, 18.528095135023211 ], [ 73.228082859165895, 18.528145725595166 ] ] ] ] } },
{ "type": "Feature", "properties": { "fid": 81.0, "NAME": "zap", "TYPOLOGY": null, "NO OF HOUS": null }, "geometry": { "type": "MultiPolygon", "coordinates": [ [ [ [ 73.228065430949741, 18.528350981765275 ], [ 73.22814936156955, 18.528344458797555 ], [ 73.228144153443367, 18.528284213099301 ], [ 73.228060222823572, 18.528290736069319 ], [ 73.228065430949741, 18.528350981765275 ] ] ] ] } },
{ "type": "Feature", "properties": { "fid": 82.0, "NAME": "zap", "TYPOLOGY": null, "NO OF HOUS": null }, "geometry": { "type": "MultiPolygon", "coordinates": [ [ [ [ 73.228147527020482, 18.528350981765275 ], [ 73.228219533071353, 18.52834619825564 ], [ 73.228215365766957, 18.528289802438255 ], [ 73.228143359716086, 18.528294585949471 ], [ 73.228147527020482, 18.528350981765275 ] ] ] ] } },
{ "type": "Feature", "properties": { "fid": 83.0, "NAME": "zap", "TYPOLOGY": null, "NO OF HOUS": null }, "geometry": { "type": "MultiPolygon", "coordinates": [ [ [ [ 73.227846660973569, 18.528438389508675 ], [ 73.227938388426892, 18.528416211428762 ], [ 73.227907847959273, 18.528302652809916 ], [ 73.227816120505935, 18.528324830904563 ], [ 73.227846660973569, 18.528438389508675 ] ] ] ] } },
{ "type": "Feature", "properties": { "fid": 84.0, "NAME": "zap", "TYPOLOGY": null, "NO OF HOUS": null }, "geometry": { "type": "MultiPolygon", "coordinates": [ [ [ [ 73.227733377568683, 18.528357069868264 ], [ 73.227797586786039, 18.528477092425554 ], [ 73.227859502817026, 18.528464916227929 ], [ 73.227951230270364, 18.528445782201345 ], [ 73.22797095167283, 18.528441868422913 ], [ 73.227964530751095, 18.528387075515489 ], [ 73.227954899368484, 18.52828705667093 ], [ 73.227907847959273, 18.528302652809916 ], [ 73.227938388426892, 18.528416211428762 ], [ 73.227846660973569, 18.528438389508675 ], [ 73.22778336903076, 18.528331412861387 ], [ 73.227733377568683, 18.528357069868264 ] ] ] ] } },
{ "type": "Feature", "properties": { "fid": 85.0, "NAME": "zap", "TYPOLOGY": null, "NO OF HOUS": null }, "geometry": { "type": "MultiPolygon", "coordinates": [ [ [ [ 73.228313095073773, 18.528168338575142 ], [ 73.228373176555706, 18.528165294520317 ], [ 73.228369135937314, 18.528093596646588 ], [ 73.22830905445538, 18.528096640702685 ], [ 73.228313095073773, 18.528168338575142 ] ] ] ] } },
{ "type": "Feature", "properties": { "fid": 86.0, "NAME": "zap", "TYPOLOGY": null, "NO OF HOUS": null }, "geometry": { "type": "MultiPolygon", "coordinates": [ [ [ [ 73.228317681446441, 18.528358809326217 ], [ 73.228482790862444, 18.528350981765286 ], [ 73.22847683654544, 18.528238068046175 ], [ 73.228311727129437, 18.528245895612276 ], [ 73.228317681446441, 18.528358809326217 ] ] ] ] } },
{ "type": "Feature", "properties": { "fid": 87.0, "NAME": "zap", "TYPOLOGY": null, "NO OF HOUS": null }, "geometry": { "type": "MultiPolygon", "coordinates": [ [ [ [ 73.228392897958187, 18.528243135333742 ], [ 73.228489211784165, 18.528237047226707 ], [ 73.228484433394115, 18.528169086524901 ], [ 73.228388119568123, 18.528175174634356 ], [ 73.228392897958187, 18.528243135333742 ] ] ] ] } },
{ "type": "Feature", "properties": { "fid": 88.0, "NAME": "zap", "TYPOLOGY": null, "NO OF HOUS": null }, "geometry": { "type": "MultiPolygon", "coordinates": [ [ [ [ 73.228334192388047, 18.528249223440561 ], [ 73.228392897958187, 18.528243135333742 ], [ 73.228385087588478, 18.528175427564364 ], [ 73.228326382018338, 18.528181515673591 ], [ 73.228334192388047, 18.528249223440561 ] ] ] ] } },
{ "type": "Feature", "properties": { "fid": 89.0, "NAME": "zap", "TYPOLOGY": null, "NO OF HOUS": null }, "geometry": { "type": "MultiPolygon", "coordinates": [ [ [ [ 73.22858736015921, 18.528270966677425 ], [ 73.22866257667097, 18.528264878571385 ], [ 73.228653193469412, 18.528160658388789 ], [ 73.228577976957652, 18.528166746498542 ], [ 73.22858736015921, 18.528270966677425 ] ] ] ] } },
{ "type": "Feature", "properties": { "fid": 90.0, "NAME": "zap", "TYPOLOGY": null, "NO OF HOUS": null }, "geometry": { "type": "MultiPolygon", "coordinates": [ [ [ [ 73.228666245769105, 18.528250962899609 ], [ 73.228717613142976, 18.528243135333742 ], [ 73.228696829853902, 18.528120519982469 ], [ 73.228645462480031, 18.528128347553956 ], [ 73.228666245769105, 18.528250962899609 ] ] ] ] } },
{ "type": "Feature", "properties": { "fid": 91.0, "NAME": "zap", "TYPOLOGY": null, "NO OF HOUS": null }, "geometry": { "type": "MultiPolygon", "coordinates": [ [ [ [ 73.228651569376566, 18.528365767157855 ], [ 73.228766228693217, 18.528368376344645 ], [ 73.228768858840411, 18.528264467260058 ], [ 73.228654199523731, 18.52826185807168 ], [ 73.228651569376566, 18.528365767157855 ] ] ] ] } },
{ "type": "Feature", "properties": { "fid": 92.0, "NAME": "zap", "TYPOLOGY": null, "NO OF HOUS": null }, "geometry": { "type": "MultiPolygon", "coordinates": [ [ [ [ 73.228800167850977, 18.528337066100519 ], [ 73.228923082638445, 18.528335326642349 ], [ 73.228921645213561, 18.528244011092294 ], [ 73.228798730426092, 18.528245750551399 ], [ 73.228800167850977, 18.528337066100519 ] ] ] ] } },
{ "type": "Feature", "properties": { "fid": 93.0, "NAME": "zap", "TYPOLOGY": null, "NO OF HOUS": null }, "geometry": { "type": "MultiPolygon", "coordinates": [ [ [ [ 73.228827686086973, 18.528399686583025 ], [ 73.228945097227239, 18.528411862785298 ], [ 73.228952823088804, 18.52834488767958 ], [ 73.228835411948538, 18.528332711472537 ], [ 73.228827686086973, 18.528399686583025 ] ] ] ] } },
{ "type": "Feature", "properties": { "fid": 94.0, "NAME": "zap", "TYPOLOGY": null, "NO OF HOUS": null }, "geometry": { "type": "MultiPolygon", "coordinates": [ [ [ [ 73.228797416027362, 18.528396207667932 ], [ 73.228827686086973, 18.528399686583025 ], [ 73.228836236557257, 18.528332801613594 ], [ 73.228805966497646, 18.52832932269714 ], [ 73.228797416027362, 18.528396207667932 ] ] ] ] } },
{ "type": "Feature", "properties": { "fid": 95.0, "NAME": "zap", "TYPOLOGY": null, "NO OF HOUS": null }, "geometry": { "type": "MultiPolygon", "coordinates": [ [ [ [ 73.228950600874441, 18.5284022957693 ], [ 73.229030403758841, 18.5284022957693 ], [ 73.229030403758841, 18.528339518449734 ], [ 73.228950600874441, 18.528339518449734 ], [ 73.228950600874441, 18.5284022957693 ] ] ] ] } },
{ "type": "Feature", "properties": { "fid": 96.0, "NAME": "v", "TYPOLOGY": null, "NO OF HOUS": null }, "geometry": { "type": "MultiPolygon", "coordinates": [ [ [ [ 73.228521316392843, 18.528360548784146 ], [ 73.228627720238705, 18.528347502849194 ], [ 73.228618123176062, 18.528277132488011 ], [ 73.228511719330186, 18.528290178428332 ], [ 73.228521316392843, 18.528360548784146 ] ] ] ] } },
{ "type": "Feature", "properties": { "fid": 97.0, "NAME": "zap", "TYPOLOGY": null, "NO OF HOUS": null }, "geometry": { "type": "MultiPolygon", "coordinates": [ [ [ [ 73.228526820040045, 18.528430127087081 ], [ 73.228617630218849, 18.528420560072099 ], [ 73.22860789261965, 18.528337464294815 ], [ 73.228517082440845, 18.528347031314439 ], [ 73.228526820040045, 18.528430127087081 ] ] ] ] } },
{ "type": "Feature", "properties": { "fid": 98.0, "NAME": "zap", "TYPOLOGY": null, "NO OF HOUS": null }, "geometry": { "type": "MultiPolygon", "coordinates": [ [ [ [ 73.22841216072338, 18.528445782201345 ], [ 73.228511226372973, 18.528439694101522 ], [ 73.228505763961707, 18.5283597853015 ], [ 73.228406698312114, 18.528365873404162 ], [ 73.22841216072338, 18.528445782201345 ] ] ] ] } },
{ "type": "Feature", "properties": { "fid": 99.0, "NAME": "zap", "TYPOLOGY": null, "NO OF HOUS": null }, "geometry": { "type": "MultiPolygon", "coordinates": [ [ [ [ 73.228236961287521, 18.528571892791682 ], [ 73.228389228860053, 18.528543191768957 ], [ 73.22837477627769, 18.528474259301873 ], [ 73.228222508705159, 18.528502960336169 ], [ 73.228236961287521, 18.528571892791682 ] ] ] ] } },
{ "type": "Feature", "properties": { "fid": 100.0, "NAME": "zap", "TYPOLOGY": null, "NO OF HOUS": null }, "geometry": { "type": "MultiPolygon", "coordinates": [ [ [ [ 73.228233292189387, 18.528493617263802 ], [ 73.22828282501419, 18.528487529165691 ], [ 73.228270429453787, 18.528396862785783 ], [ 73.228220896628983, 18.528402950887127 ], [ 73.228233292189387, 18.528493617263802 ] ] ] ] } },
{ "type": "Feature", "properties": { "fid": 101.0, "NAME": "zap", "TYPOLOGY": null, "NO OF HOUS": null }, "geometry": { "type": "MultiPolygon", "coordinates": [ [ [ [ 73.22828282501419, 18.528487529165691 ], [ 73.22837477627769, 18.528474259301873 ], [ 73.228362429862216, 18.528397346112719 ], [ 73.228270478598731, 18.528410615982505 ], [ 73.22828282501419, 18.528487529165691 ] ] ] ] } },
{ "type": "Feature", "properties": { "fid": 102.0, "NAME": "zap", "TYPOLOGY": null, "NO OF HOUS": null }, "geometry": { "type": "MultiPolygon", "coordinates": [ [ [ [ 73.228422250743264, 18.528511881556845 ], [ 73.2285084745494, 18.528508402644032 ], [ 73.228505391513124, 18.528439706746131 ], [ 73.228419167706988, 18.528443185660336 ], [ 73.228422250743264, 18.528511881556845 ] ] ] ] } },
{ "type": "Feature", "properties": { "fid": 103.0, "NAME": "zap", "TYPOLOGY": null, "NO OF HOUS": null }, "geometry": { "type": "MultiPolygon", "coordinates": [ [ [ [ 73.228386477036466, 18.528515360469587 ], [ 73.228422250743264, 18.528511881556845 ], [ 73.228413586855751, 18.528431787233878 ], [ 73.228377813148953, 18.52843526614825 ], [ 73.228386477036466, 18.528515360469587 ] ] ] ] } },
{ "type": "Feature", "properties": { "fid": 104.0, "NAME": "zap", "TYPOLOGY": null, "NO OF HOUS": null }, "geometry": { "type": "MultiPolygon", "coordinates": [ [ [ [ 73.228373176555706, 18.528165294520317 ], [ 73.228464445371799, 18.528159641275508 ], [ 73.228454667837397, 18.528017727562119 ], [ 73.228363399021305, 18.528023380811621 ], [ 73.228373176555706, 18.528165294520317 ] ] ] ] } },
{ "type": "Feature", "properties": { "fid": 105.0, "NAME": "zap", "TYPOLOGY": null, "NO OF HOUS": null }, "geometry": { "type": "MultiPolygon", "coordinates": [ [ [ [ 73.227922794759877, 18.527607579275717 ], [ 73.227949854358627, 18.527606274676526 ], [ 73.227947620804756, 18.527564624796735 ], [ 73.22792056120602, 18.527565929396246 ], [ 73.227922794759877, 18.527607579275717 ] ] ] ] } },
{ "type": "Feature", "properties": { "fid": 106.0, "NAME": "zap", "TYPOLOGY": null, "NO OF HOUS": null }, "geometry": { "type": "MultiPolygon", "coordinates": [ [ [ [ 73.227989755800834, 18.528649081124364 ], [ 73.228104448514088, 18.528614996051544 ], [ 73.228085185748881, 18.528556724287775 ], [ 73.227970493035627, 18.528590809372215 ], [ 73.227989755800834, 18.528649081124364 ] ] ] ] } },
{ "type": "Feature", "properties": { "fid": 107.0, "NAME": "zap", "TYPOLOGY": null, "NO OF HOUS": null }, "geometry": { "type": "MultiPolygon", "coordinates": [ [ [ [ 73.228182383452832, 18.528710831765409 ], [ 73.228252096317377, 18.528708222583845 ], [ 73.228249046660693, 18.528634969300597 ], [ 73.228179333796163, 18.528637578483281 ], [ 73.228182383452832, 18.528710831765409 ] ] ] ] } },
{ "type": "Feature", "properties": { "fid": 108.0, "NAME": "zap", "TYPOLOGY": null, "NO OF HOUS": null }, "geometry": { "type": "MultiPolygon", "coordinates": [ [ [ [ 73.228252096317377, 18.528689088584482 ], [ 73.228392439320956, 18.52868387022065 ], [ 73.228390352715124, 18.528633419841018 ], [ 73.228250009711516, 18.528638638206395 ], [ 73.228252096317377, 18.528689088584482 ] ] ] ] } },
{ "type": "Feature", "properties": { "fid": 109.0, "NAME": "zap", "TYPOLOGY": null, "NO OF HOUS": null }, "geometry": { "type": "MultiPolygon", "coordinates": [ [ [ [ 73.228355748339624, 18.528649950851854 ], [ 73.228501594990433, 18.528656038944188 ], [ 73.228504978365066, 18.528583171571107 ], [ 73.228359131714271, 18.528577083476183 ], [ 73.228355748339624, 18.528649950851854 ] ] ] ] } },
{ "type": "Feature", "properties": { "fid": 110.0, "NAME": "zap", "TYPOLOGY": null, "NO OF HOUS": null }, "geometry": { "type": "MultiPolygon", "coordinates": [ [ [ [ 73.228402529340826, 18.528582981821906 ], [ 73.228504978365066, 18.528583171571107 ], [ 73.228505140946368, 18.528504255293779 ], [ 73.228402691922113, 18.528504065544489 ], [ 73.228402529340826, 18.528582981821906 ] ] ] ] } },
{ "type": "Feature", "properties": { "fid": 111.0, "NAME": "zap", "TYPOLOGY": null, "NO OF HOUS": null }, "geometry": { "type": "MultiPolygon", "coordinates": [ [ [ [ 73.228495174068698, 18.528645602214343 ], [ 73.228600660640041, 18.528647341669362 ], [ 73.228602209862402, 18.528562878848849 ], [ 73.228496723291073, 18.528561139392973 ], [ 73.228495174068698, 18.528645602214343 ] ] ] ] } },
{ "type": "Feature", "properties": { "fid": 112.0, "NAME": "zap", "TYPOLOGY": null, "NO OF HOUS": null }, "geometry": { "type": "MultiPolygon", "coordinates": [ [ [ [ 73.228509850461236, 18.528562978080597 ], [ 73.228602209862402, 18.528562878848849 ], [ 73.228602123692554, 18.528490775728834 ], [ 73.228509764291374, 18.528490874960628 ], [ 73.228509850461236, 18.528562978080597 ] ] ] ] } },
{ "type": "Feature", "properties": { "fid": 113.0, "NAME": "zap", "TYPOLOGY": null, "NO OF HOUS": null }, "geometry": { "type": "MultiPolygon", "coordinates": [ [ [ [ 73.228529113226429, 18.528489920918549 ], [ 73.228639185297084, 18.52848612577047 ], [ 73.228636892110686, 18.528426331937666 ], [ 73.228526820040045, 18.528430127087081 ], [ 73.228529113226429, 18.528489920918549 ] ] ] ] } },
{ "type": "Feature", "properties": { "fid": 114.0, "NAME": "zap", "TYPOLOGY": null, "NO OF HOUS": null }, "geometry": { "type": "MultiPolygon", "coordinates": [ [ [ [ 73.228640103444988, 18.528409036167005 ], [ 73.228634577326119, 18.528490013007858 ], [ 73.228790513996799, 18.528499580018941 ], [ 73.228796040115654, 18.528418603182626 ], [ 73.228640103444988, 18.528409036167005 ] ] ] ] } },
{ "type": "Feature", "properties": { "fid": 115.0, "NAME": "zap", "TYPOLOGY": null, "NO OF HOUS": null }, "geometry": { "type": "MultiPolygon", "coordinates": [ [ [ [ 73.228787784644865, 18.528548192705088 ], [ 73.228817137429928, 18.528550801889089 ], [ 73.228832006578415, 18.52840041875659 ], [ 73.228802653793352, 18.528397809570283 ], [ 73.228787784644865, 18.528548192705088 ] ] ] ] } },
{ "type": "Feature", "properties": { "fid": 116.0, "NAME": "zap", "TYPOLOGY": null, "NO OF HOUS": null }, "geometry": { "type": "MultiPolygon", "coordinates": [ [ [ [ 73.228815302880861, 18.528594288283347 ], [ 73.228938217668329, 18.528598636922165 ], [ 73.228945952757741, 18.528402081796276 ], [ 73.228823037970272, 18.528397733152463 ], [ 73.228815302880861, 18.528594288283347 ] ] ] ] } },
{ "type": "Feature", "properties": { "fid": 117.0, "NAME": "zap", "TYPOLOGY": null, "NO OF HOUS": null }, "geometry": { "type": "MultiPolygon", "coordinates": [ [ [ [ 73.228750176388985, 18.528709092311033 ], [ 73.228865752980198, 18.528714310674097 ], [ 73.228871245894638, 18.528604938721209 ], [ 73.228755669303439, 18.528599720354805 ], [ 73.228750176388985, 18.528709092311033 ] ] ] ] } },
{ "type": "Feature", "properties": { "fid": 118.0, "NAME": "zap", "TYPOLOGY": null, "NO OF HOUS": null }, "geometry": { "type": "MultiPolygon", "coordinates": [ [ [ [ 73.228637351621387, 18.528549062433093 ], [ 73.228769439154192, 18.528559499168832 ], [ 73.228774385871986, 18.528503215481123 ], [ 73.228642298339196, 18.528492778741946 ], [ 73.228637351621387, 18.528549062433093 ] ] ] ] } },
{ "type": "Feature", "properties": { "fid": 119.0, "NAME": "zap", "TYPOLOGY": null, "NO OF HOUS": null }, "geometry": { "type": "MultiPolygon", "coordinates": [ [ [ [ 73.228654779837527, 18.528399469150855 ], [ 73.228766687330591, 18.52840729670956 ], [ 73.228769707446645, 18.528368479395581 ], [ 73.228657799953581, 18.528360651835097 ], [ 73.228654779837527, 18.528399469150855 ] ] ] ] } },
{ "type": "Feature", "properties": { "fid": 120.0, "NAME": "zap", "TYPOLOGY": null, "NO OF HOUS": null }, "geometry": { "type": "MultiPolygon", "coordinates": [ [ [ [ 73.228604329738189, 18.528765624569061 ], [ 73.228744672741783, 18.528768233749751 ], [ 73.228747675842854, 18.528623014606897 ], [ 73.228607332839246, 18.52862040542399 ], [ 73.228604329738189, 18.528765624569061 ] ] ] ] } },
{ "type": "Feature", "properties": { "fid": 121.0, "NAME": "zap", "TYPOLOGY": null, "NO OF HOUS": null }, "geometry": { "type": "MultiPolygon", "coordinates": [ [ [ [ 73.22863551707232, 18.528626468207978 ], [ 73.228755680036187, 18.52863255630114 ], [ 73.228759693513325, 18.528561340224311 ], [ 73.228639530549458, 18.528555252128612 ], [ 73.22863551707232, 18.528626468207978 ] ] ] ] } },
{ "type": "Feature", "properties": { "fid": 122.0, "NAME": "zap", "TYPOLOGY": null, "NO OF HOUS": null }, "geometry": { "type": "MultiPolygon", "coordinates": [ [ [ [ 73.228324561005536, 18.528735184124749 ], [ 73.228388770222878, 18.528733444670621 ], [ 73.228387086253235, 18.528677560858682 ], [ 73.228322877035893, 18.528679300313375 ], [ 73.228324561005536, 18.528735184124749 ] ] ] ] } },
{ "type": "Feature", "properties": { "fid": 123.0, "NAME": "zap", "TYPOLOGY": null, "NO OF HOUS": null }, "geometry": { "type": "MultiPolygon", "coordinates": [ [ [ [ 73.228389687497398, 18.52878214937941 ], [ 73.228482332225269, 18.528775191564723 ], [ 73.228477836400756, 18.528721373961854 ], [ 73.228385191672885, 18.528728331778737 ], [ 73.228389687497398, 18.52878214937941 ] ] ] ] } },
{ "type": "Feature", "properties": { "fid": 124.0, "NAME": "zap", "TYPOLOGY": null, "NO OF HOUS": null }, "geometry": { "type": "MultiPolygon", "coordinates": [ [ [ [ 73.228417205733408, 18.528722138218381 ], [ 73.228569473305939, 18.528716050128409 ], [ 73.228565801741411, 18.52863349481855 ], [ 73.22841353416888, 18.528639582911467 ], [ 73.228417205733408, 18.528722138218381 ] ] ] ] } },
{ "type": "Feature", "properties": { "fid": 125.0, "NAME": "zap", "TYPOLOGY": null, "NO OF HOUS": null }, "geometry": { "type": "MultiPolygon", "coordinates": [ [ [ [ 73.228339237398075, 18.528896083554713 ], [ 73.228482332225269, 18.52888260279747 ], [ 73.228471674267468, 18.528780895925745 ], [ 73.228328579440273, 18.528794376691007 ], [ 73.228339237398075, 18.528896083554713 ] ] ] ] } },
{ "type": "Feature", "properties": { "fid": 126.0, "NAME": "zap", "TYPOLOGY": null, "NO OF HOUS": null }, "geometry": { "type": "MultiPolygon", "coordinates": [ [ [ [ 73.228744214104523, 18.528914347804758 ], [ 73.228849700675852, 18.528910868900137 ], [ 73.228847211735314, 18.528843021117645 ], [ 73.228741725163971, 18.528846500023651 ], [ 73.228744214104523, 18.528914347804758 ] ] ] ] } },
{ "type": "Feature", "properties": { "fid": 127.0, "NAME": "vzap", "TYPOLOGY": null, "NO OF HOUS": null }, "geometry": { "type": "MultiPolygon", "coordinates": [ [ [ [ 73.228724034064783, 18.528843030245891 ], [ 73.228856121597602, 18.528835202707128 ], [ 73.228849505799587, 18.528734836910175 ], [ 73.228717418266797, 18.528742664453535 ], [ 73.228724034064783, 18.528843030245891 ] ] ] ] } },
{ "type": "Feature", "properties": { "fid": 128.0, "NAME": "zap", "TYPOLOGY": null, "NO OF HOUS": null }, "geometry": { "type": "MultiPolygon", "coordinates": [ [ [ [ 73.228855204323054, 18.528817808175269 ], [ 73.228952435423594, 18.528816068721984 ], [ 73.228950859240285, 18.528736861253861 ], [ 73.22885362813976, 18.528738600707953 ], [ 73.228855204323054, 18.528817808175269 ] ] ] ] } },
{ "type": "Feature", "properties": { "fid": 129.0, "NAME": "zap", "TYPOLOGY": null, "NO OF HOUS": null }, "geometry": { "type": "MultiPolygon", "coordinates": [ [ [ [ 73.228894647127987, 18.528746490576129 ], [ 73.229057921994922, 18.52873866303295 ], [ 73.229054505295466, 18.528674591075916 ], [ 73.22889123042853, 18.528682418622029 ], [ 73.228894647127987, 18.528746490576129 ] ] ] ] } },
{ "type": "Feature", "properties": { "fid": 130.0, "NAME": "zap", "TYPOLOGY": null, "NO OF HOUS": null }, "geometry": { "type": "MultiPolygon", "coordinates": [ [ [ [ 73.228947390413666, 18.528686914266235 ], [ 73.229084522956398, 18.528676042674604 ], [ 73.229080898439776, 18.528634940469423 ], [ 73.228943765897057, 18.528645812063672 ], [ 73.228947390413666, 18.528686914266235 ] ] ] ] } },
{ "type": "Feature", "properties": { "fid": 131.0, "NAME": "zap", "TYPOLOGY": null, "NO OF HOUS": null }, "geometry": { "type": "MultiPolygon", "coordinates": [ [ [ [ 73.228964818629819, 18.528646906805605 ], [ 73.229073515662023, 18.528638644394089 ], [ 73.229069133323648, 18.528586813988337 ], [ 73.228960436291445, 18.528595076402357 ], [ 73.228964818629819, 18.528646906805605 ] ] ] ] } },
{ "type": "Feature", "properties": { "fid": 132.0, "NAME": "zap", "TYPOLOGY": null, "NO OF HOUS": null }, "geometry": { "type": "MultiPolygon", "coordinates": [ [ [ [ 73.228945555864613, 18.528604725016319 ], [ 73.229068012014821, 18.528592113963896 ], [ 73.229058234333891, 18.528506758123836 ], [ 73.228935778183711, 18.528519369182554 ], [ 73.228945555864613, 18.528604725016319 ] ] ] ] } },
{ "type": "Feature", "properties": { "fid": 133.0, "NAME": "zap", "TYPOLOGY": null, "NO OF HOUS": null }, "geometry": { "type": "MultiPolygon", "coordinates": [ [ [ [ 73.229059297906744, 18.528387292947698 ], [ 73.229164784478087, 18.528379465388067 ], [ 73.229161693773435, 18.528342020077964 ], [ 73.22905620720212, 18.528349847639308 ], [ 73.229059297906744, 18.528387292947698 ] ] ] ] } },
{ "type": "Feature", "properties": { "fid": 134.0, "NAME": "zap", "TYPOLOGY": null, "NO OF HOUS": null }, "geometry": { "type": "MultiPolygon", "coordinates": [ [ [ [ 73.228964818629819, 18.528450783140315 ], [ 73.229067553377547, 18.528449913411809 ], [ 73.229067129253025, 18.528404873675424 ], [ 73.228964394505297, 18.528405743404157 ], [ 73.228964818629819, 18.528450783140315 ] ] ] ] } },
{ "type": "Feature", "properties": { "fid": 135.0, "NAME": "zap", "TYPOLOGY": null, "NO OF HOUS": null }, "geometry": { "type": "MultiPolygon", "coordinates": [ [ [ [ 73.229055628808609, 18.528435997755103 ], [ 73.229186799066881, 18.528428170197703 ], [ 73.229184423475004, 18.528392381175735 ], [ 73.229053253216733, 18.528400208734769 ], [ 73.229055628808609, 18.528435997755103 ] ] ] ] } },
{ "type": "Feature", "properties": { "fid": 136.0, "NAME": "zap", "TYPOLOGY": null, "NO OF HOUS": null }, "geometry": { "type": "MultiPolygon", "coordinates": [ [ [ [ 73.229186799066881, 18.528428170197703 ], [ 73.229273022873016, 18.528447304226265 ], [ 73.229288976595214, 18.528382671621753 ], [ 73.229202752789092, 18.528363537585957 ], [ 73.229186799066881, 18.528428170197703 ] ] ] ] } },
{ "type": "Feature", "properties": { "fid": 137.0, "NAME": "zap", "TYPOLOGY": null, "NO OF HOUS": null }, "geometry": { "type": "MultiPolygon", "coordinates": [ [ [ [ 73.229073974299283, 18.528504706299099 ], [ 73.229188633615948, 18.528489051190235 ], [ 73.22917845107149, 18.528422004371077 ], [ 73.229063791754811, 18.52843765948608 ], [ 73.229073974299283, 18.528504706299099 ] ] ] ] } },
{ "type": "Feature", "properties": { "fid": 138.0, "NAME": "zap", "TYPOLOGY": null, "NO OF HOUS": null }, "geometry": { "type": "MultiPolygon", "coordinates": [ [ [ [ 73.229268436500348, 18.528539495424766 ], [ 73.229367502149941, 18.528507315483765 ], [ 73.229342696770644, 18.528438663638525 ], [ 73.229243631121051, 18.528470843592448 ], [ 73.229268436500348, 18.528539495424766 ] ] ] ] } },
{ "type": "Feature", "properties": { "fid": 139.0, "NAME": "zap", "TYPOLOGY": null, "NO OF HOUS": null }, "geometry": { "type": "MultiPolygon", "coordinates": [ [ [ [ 73.229089567966355, 18.528561238624718 ], [ 73.229268436500348, 18.528539495424766 ], [ 73.229260173649294, 18.528478385922433 ], [ 73.229081305115301, 18.528500129130158 ], [ 73.229089567966355, 18.528561238624718 ] ] ] ] } },
{ "type": "Feature", "properties": { "fid": 140.0, "NAME": "zap", "TYPOLOGY": null, "NO OF HOUS": null }, "geometry": { "type": "MultiPolygon", "coordinates": [ [ [ [ 73.229129928045808, 18.528597767194405 ], [ 73.229251008284209, 18.528587330461004 ], [ 73.22924561539844, 18.528531083637787 ], [ 73.229124535160054, 18.52854152037462 ], [ 73.229129928045808, 18.528597767194405 ] ] ] ] } },
{ "type": "Feature", "properties": { "fid": 141.0, "NAME": "zap", "TYPOLOGY": null, "NO OF HOUS": null }, "geometry": { "type": "MultiPolygon", "coordinates": [ [ [ [ 73.229507845153563, 18.528555150529012 ], [ 73.229616083548493, 18.528532537600199 ], [ 73.229601051773955, 18.52846785266393 ], [ 73.229492813379025, 18.528490465601298 ], [ 73.229507845153563, 18.528555150529012 ] ] ] ] } },
{ "type": "Feature", "properties": { "fid": 142.0, "NAME": "zap", "TYPOLOGY": null, "NO OF HOUS": null }, "geometry": { "type": "MultiPolygon", "coordinates": [ [ [ [ 73.22955187433115, 18.528663866491144 ], [ 73.229624339019296, 18.528636904938978 ], [ 73.229601407155954, 18.528587330461004 ], [ 73.229668368196897, 18.528548192705081 ], [ 73.229646353608089, 18.528518621950212 ], [ 73.229512431526231, 18.528569066176019 ], [ 73.229553708880218, 18.528660387581429 ], [ 73.22955187433115, 18.528663866491144 ] ] ] ] } },
{ "type": "Feature", "properties": { "fid": 143.0, "NAME": "zap", "TYPOLOGY": null, "NO OF HOUS": null }, "geometry": { "type": "MultiPolygon", "coordinates": [ [ [ [ 73.229519769722501, 18.528640383849176 ], [ 73.229543618860362, 18.528629077390782 ], [ 73.229511777408661, 18.528568695480743 ], [ 73.2294879282708, 18.528580001943133 ], [ 73.229519769722501, 18.528640383849176 ] ] ] ] } },
{ "type": "Feature", "properties": { "fid": 144.0, "NAME": "zap", "TYPOLOGY": null, "NO OF HOUS": null }, "geometry": { "type": "MultiPolygon", "coordinates": [ [ [ [ 73.229324390246902, 18.528637774666535 ], [ 73.229441801387168, 18.528609943382566 ], [ 73.229416955166585, 18.528515710080189 ], [ 73.229299544026304, 18.528543541379495 ], [ 73.229324390246902, 18.528637774666535 ] ] ] ] } },
{ "type": "Feature", "properties": { "fid": 145.0, "NAME": "zap", "TYPOLOGY": null, "NO OF HOUS": null }, "geometry": { "type": "MultiPolygon", "coordinates": [ [ [ [ 73.229333562992238, 18.528803022821787 ], [ 73.229500506957294, 18.528774321837865 ], [ 73.229479883730392, 18.528666477399977 ], [ 73.229312939765308, 18.528695178402003 ], [ 73.229333562992238, 18.528803022821787 ] ] ] ] } },
{ "type": "Feature", "properties": { "fid": 146.0, "NAME": "zap", "TYPOLOGY": null, "NO OF HOUS": null }, "geometry": { "type": "MultiPolygon", "coordinates": [ [ [ [ 73.229374840346225, 18.528848248604859 ], [ 73.229497755133693, 18.528828244894594 ], [ 73.229483411027957, 18.528749006813424 ], [ 73.229360496240488, 18.528769010532962 ], [ 73.229374840346225, 18.528848248604859 ] ] ] ] } },
{ "type": "Feature", "properties": { "fid": 147.0, "NAME": "zap", "TYPOLOGY": null, "NO OF HOUS": null }, "geometry": { "type": "MultiPolygon", "coordinates": [ [ [ [ 73.229120755300485, 18.528680391311337 ], [ 73.229190468165029, 18.528672563765134 ], [ 73.229185235593221, 18.528630667998907 ], [ 73.229115522728677, 18.528638495547032 ], [ 73.229120755300485, 18.528680391311337 ] ] ] ] } },
{ "type": "Feature", "properties": { "fid": 148.0, "NAME": "zap", "TYPOLOGY": null, "NO OF HOUS": null }, "geometry": { "type": "MultiPolygon", "coordinates": [ [ [ [ 73.229115522728677, 18.528638495547032 ], [ 73.229247339186088, 18.528621249842232 ], [ 73.229241190408658, 18.528578998027911 ], [ 73.229109373951232, 18.528596243736974 ], [ 73.229115522728677, 18.528638495547032 ] ] ] ] } },
{ "type": "Feature", "properties": { "fid": 149.0, "NAME": "zap", "TYPOLOGY": null, "NO OF HOUS": null }, "geometry": { "type": "MultiPolygon", "coordinates": [ [ [ [ 73.229093695701778, 18.528790411784001 ], [ 73.229199182273106, 18.528776931018431 ], [ 73.229185587960259, 18.528681298176252 ], [ 73.229080101388917, 18.528694778949369 ], [ 73.229093695701778, 18.528790411784001 ] ] ] ] } },
{ "type": "Feature", "properties": { "fid": 150.0, "NAME": "zap", "TYPOLOGY": null, "NO OF HOUS": null }, "geometry": { "type": "MultiPolygon", "coordinates": [ [ [ [ 73.22896344271804, 18.528806501728614 ], [ 73.229076726122912, 18.528800848505007 ], [ 73.229073587876115, 18.528744312613309 ], [ 73.228960304471244, 18.528749965838792 ], [ 73.22896344271804, 18.528806501728614 ] ] ] ] } },
{ "type": "Feature", "properties": { "fid": 151.0, "NAME": "zap", "TYPOLOGY": null, "NO OF HOUS": null }, "geometry": { "type": "MultiPolygon", "coordinates": [ [ [ [ 73.228878594823698, 18.528922175339897 ], [ 73.228944638590093, 18.528914347804758 ], [ 73.228934126349344, 18.528834609210158 ], [ 73.228868082582949, 18.528842436748945 ], [ 73.228878594823698, 18.528922175339897 ] ] ] ] } },
{ "type": "Feature", "properties": { "fid": 152.0, "NAME": "zap", "TYPOLOGY": null, "NO OF HOUS": null }, "geometry": { "type": "MultiPolygon", "coordinates": [ [ [ [ 73.228983164120507, 18.528961313010203 ], [ 73.229059297906758, 18.528958703832465 ], [ 73.229056514548873, 18.528885689341394 ], [ 73.228980380762607, 18.528888298520247 ], [ 73.228983164120507, 18.528961313010203 ] ] ] ] } },
{ "type": "Feature", "properties": { "fid": 153.0, "NAME": "zap", "TYPOLOGY": null, "NO OF HOUS": null }, "geometry": { "type": "MultiPolygon", "coordinates": [ [ [ [ 73.228980380762607, 18.528888298520247 ], [ 73.229080395221033, 18.528878689029046 ], [ 73.229073188513468, 18.528811257046467 ], [ 73.228973174055042, 18.528820866541459 ], [ 73.228980380762607, 18.528888298520247 ] ] ] ] } },
{ "type": "Feature", "properties": { "fid": 154.0, "NAME": "zap", "TYPOLOGY": null, "NO OF HOUS": null }, "geometry": { "type": "MultiPolygon", "coordinates": [ [ [ [ 73.229101492535293, 18.528897823007185 ], [ 73.229211565479304, 18.528884777113234 ], [ 73.229202731318509, 18.52881776726457 ], [ 73.229092658374512, 18.52883081316363 ], [ 73.229101492535293, 18.528897823007185 ] ] ] ] } },
{ "type": "Feature", "properties": { "fid": 155.0, "NAME": "zap", "TYPOLOGY": null, "NO OF HOUS": null }, "geometry": { "type": "MultiPolygon", "coordinates": [ [ [ [ 73.229097823437172, 18.528843030245895 ], [ 73.229197806361299, 18.528828244894601 ], [ 73.229189463879052, 18.528777527569389 ], [ 73.229089480954912, 18.52879231292507 ], [ 73.229097823437172, 18.528843030245895 ] ] ] ] } },
{ "type": "Feature", "properties": { "fid": 156.0, "NAME": "zap", "TYPOLOGY": null, "NO OF HOUS": null }, "geometry": { "type": "MultiPolygon", "coordinates": [ [ [ [ 73.22910332708436, 18.528976968075817 ], [ 73.229224407322775, 18.528959573558382 ], [ 73.229212434271432, 18.528884647661421 ], [ 73.229091354033031, 18.528902042186481 ], [ 73.22910332708436, 18.528976968075817 ] ] ] ] } },
{ "type": "Feature", "properties": { "fid": 157.0, "NAME": "zap", "TYPOLOGY": null, "NO OF HOUS": null }, "geometry": { "type": "MultiPolygon", "coordinates": [ [ [ [ 73.229034531494378, 18.529043067225938 ], [ 73.229121672575033, 18.5290265424408 ], [ 73.229106222765992, 18.528953297755283 ], [ 73.229019081685323, 18.528969822547499 ], [ 73.229034531494378, 18.529043067225938 ] ] ] ] } },
{ "type": "Feature", "properties": { "fid": 158.0, "NAME": "zap", "TYPOLOGY": null, "NO OF HOUS": null }, "geometry": { "type": "MultiPolygon", "coordinates": [ [ [ [ 73.22914093534024, 18.529028281891947 ], [ 73.229250091009703, 18.529025672715221 ], [ 73.229248605019933, 18.528969783950966 ], [ 73.229139449350455, 18.528972393128537 ], [ 73.22914093534024, 18.529028281891947 ] ] ] ] } },
{ "type": "Feature", "properties": { "fid": 159.0, "NAME": "zap", "TYPOLOGY": null, "NO OF HOUS": null }, "geometry": { "type": "MultiPolygon", "coordinates": [ [ [ [ 73.229236331891727, 18.528774321837869 ], [ 73.229312465677992, 18.528765624569061 ], [ 73.229300326688801, 18.528670093572885 ], [ 73.229224192902535, 18.528678790846552 ], [ 73.229236331891727, 18.528774321837869 ] ] ] ] } },
{ "type": "Feature", "properties": { "fid": 160.0, "NAME": "zap", "TYPOLOGY": null, "NO OF HOUS": null }, "geometry": { "type": "MultiPolygon", "coordinates": [ [ [ [ 73.229189463879052, 18.528777527569389 ], [ 73.229236331891727, 18.528774321837869 ], [ 73.229229030090323, 18.528678349380083 ], [ 73.229182162077649, 18.528681555113405 ], [ 73.229189463879052, 18.528777527569389 ] ] ] ] } },
{ "type": "Feature", "properties": { "fid": 161.0, "NAME": "zap", "TYPOLOGY": null, "NO OF HOUS": null }, "geometry": { "type": "MultiPolygon", "coordinates": [ [ [ [ 73.229293202912785, 18.528901301912061 ], [ 73.229351908482911, 18.528890865197198 ], [ 73.229334503601407, 18.528802850913113 ], [ 73.229275798031281, 18.528813287633355 ], [ 73.229293202912785, 18.528901301912061 ] ] ] ] } },
{ "type": "Feature", "properties": { "fid": 162.0, "NAME": "zap", "TYPOLOGY": null, "NO OF HOUS": null }, "geometry": { "type": "MultiPolygon", "coordinates": [ [ [ [ 73.229201475459462, 18.528840421066338 ], [ 73.229264767402256, 18.528831723800902 ], [ 73.229255943793333, 18.528773996823904 ], [ 73.229192651850539, 18.528782694092286 ], [ 73.229201475459462, 18.528840421066338 ] ] ] ] } },
{ "type": "Feature", "properties": { "fid": 163.0, "NAME": "zap", "TYPOLOGY": null, "NO OF HOUS": null }, "geometry": { "type": "MultiPolygon", "coordinates": [ [ [ [ 73.229653691804387, 18.528736053851812 ], [ 73.229764682022932, 18.528701264766141 ], [ 73.229744833104277, 18.52864433413032 ], [ 73.229633842885761, 18.528679123227572 ], [ 73.229653691804387, 18.528736053851812 ] ] ] ] } },
{ "type": "Feature", "properties": { "fid": 164.0, "NAME": "zap", "TYPOLOGY": null, "NO OF HOUS": null }, "geometry": { "type": "MultiPolygon", "coordinates": [ [ [ [ 73.229668368196926, 18.528769973203524 ], [ 73.229768351121066, 18.528731705216494 ], [ 73.229752038982056, 18.528693390251096 ], [ 73.22965205605793, 18.528731658246706 ], [ 73.229668368196926, 18.528769973203524 ] ] ] ] } },
{ "type": "Feature", "properties": { "fid": 165.0, "NAME": "zap", "TYPOLOGY": null, "NO OF HOUS": null }, "geometry": { "type": "MultiPolygon", "coordinates": [ [ [ [ 73.229704141903724, 18.528828244894598 ], [ 73.229794952082528, 18.528803022821798 ], [ 73.229773235039758, 18.528732728305702 ], [ 73.229682424860954, 18.528757950388876 ], [ 73.229704141903724, 18.528828244894598 ] ] ] ] } },
{ "type": "Feature", "properties": { "fid": 166.0, "NAME": "zap", "TYPOLOGY": null, "NO OF HOUS": null }, "geometry": { "type": "MultiPolygon", "coordinates": [ [ [ [ 73.229618835372122, 18.528768233749751 ], [ 73.229657360902522, 18.52875779702676 ], [ 73.229633668022387, 18.528679170409827 ], [ 73.229595142491974, 18.528689607137618 ], [ 73.229618835372122, 18.528768233749751 ] ] ] ] } },
{ "type": "Feature", "properties": { "fid": 167.0, "NAME": "zap", "TYPOLOGY": null, "NO OF HOUS": null }, "geometry": { "type": "MultiPolygon", "coordinates": [ [ [ [ 73.229658278177055, 18.528829984347759 ], [ 73.229692217334801, 18.528814329268688 ], [ 73.229669246245876, 18.528769558525571 ], [ 73.229635307088131, 18.528785213608739 ], [ 73.229658278177055, 18.528829984347759 ] ] ] ] } },
{ "type": "Feature", "properties": { "fid": 168.0, "NAME": "zap", "TYPOLOGY": null, "NO OF HOUS": null }, "geometry": { "type": "MultiPolygon", "coordinates": [ [ [ [ 73.229523438820664, 18.528949136847071 ], [ 73.229616083548535, 18.52892652397038 ], [ 73.229590475044816, 18.528832201425754 ], [ 73.229497830316944, 18.528854814314926 ], [ 73.229523438820664, 18.528949136847071 ] ] ] ] } },
{ "type": "Feature", "properties": { "fid": 169.0, "NAME": "zap", "TYPOLOGY": null, "NO OF HOUS": null }, "geometry": { "type": "MultiPolygon", "coordinates": [ [ [ [ 73.229598655332396, 18.529032630519733 ], [ 73.229673871844142, 18.529021324087278 ], [ 73.229661629731851, 18.528948107434587 ], [ 73.229586413220105, 18.528959413871885 ], [ 73.229598655332396, 18.529032630519733 ] ] ] ] } },
{ "type": "Feature", "properties": { "fid": 170.0, "NAME": "zap", "TYPOLOGY": null, "NO OF HOUS": null }, "geometry": { "type": "MultiPolygon", "coordinates": [ [ [ [ 73.229445470485345, 18.529131779203041 ], [ 73.229604158979598, 18.52912308195242 ], [ 73.229599792384079, 18.529051455767451 ], [ 73.229441103889812, 18.529060153021721 ], [ 73.229445470485345, 18.529131779203041 ] ] ] ] } },
{ "type": "Feature", "properties": { "fid": 171.0, "NAME": "zap", "TYPOLOGY": null, "NO OF HOUS": null }, "geometry": { "type": "MultiPolygon", "coordinates": [ [ [ [ 73.229495003310149, 18.529055243382384 ], [ 73.229590399861607, 18.529042197500452 ], [ 73.229578766440696, 18.528965720211467 ], [ 73.229483369889238, 18.528978766099243 ], [ 73.229495003310149, 18.529055243382384 ] ] ] ] } },
{ "type": "Feature", "properties": { "fid": 172.0, "NAME": "zap", "TYPOLOGY": null, "NO OF HOUS": null }, "geometry": { "type": "MultiPolygon", "coordinates": [ [ [ [ 73.229463815976004, 18.528959573558385 ], [ 73.229523438820664, 18.528949136847071 ], [ 73.229506360880137, 18.528861426501813 ], [ 73.229446738035477, 18.52887186321848 ], [ 73.229463815976004, 18.528959573558385 ] ] ] ] } },
{ "type": "Feature", "properties": { "fid": 173.0, "NAME": "zap", "TYPOLOGY": null, "NO OF HOUS": null }, "geometry": { "type": "MultiPolygon", "coordinates": [ [ [ [ 73.229315217501593, 18.529115254426483 ], [ 73.229392268562407, 18.52911699387672 ], [ 73.229395091953833, 18.529004558443042 ], [ 73.229318040893034, 18.529002818991657 ], [ 73.229315217501593, 18.529115254426483 ] ] ] ] } },
{ "type": "Feature", "properties": { "fid": 174.0, "NAME": "zap", "TYPOLOGY": null, "NO OF HOUS": null }, "geometry": { "type": "MultiPolygon", "coordinates": [ [ [ [ 73.228968487728011, 18.529123951677501 ], [ 73.229050125161493, 18.529092641571765 ], [ 73.229021191662611, 18.529024819463697 ], [ 73.228939554229143, 18.529056129581861 ], [ 73.228968487728011, 18.529123951677501 ] ] ] ] } },
{ "type": "Feature", "properties": { "fid": 175.0, "NAME": "zap", "TYPOLOGY": null, "NO OF HOUS": null }, "geometry": { "type": "MultiPolygon", "coordinates": [ [ [ [ 73.22906296700495, 18.52912308195242 ], [ 73.229140018065749, 18.529108296625349 ], [ 73.229122531910917, 18.529026373316334 ], [ 73.229045480850118, 18.52904115865049 ], [ 73.22906296700495, 18.52912308195242 ] ] ] ] } },
{ "type": "Feature", "properties": { "fid": 176.0, "NAME": "zap", "TYPOLOGY": null, "NO OF HOUS": null }, "geometry": { "type": "MultiPolygon", "coordinates": [ [ [ [ 73.229140018065749, 18.529131779203041 ], [ 73.229251925558813, 18.52912308195242 ], [ 73.229244432046002, 18.529036400125783 ], [ 73.229132524552938, 18.529045097380816 ], [ 73.229140018065749, 18.529131779203041 ] ] ] ] } },
{ "type": "Feature", "properties": { "fid": 177.0, "NAME": "zap", "TYPOLOGY": null, "NO OF HOUS": null }, "geometry": { "type": "MultiPolygon", "coordinates": [ [ [ [ 73.228985915944151, 18.529184832422249 ], [ 73.229071222475753, 18.529153522327665 ], [ 73.229046687500997, 18.52909342589097 ], [ 73.228961380969395, 18.529124735996568 ], [ 73.228985915944151, 18.529184832422249 ] ] ] ] } },
{ "type": "Feature", "properties": { "fid": 178.0, "NAME": "zap", "TYPOLOGY": null, "NO OF HOUS": null }, "geometry": { "type": "MultiPolygon", "coordinates": [ [ [ [ 73.229061132455882, 18.529239625073984 ], [ 73.229145521712951, 18.529228318655225 ], [ 73.229131255183376, 18.529132589256641 ], [ 73.229046865926293, 18.529143895681731 ], [ 73.229061132455882, 18.529239625073984 ] ] ] ] } },
{ "type": "Feature", "properties": { "fid": 179.0, "NAME": "zap", "TYPOLOGY": null, "NO OF HOUS": null }, "geometry": { "type": "MultiPolygon", "coordinates": [ [ [ [ 73.229073974299354, 18.529277023223024 ], [ 73.229151025360153, 18.529273544325783 ], [ 73.229149093271715, 18.52923507375592 ], [ 73.22907204221093, 18.529238552653947 ], [ 73.229073974299354, 18.529277023223024 ] ] ] ] } },
{ "type": "Feature", "properties": { "fid": 180.0, "NAME": "zap", "TYPOLOGY": null, "NO OF HOUS": null }, "geometry": { "type": "MultiPolygon", "coordinates": [ [ [ [ 73.228854745685879, 18.529227448930673 ], [ 73.228964818629876, 18.529201357192083 ], [ 73.228943666257138, 18.529121133684804 ], [ 73.228833593313141, 18.52914722543564 ], [ 73.228854745685879, 18.529227448930673 ] ] ] ] } },
{ "type": "Feature", "properties": { "fid": 181.0, "NAME": "zap", "TYPOLOGY": null, "NO OF HOUS": null }, "geometry": { "type": "MultiPolygon", "coordinates": [ [ [ [ 73.228833593313141, 18.52914722543564 ], [ 73.228908864883337, 18.529130039752953 ], [ 73.228894875430925, 18.529074955148541 ], [ 73.228819603860728, 18.529092140836767 ], [ 73.228833593313141, 18.52914722543564 ] ] ] ] } },
{ "type": "Feature", "properties": { "fid": 182.0, "NAME": "zap", "TYPOLOGY": null, "NO OF HOUS": null }, "geometry": { "type": "MultiPolygon", "coordinates": [ [ [ [ 73.228939554229143, 18.529056129581861 ], [ 73.229005178709343, 18.52902828189195 ], [ 73.228974957034879, 18.528964255198691 ], [ 73.228909332554679, 18.528992102899029 ], [ 73.228939554229143, 18.529056129581861 ] ] ] ] } },
{ "type": "Feature", "properties": { "fid": 183.0, "NAME": "zap", "TYPOLOGY": null, "NO OF HOUS": null }, "geometry": { "type": "MultiPolygon", "coordinates": [ [ [ [ 73.228830896548018, 18.529036979147399 ], [ 73.228925375824943, 18.529032630519733 ], [ 73.228923444849784, 18.528994914413726 ], [ 73.228828965572845, 18.528999263042355 ], [ 73.228830896548018, 18.529036979147399 ] ] ] ] } },
{ "type": "Feature", "properties": { "fid": 184.0, "NAME": "zap", "TYPOLOGY": null, "NO OF HOUS": null }, "geometry": { "type": "MultiPolygon", "coordinates": [ [ [ [ 73.22883731746974, 18.528990013962741 ], [ 73.228909332554679, 18.528992102899029 ], [ 73.228911732921802, 18.528917708192314 ], [ 73.228839717836863, 18.528915619255116 ], [ 73.22883731746974, 18.528990013962741 ] ] ] ] } },
{ "type": "Feature", "properties": { "fid": 185.0, "NAME": "zap", "TYPOLOGY": null, "NO OF HOUS": null }, "geometry": { "type": "MultiPolygon", "coordinates": [ [ [ [ 73.228909332554679, 18.528992102899029 ], [ 73.228974957034879, 18.528964255198691 ], [ 73.228911732921802, 18.528917708192314 ], [ 73.228909332554679, 18.528992102899029 ] ] ] ] } },
{ "type": "Feature", "properties": { "fid": 186.0, "NAME": "zap", "TYPOLOGY": null, "NO OF HOUS": null }, "geometry": { "type": "MultiPolygon", "coordinates": [ [ [ [ 73.228716237231353, 18.528985665333881 ], [ 73.228812551057359, 18.528983925882304 ], [ 73.228811175013874, 18.528915428407679 ], [ 73.228714861187868, 18.528917167859952 ], [ 73.228716237231353, 18.528985665333881 ] ] ] ] } },
{ "type": "Feature", "properties": { "fid": 187.0, "NAME": "zap", "TYPOLOGY": null, "NO OF HOUS": null }, "geometry": { "type": "MultiPolygon", "coordinates": [ [ [ [ 73.228677711700954, 18.529083944319151 ], [ 73.228797874664821, 18.529073507615429 ], [ 73.228790719611553, 18.528999447258428 ], [ 73.228670556647685, 18.529009883966669 ], [ 73.228677711700954, 18.529083944319151 ] ] ] ] } },
{ "type": "Feature", "properties": { "fid": 188.0, "NAME": "zap", "TYPOLOGY": null, "NO OF HOUS": null }, "geometry": { "type": "MultiPolygon", "coordinates": [ [ [ [ 73.228763018232556, 18.529214403061875 ], [ 73.22884740748961, 18.529194399394452 ], [ 73.22882836047728, 18.529122160777177 ], [ 73.228743971220226, 18.529142164453052 ], [ 73.228763018232556, 18.529214403061875 ] ] ] ] } },
{ "type": "Feature", "properties": { "fid": 189.0, "NAME": "zap", "TYPOLOGY": null, "NO OF HOUS": null }, "geometry": { "type": "MultiPolygon", "coordinates": [ [ [ [ 73.228709816309618, 18.529155261777511 ], [ 73.228815302880946, 18.52913264892808 ], [ 73.228798716046327, 18.529063087140937 ], [ 73.228693229474999, 18.52908569999957 ], [ 73.228709816309618, 18.529155261777511 ] ] ] ] } },
{ "type": "Feature", "properties": { "fid": 190.0, "NAME": "zap", "TYPOLOGY": null, "NO OF HOUS": null }, "geometry": { "type": "MultiPolygon", "coordinates": [ [ [ [ 73.228571307855077, 18.529257019562927 ], [ 73.228728161800277, 18.529236146175982 ], [ 73.228718210170882, 18.529168916422169 ], [ 73.228561356225697, 18.52918978981732 ], [ 73.228571307855077, 18.529257019562927 ] ] ] ] } },
{ "type": "Feature", "properties": { "fid": 191.0, "NAME": "zap", "TYPOLOGY": null, "NO OF HOUS": null }, "geometry": { "type": "MultiPolygon", "coordinates": [ [ [ [ 73.228372259281343, 18.52909525074746 ], [ 73.228422709380666, 18.529086553494981 ], [ 73.228411740065809, 18.529029349676826 ], [ 73.228361289966472, 18.529038046932214 ], [ 73.228372259281343, 18.52909525074746 ] ] ] ] } },
{ "type": "Feature", "properties": { "fid": 192.0, "NAME": "zap", "TYPOLOGY": null, "NO OF HOUS": null }, "geometry": { "type": "MultiPolygon", "coordinates": [ [ [ [ 73.228808881959225, 18.529452707441557 ], [ 73.228916203079606, 18.529408351542031 ], [ 73.22885494109228, 18.529275094898168 ], [ 73.228747619971898, 18.529319450832269 ], [ 73.228808881959225, 18.529452707441557 ] ] ] ] } },
{ "type": "Feature", "properties": { "fid": 193.0, "NAME": "zap", "TYPOLOGY": null, "NO OF HOUS": null }, "geometry": { "type": "MultiPolygon", "coordinates": [ [ [ [ 73.228932714021212, 18.529377041488377 ], [ 73.229026276023617, 18.529349210324764 ], [ 73.229004130403339, 18.5292822804191 ], [ 73.228910568400934, 18.52931011159361 ], [ 73.228932714021212, 18.529377041488377 ] ] ] ] } },
{ "type": "Feature", "properties": { "fid": 194.0, "NAME": "zap", "TYPOLOGY": null, "NO OF HOUS": null }, "geometry": { "type": "MultiPolygon", "coordinates": [ [ [ [ 73.22889602303988, 18.529325727776939 ], [ 73.228988667767752, 18.529301375501714 ], [ 73.228962396922867, 18.529211525166094 ], [ 73.22886975219501, 18.529235877454113 ], [ 73.22889602303988, 18.529325727776939 ] ] ] ] } },
{ "type": "Feature", "properties": { "fid": 195.0, "NAME": "zap", "TYPOLOGY": null, "NO OF HOUS": null }, "geometry": { "type": "MultiPolygon", "coordinates": [ [ [ [ 73.228714402682286, 18.529314421363871 ], [ 73.228822641077215, 18.529294417708154 ], [ 73.228808080834938, 18.5292235896904 ], [ 73.228699842440008, 18.529243593354405 ], [ 73.228714402682286, 18.529314421363871 ] ] ] ] } },
{ "type": "Feature", "properties": { "fid": 196.0, "NAME": "zap", "TYPOLOGY": null, "NO OF HOUS": null }, "geometry": { "type": "MultiPolygon", "coordinates": [ [ [ [ 73.228501594990547, 18.529468362462175 ], [ 73.228633682523352, 18.529440531313423 ], [ 73.228614799926206, 18.529359964498106 ], [ 73.228482712393401, 18.529387795659972 ], [ 73.228501594990547, 18.529468362462175 ] ] ] ] } },
{ "type": "Feature", "properties": { "fid": 197.0, "NAME": "zap", "TYPOLOGY": null, "NO OF HOUS": null }, "geometry": { "type": "MultiPolygon", "coordinates": [ [ [ [ 73.228458483087493, 18.529404872647468 ], [ 73.22850985046135, 18.529394435963344 ], [ 73.228498140710784, 18.52934262323507 ], [ 73.228446773336927, 18.529353059922357 ], [ 73.228458483087493, 18.529404872647468 ] ] ] ] } },
{ "type": "Feature", "properties": { "fid": 198.0, "NAME": "zap", "TYPOLOGY": null, "NO OF HOUS": null }, "geometry": { "type": "MultiPolygon", "coordinates": [ [ [ [ 73.228669456230179, 18.529295287432365 ], [ 73.228708899035112, 18.529288329638561 ], [ 73.228700648493927, 18.529246281846252 ], [ 73.228661205688994, 18.529253239641772 ], [ 73.228669456230179, 18.529295287432365 ] ] ] ] } },
{ "type": "Feature", "properties": { "fid": 199.0, "NAME": "zap", "TYPOLOGY": null, "NO OF HOUS": null }, "geometry": { "type": "MultiPolygon", "coordinates": [ [ [ [ 73.229427124994743, 18.529611214459049 ], [ 73.229553708880331, 18.529631435508321 ], [ 73.229566397666645, 18.529560025732142 ], [ 73.229439813781056, 18.529539804674428 ], [ 73.229427124994743, 18.529611214459049 ] ] ] ] } },
{ "type": "Feature", "properties": { "fid": 200.0, "NAME": "zap", "TYPOLOGY": null, "NO OF HOUS": null }, "geometry": { "type": "MultiPolygon", "coordinates": [ [ [ [ 73.229453267318945, 18.529529677945778 ], [ 73.229566397666645, 18.529560025732142 ], [ 73.229596866364304, 18.529457915500135 ], [ 73.229483736016618, 18.529427567695645 ], [ 73.229453267318945, 18.529529677945778 ] ] ] ] } },
{ "type": "Feature", "properties": { "fid": 201.0, "NAME": "zap", "TYPOLOGY": null, "NO OF HOUS": null }, "geometry": { "type": "MultiPolygon", "coordinates": [ [ [ [ 73.229470466216426, 18.529409656127491 ], [ 73.229581227116327, 18.529432486371157 ], [ 73.229602129031434, 18.529341321840516 ], [ 73.229491368131534, 18.529318491584679 ], [ 73.229470466216426, 18.529409656127491 ] ] ] ] } },
{ "type": "Feature", "properties": { "fid": 202.0, "NAME": "zap", "TYPOLOGY": "factory", "NO OF HOUS": null }, "geometry": { "type": "MultiPolygon", "coordinates": [ [ [ [ 73.22792806908862, 18.530096518981441 ], [ 73.228104185799026, 18.530106955622706 ], [ 73.22812727948822, 18.52975661225155 ], [ 73.227951162777828, 18.529746175588901 ], [ 73.22792806908862, 18.530096518981441 ] ] ] ] } },
{ "type": "Feature", "properties": { "fid": 203.0, "NAME": null, "TYPOLOGY": "factory", "NO OF HOUS": null }, "geometry": { "type": "MultiPolygon", "coordinates": [ [ [ [ 73.228635287753832, 18.530482674283753 ], [ 73.229235185298649, 18.530540075673134 ], [ 73.229256331096536, 18.530341403426984 ], [ 73.228656433551734, 18.530284001970884 ], [ 73.228635287753832, 18.530482674283753 ] ] ] ] } },
{ "type": "Feature", "properties": { "fid": 204.0, "NAME": null, "TYPOLOGY": "factory", "NO OF HOUS": null }, "geometry": { "type": "MultiPolygon", "coordinates": [ [ [ [ 73.22842064551304, 18.530226976951418 ], [ 73.228560988516648, 18.530242631901128 ], [ 73.228585207808578, 18.530047440612446 ], [ 73.22844486480497, 18.530031785644862 ], [ 73.22842064551304, 18.530226976951418 ] ] ] ] } },
{ "type": "Feature", "properties": { "fid": 205.0, "NAME": null, "TYPOLOGY": "factory", "NO OF HOUS": null }, "geometry": { "type": "MultiPolygon", "coordinates": [ [ [ [ 73.228343594452241, 18.530211322000277 ], [ 73.22842064551304, 18.530226976951418 ], [ 73.228464077488255, 18.530034802141031 ], [ 73.228387026427455, 18.53001914717229 ], [ 73.228343594452241, 18.530211322000277 ] ] ] ] } },
{ "type": "Feature", "properties": { "fid": 206.0, "NAME": null, "TYPOLOGY": "factory", "NO OF HOUS": null }, "geometry": { "type": "MultiPolygon", "coordinates": [ [ [ [ 73.228944867908865, 18.530253720822966 ], [ 73.229072827706275, 18.530264157454628 ], [ 73.229086943971851, 18.530108563492345 ], [ 73.22895898417444, 18.530098126851183 ], [ 73.228944867908865, 18.530253720822966 ] ] ] ] } },
{ "type": "Feature", "properties": { "fid": 207.0, "NAME": null, "TYPOLOGY": "factory", "NO OF HOUS": null }, "geometry": { "type": "MultiPolygon", "coordinates": [ [ [ [ 73.229178772914878, 18.530294162767117 ], [ 73.229248944416682, 18.530311122289234 ], [ 73.229302400103109, 18.530112283720399 ], [ 73.229232228601305, 18.530095324178557 ], [ 73.229178772914878, 18.530294162767117 ] ] ] ] } },
{ "type": "Feature", "properties": { "fid": 208.0, "NAME": null, "TYPOLOGY": "factory", "NO OF HOUS": null }, "geometry": { "type": "MultiPolygon", "coordinates": [ [ [ [ 73.228647670960058, 18.530114130813207 ], [ 73.228738481138862, 18.530120653713396 ], [ 73.228747905160986, 18.530002705734457 ], [ 73.228657094982182, 18.529996182829763 ], [ 73.228647670960058, 18.530114130813207 ] ] ] ] } },
{ "type": "Feature", "properties": { "fid": 209.0, "NAME": null, "TYPOLOGY": "factory", "NO OF HOUS": null }, "geometry": { "type": "MultiPolygon", "coordinates": [ [ [ [ 73.228739857050655, 18.530082820888822 ], [ 73.229086943971851, 18.530108563492345 ], [ 73.229093929924559, 18.530023885242066 ], [ 73.228746843003378, 18.529998142625793 ], [ 73.228739857050655, 18.530082820888822 ] ] ] ] } },
{ "type": "Feature", "properties": { "fid": 210.0, "NAME": null, "TYPOLOGY": "factory", "NO OF HOUS": null }, "geometry": { "type": "MultiPolygon", "coordinates": [ [ [ [ 73.228911846025653, 18.530587692720154 ], [ 73.228918725584649, 18.530544641691918 ], [ 73.228873320495254, 18.530539423384731 ], [ 73.22887194458346, 18.530506808961182 ], [ 73.228825163582258, 18.530501590652836 ], [ 73.228826539494051, 18.530581169837784 ], [ 73.228911846025653, 18.530587692720154 ] ] ] ] } },
{ "type": "Feature", "properties": { "fid": 211.0, "NAME": null, "TYPOLOGY": "factory", "NO OF HOUS": null }, "geometry": { "type": "MultiPolygon", "coordinates": [ [ [ [ 73.229231057563268, 18.530977760633334 ], [ 73.229312236359462, 18.530964714898118 ], [ 73.229266831270067, 18.530634657465871 ], [ 73.229231057563268, 18.530977760633334 ] ] ] ] } },
{ "type": "Feature", "properties": { "fid": 212.0, "NAME": null, "TYPOLOGY": "factory", "NO OF HOUS": null }, "geometry": { "type": "MultiPolygon", "coordinates": [ [ [ [ 73.229045309470251, 18.5311669236821 ], [ 73.229246192593052, 18.531159096249748 ], [ 73.229231057563268, 18.530977760633334 ], [ 73.229028798528645, 18.531007765820561 ], [ 73.229045309470251, 18.5311669236821 ] ] ] ] } },
{ "type": "Feature", "properties": { "fid": 213.0, "NAME": null, "TYPOLOGY": "factory", "NO OF HOUS": null }, "geometry": { "type": "MultiPolygon", "coordinates": [ [ [ [ 73.229020543057842, 18.531323472253803 ], [ 73.229097594118656, 18.531253025414276 ], [ 73.229014948884725, 18.531171763054044 ], [ 73.228937897823926, 18.531242209927061 ], [ 73.229020543057842, 18.531323472253803 ] ] ] ] } },
{ "type": "Feature", "properties": { "fid": 214.0, "NAME": null, "TYPOLOGY": "factory", "NO OF HOUS": null }, "geometry": { "type": "MultiPolygon", "coordinates": [ [ [ [ 73.229231057563268, 18.530977760633334 ], [ 73.229312236359462, 18.530964714898118 ], [ 73.229253572280342, 18.530636542034106 ], [ 73.229172393484134, 18.530649587794368 ], [ 73.229231057563268, 18.530977760633334 ] ] ] ] } },
{ "type": "Feature", "properties": { "fid": 215.0, "NAME": null, "TYPOLOGY": "factory", "NO OF HOUS": null }, "geometry": { "type": "MultiPolygon", "coordinates": [ [ [ [ 73.229625256294, 18.531787898839546 ], [ 73.229687172324986, 18.531780071435634 ], [ 73.229674119279551, 18.531687249816329 ], [ 73.22961220324855, 18.531695077224494 ], [ 73.229625256294, 18.531787898839546 ] ] ] ] } },
{ "type": "Feature", "properties": { "fid": 216.0, "NAME": null, "TYPOLOGY": "factory", "NO OF HOUS": null }, "geometry": { "type": "MultiPolygon", "coordinates": [ [ [ [ 73.229700931443006, 18.531635264398613 ], [ 73.229755967914997, 18.531628741556219 ], [ 73.229745468457537, 18.531549101191398 ], [ 73.229690431985532, 18.531555624036827 ], [ 73.229700931443006, 18.531635264398613 ] ] ] ] } },
{ "type": "Feature", "properties": { "fid": 217.0, "NAME": null, "TYPOLOGY": "factory", "NO OF HOUS": null }, "geometry": { "type": "MultiPolygon", "coordinates": [ [ [ [ 73.229546829321407, 18.531677010584033 ], [ 73.229673413206996, 18.531669835459141 ], [ 73.229666004035479, 18.531552326460496 ], [ 73.229539420149877, 18.531559501590319 ], [ 73.229546829321407, 18.531677010584033 ] ] ] ] } },
{ "type": "Feature", "properties": { "fid": 218.0, "NAME": null, "TYPOLOGY": "factory", "NO OF HOUS": null }, "geometry": { "type": "MultiPolygon", "coordinates": [ [ [ [ 73.229495232628892, 18.531707015648511 ], [ 73.22954889318909, 18.531697883672919 ], [ 73.229527089219374, 18.531582703320883 ], [ 73.229473428659176, 18.531591835302624 ], [ 73.229495232628892, 18.531707015648511 ] ] ] ] } },
{ "type": "Feature", "properties": { "fid": 219.0, "NAME": null, "TYPOLOGY": "factory", "NO OF HOUS": null }, "geometry": { "type": "MultiPolygon", "coordinates": [ [ [ [ 73.229482161466805, 18.531581777083638 ], [ 73.229561276395302, 18.531573949670285 ], [ 73.229553580519138, 18.531504021657575 ], [ 73.229474465590641, 18.531511849074128 ], [ 73.229482161466805, 18.531581777083638 ] ] ] ] } },
{ "type": "Feature", "properties": { "fid": 220.0, "NAME": null, "TYPOLOGY": "factory", "NO OF HOUS": null }, "geometry": { "type": "MultiPolygon", "coordinates": [ [ [ [ 73.229561276395302, 18.531573949670285 ], [ 73.229665157736193, 18.531566774541069 ], [ 73.22965955868699, 18.531493900124367 ], [ 73.22955567734607, 18.531501075256649 ], [ 73.229561276395302, 18.531573949670285 ] ] ] ] } },
{ "type": "Feature", "properties": { "fid": 221.0, "NAME": null, "TYPOLOGY": "factory", "NO OF HOUS": null }, "geometry": { "type": "MultiPolygon", "coordinates": [ [ [ [ 73.229502800143791, 18.531786594272255 ], [ 73.22955198899065, 18.531786920414081 ], [ 73.229552171102, 18.531762228827354 ], [ 73.229502982255156, 18.531761902685478 ], [ 73.229502800143791, 18.531786594272255 ] ] ] ] } },
{ "type": "Feature", "properties": { "fid": 222.0, "NAME": "zap", "TYPOLOGY": "zap adivasi school", "NO OF HOUS": null }, "geometry": { "type": "MultiPolygon", "coordinates": [ [ [ [ 73.232798796860791, 18.53389965409232 ], [ 73.232985920865602, 18.533848776589114 ], [ 73.232962530365, 18.533740498775469 ], [ 73.232820811449599, 18.533775721686233 ], [ 73.232830442832196, 18.533818771900641 ], [ 73.232782285919185, 18.533835731073033 ], [ 73.232798796860791, 18.53389965409232 ] ] ] ] } },
{ "type": "Feature", "properties": { "fid": 223.0, "NAME": null, "TYPOLOGY": "zap adivasi school", "NO OF HOUS": null }, "geometry": { "type": "MultiPolygon", "coordinates": [ [ [ [ 73.232691475740396, 18.534493223843882 ], [ 73.232787789566387, 18.534503660216675 ], [ 73.232799501614664, 18.534406495180086 ], [ 73.232703187788672, 18.534396058801352 ], [ 73.232691475740396, 18.534493223843882 ] ] ] ] } },
{ "type": "Feature", "properties": { "fid": 224.0, "NAME": null, "TYPOLOGY": "zap adivasi school", "NO OF HOUS": null }, "geometry": { "type": "MultiPolygon", "coordinates": [ [ [ [ 73.232676340710597, 18.534244055254181 ], [ 73.232752015859603, 18.534255796190649 ], [ 73.232777947911089, 18.534105541906136 ], [ 73.232702272762097, 18.534093800959351 ], [ 73.232676340710597, 18.534244055254181 ] ] ] ] } },
{ "type": "Feature", "properties": { "fid": 225.0, "NAME": null, "TYPOLOGY": "zap adivasi school", "NO OF HOUS": null }, "geometry": { "type": "MultiPolygon", "coordinates": [ [ [ [ 73.232278702200375, 18.533795289966854 ], [ 73.232315851818981, 18.533833121969696 ], [ 73.232368622054608, 18.533786539173807 ], [ 73.232331472436016, 18.533748707160647 ], [ 73.232278702200375, 18.533795289966854 ] ] ] ] } },
{ "type": "Feature", "properties": { "fid": 226.0, "NAME": null, "TYPOLOGY": "zap adivasi school", "NO OF HOUS": null }, "geometry": { "type": "MultiPolygon", "coordinates": [ [ [ [ 73.232450691175387, 18.534069245660277 ], [ 73.23251811085359, 18.534074463859692 ], [ 73.232525900623941, 18.533983988371176 ], [ 73.232458480945724, 18.533978770168993 ], [ 73.232450691175387, 18.534069245660277 ] ] ] ] } },
{ "type": "Feature", "properties": { "fid": 227.0, "NAME": null, "TYPOLOGY": "zap adivasi school", "NO OF HOUS": null }, "geometry": { "type": "MultiPolygon", "coordinates": [ [ [ [ 73.232982825064056, 18.534166434598362 ], [ 73.233005527608768, 18.534171652794814 ], [ 73.233017149043164, 18.53412620073415 ], [ 73.232994446498466, 18.534120982536304 ], [ 73.232982825064056, 18.534166434598362 ] ] ] ] } },
{ "type": "Feature", "properties": { "fid": 228.0, "NAME": null, "TYPOLOGY": "zap adivasi school", "NO OF HOUS": null }, "geometry": { "type": "MultiPolygon", "coordinates": [ [ [ [ 73.23304267722736, 18.534187959657711 ], [ 73.233090146184466, 18.534191873304572 ], [ 73.23309522071645, 18.534136542920425 ], [ 73.233047751759358, 18.534132629272293 ], [ 73.23304267722736, 18.534187959657711 ] ] ] ] } },
{ "type": "Feature", "properties": { "fid": 229.0, "NAME": null, "TYPOLOGY": "zap adivasi school", "NO OF HOUS": null }, "geometry": { "type": "MultiPolygon", "coordinates": [ [ [ [ 73.233005527608768, 18.534171652794814 ], [ 73.233045429050961, 18.534169043696604 ], [ 73.233042781782615, 18.5341326491884 ], [ 73.233002880340408, 18.534135258287161 ], [ 73.233005527608768, 18.534171652794814 ] ] ] ] } },
{ "type": "Feature", "properties": { "fid": 230.0, "NAME": null, "TYPOLOGY": "zap adivasi school", "NO OF HOUS": null }, "geometry": { "type": "MultiPolygon", "coordinates": [ [ [ [ 73.232845921839967, 18.534184698285255 ], [ 73.232911965606363, 18.534195134676892 ], [ 73.232936213463788, 18.534057193296423 ], [ 73.232870169697392, 18.534046756896366 ], [ 73.232845921839967, 18.534184698285255 ] ] ] ] } },
{ "type": "Feature", "properties": { "fid": 231.0, "NAME": null, "TYPOLOGY": "zap adivasi school", "NO OF HOUS": null }, "geometry": { "type": "MultiPolygon", "coordinates": [ [ [ [ 73.232831474766058, 18.534142952712344 ], [ 73.232852113443059, 18.534147518634878 ], [ 73.232875203925232, 18.534053691980763 ], [ 73.232854565248218, 18.534049126055724 ], [ 73.232831474766058, 18.534142952712344 ] ] ] ] } },
{ "type": "Feature", "properties": { "fid": 232.0, "NAME": null, "TYPOLOGY": "zap adivasi school", "NO OF HOUS": null }, "geometry": { "type": "MultiPolygon", "coordinates": [ [ [ [ 73.232655702033611, 18.534032065984778 ], [ 73.232742040499048, 18.534035001222612 ], [ 73.232745309688511, 18.533948555881675 ], [ 73.232658971223074, 18.53394562064236 ], [ 73.232655702033611, 18.534032065984778 ] ] ] ] } },
{ "type": "Feature", "properties": { "fid": 233.0, "NAME": null, "TYPOLOGY": "zap adivasi school", "NO OF HOUS": null }, "geometry": { "type": "MultiPolygon", "coordinates": [ [ [ [ 73.232458602668245, 18.534427344225918 ], [ 73.232510887316636, 18.534429301046618 ], [ 73.232513428464699, 18.53436826427399 ], [ 73.232461143816295, 18.534366307452586 ], [ 73.232458602668245, 18.534427344225918 ] ] ] ] } },
{ "type": "Feature", "properties": { "fid": 234.0, "NAME": null, "TYPOLOGY": "zap adivasi school", "NO OF HOUS": null }, "geometry": { "type": "MultiPolygon", "coordinates": [ [ [ [ 73.232495752286852, 18.534371900963393 ], [ 73.232570739479939, 18.534378423701096 ], [ 73.232578769206427, 18.534295439262095 ], [ 73.232503782013339, 18.534288916521223 ], [ 73.232495752286852, 18.534371900963393 ] ] ] ] } },
{ "type": "Feature", "properties": { "fid": 235.0, "NAME": null, "TYPOLOGY": "zap adivasi school", "NO OF HOUS": null }, "geometry": { "type": "MultiPolygon", "coordinates": [ [ [ [ 73.232517078919741, 18.534282539431814 ], [ 73.232567299700449, 18.534281234883561 ], [ 73.232564906221228, 18.534198404021296 ], [ 73.232514685440535, 18.534199708570181 ], [ 73.232517078919741, 18.534282539431814 ] ] ] ] } },
{ "type": "Feature", "properties": { "fid": 236.0, "NAME": null, "TYPOLOGY": "zap adivasi school", "NO OF HOUS": null }, "geometry": { "type": "MultiPolygon", "coordinates": [ [ [ [ 73.232485432948337, 18.534176218716588 ], [ 73.232592066112844, 18.53419122103011 ], [ 73.232605057803383, 18.534108209309164 ], [ 73.232498424638877, 18.534093206988359 ], [ 73.232485432948337, 18.534176218716588 ] ] ] ] } },
{ "type": "Feature", "properties": { "fid": 237.0, "NAME": null, "TYPOLOGY": "zap adivasi school", "NO OF HOUS": null }, "geometry": { "type": "MultiPolygon", "coordinates": [ [ [ [ 73.232586562465642, 18.534382989617335 ], [ 73.232649854408436, 18.534390816902039 ], [ 73.232660703360281, 18.534311955637367 ], [ 73.232597411417473, 18.534304128349049 ], [ 73.232586562465642, 18.534382989617335 ] ] ] ] } },
{ "type": "Feature", "properties": { "fid": 238.0, "NAME": null, "TYPOLOGY": "zap adivasi school", "NO OF HOUS": null }, "geometry": { "type": "MultiPolygon", "coordinates": [ [ [ [ 73.232548036935214, 18.534429953320181 ], [ 73.232541157376218, 18.534458653354456 ], [ 73.232690147656172, 18.534490758476228 ], [ 73.232697027215167, 18.534462058447346 ], [ 73.232548036935214, 18.534429953320181 ] ] ] ] } },
{ "type": "Feature", "properties": { "fid": 239.0, "NAME": null, "TYPOLOGY": "zap adivasi school", "NO OF HOUS": null }, "geometry": { "type": "MultiPolygon", "coordinates": [ [ [ [ 73.232548036935214, 18.534429953320181 ], [ 73.232697027215167, 18.534462058447346 ], [ 73.232712514586424, 18.534397448473978 ], [ 73.232563524306457, 18.534365343334681 ], [ 73.232548036935214, 18.534429953320181 ] ] ] ] } },
{ "type": "Feature", "properties": { "fid": 240.0, "NAME": null, "TYPOLOGY": "zap adivasi school", "NO OF HOUS": null }, "geometry": { "type": "MultiPolygon", "coordinates": [ [ [ [ 73.232805332441856, 18.534321023600778 ], [ 73.232872064164155, 18.534336025901581 ], [ 73.232889507055376, 18.534266277883109 ], [ 73.232822775333076, 18.534251275576182 ], [ 73.232805332441856, 18.534321023600778 ] ] ] ] } },
{ "type": "Feature", "properties": { "fid": 241.0, "NAME": null, "TYPOLOGY": "zap adivasi school", "NO OF HOUS": null }, "geometry": { "type": "MultiPolygon", "coordinates": [ [ [ [ 73.232792261279741, 18.534391469175748 ], [ 73.232834914545549, 18.534404514649406 ], [ 73.232853716480378, 18.534349251765164 ], [ 73.232811063214569, 18.534336206287286 ], [ 73.232792261279741, 18.534391469175748 ] ] ] ] } },
{ "type": "Feature", "properties": { "fid": 242.0, "NAME": null, "TYPOLOGY": "zap adivasi school", "NO OF HOUS": null }, "geometry": { "type": "MultiPolygon", "coordinates": [ [ [ [ 73.232864496649256, 18.534414951027617 ], [ 73.232912653562252, 18.534422126037263 ], [ 73.23292380347381, 18.534354852221888 ], [ 73.232875646560814, 18.534347677209414 ], [ 73.232864496649256, 18.534414951027617 ] ] ] ] } },
{ "type": "Feature", "properties": { "fid": 243.0, "NAME": null, "TYPOLOGY": "zap adivasi school", "NO OF HOUS": null }, "geometry": { "type": "MultiPolygon", "coordinates": [ [ [ [ 73.232922284944848, 18.534437780602733 ], [ 73.23297319368146, 18.534453435166764 ], [ 73.232988160572987, 18.534409680814299 ], [ 73.232937251836375, 18.534394026246257 ], [ 73.232922284944848, 18.534437780602733 ] ] ] ] } },
{ "type": "Feature", "properties": { "fid": 244.0, "NAME": null, "TYPOLOGY": "zap adivasi school", "NO OF HOUS": null }, "geometry": { "type": "MultiPolygon", "coordinates": [ [ [ [ 73.228868160825996, 18.533183453999325 ], [ 73.228953467357599, 18.533156058307753 ], [ 73.228923452009155, 18.53307203721916 ], [ 73.228838145477539, 18.533099432924203 ], [ 73.228868160825996, 18.533183453999325 ] ] ] ] } },
{ "type": "Feature", "properties": { "fid": 245.0, "NAME": null, "TYPOLOGY": "zap adivasi school", "NO OF HOUS": null }, "geometry": { "type": "MultiPolygon", "coordinates": [ [ [ [ 73.228789733853404, 18.53311431248359 ], [ 73.228909438179997, 18.533086916780931 ], [ 73.228887173597542, 18.532999461263724 ], [ 73.228767469270934, 18.533026856980392 ], [ 73.228789733853404, 18.53311431248359 ] ] ] ] } },
{ "type": "Feature", "properties": { "fid": 246.0, "NAME": null, "TYPOLOGY": "zap adivasi school", "NO OF HOUS": null }, "geometry": { "type": "MultiPolygon", "coordinates": [ [ [ [ 73.228628752172796, 18.5333491326119 ], [ 73.228718186439792, 18.533373919162177 ], [ 73.228751531053533, 18.533265761462143 ], [ 73.228662096786536, 18.533240974896181 ], [ 73.228628752172796, 18.5333491326119 ] ] ] ] } },
{ "type": "Feature", "properties": { "fid": 247.0, "NAME": null, "TYPOLOGY": "zap adivasi school", "NO OF HOUS": null }, "geometry": { "type": "MultiPolygon", "coordinates": [ [ [ [ 73.228665901791402, 18.53326172737961 ], [ 73.228778726559, 18.533242159037901 ], [ 73.228765456021563, 18.533173375677983 ], [ 73.228652631253965, 18.533192944027565 ], [ 73.228665901791402, 18.53326172737961 ] ] ] ] } },
{ "type": "Feature", "properties": { "fid": 248.0, "NAME": null, "TYPOLOGY": "zap adivasi school", "NO OF HOUS": null }, "geometry": { "type": "MultiPolygon", "coordinates": [ [ [ [ 73.228657646320585, 18.533176931216016 ], [ 73.228752584234797, 18.533154753750903 ], [ 73.228735768568455, 18.533090041463819 ], [ 73.228640830654257, 18.53311221893733 ], [ 73.228657646320585, 18.533176931216016 ] ] ] ] } },
{ "type": "Feature", "properties": { "fid": 249.0, "NAME": null, "TYPOLOGY": "zap adivasi school", "NO OF HOUS": null }, "geometry": { "type": "MultiPolygon", "coordinates": [ [ [ [ 73.228640830654257, 18.53311221893733 ], [ 73.228735768568455, 18.533090041463819 ], [ 73.228723555156535, 18.533043040169851 ], [ 73.228628617242336, 18.533065217649458 ], [ 73.228640830654257, 18.53311221893733 ] ] ] ] } },
{ "type": "Feature", "properties": { "fid": 250.0, "NAME": null, "TYPOLOGY": "zap adivasi school", "NO OF HOUS": null }, "geometry": { "type": "MultiPolygon", "coordinates": [ [ [ [ 73.228628617242336, 18.533065217649458 ], [ 73.228723555156535, 18.533043040169851 ], [ 73.228707082311985, 18.532979647134027 ], [ 73.228612144397786, 18.533001824621859 ], [ 73.228628617242336, 18.533065217649458 ] ] ] ] } },
{ "type": "Feature", "properties": { "fid": 251.0, "NAME": null, "TYPOLOGY": "zap adivasi school", "NO OF HOUS": null }, "geometry": { "type": "MultiPolygon", "coordinates": [ [ [ [ 73.231267751005248, 18.533120835269287 ], [ 73.231309028359249, 18.53312474894059 ], [ 73.231314160139732, 18.533076092467574 ], [ 73.231272882785746, 18.533072178795162 ], [ 73.231267751005248, 18.533120835269287 ] ] ] ] } },
{ "type": "Feature", "properties": { "fid": 252.0, "NAME": null, "TYPOLOGY": "zap adivasi school", "NO OF HOUS": null }, "geometry": { "type": "MultiPolygon", "coordinates": [ [ [ [ 73.230534390015819, 18.533668748379249 ], [ 73.230621760415133, 18.533642657318609 ], [ 73.230589292750693, 18.533544918726495 ], [ 73.230501922351394, 18.533571009802056 ], [ 73.230534390015819, 18.533668748379249 ] ] ] ] } },
{ "type": "Feature", "properties": { "fid": 253.0, "NAME": null, "TYPOLOGY": "zap adivasi school", "NO OF HOUS": null }, "geometry": { "type": "MultiPolygon", "coordinates": [ [ [ [ 73.230463530558126, 18.533591779738899 ], [ 73.230564744715011, 18.533560315823312 ], [ 73.23055098559702, 18.533520526928992 ], [ 73.230449771440121, 18.533551990851901 ], [ 73.230463530558126, 18.533591779738899 ] ] ] ] } },
{ "type": "Feature", "properties": { "fid": 254.0, "NAME": null, "TYPOLOGY": "zap adivasi school", "NO OF HOUS": null }, "geometry": { "type": "MultiPolygon", "coordinates": [ [ [ [ 73.230969178144633, 18.533987058998367 ], [ 73.231051732852634, 18.533975318043435 ], [ 73.231042065912391, 18.533914214248455 ], [ 73.230959511204389, 18.533925955207582 ], [ 73.230969178144633, 18.533987058998367 ] ] ] ] } },
{ "type": "Feature", "properties": { "fid": 255.0, "NAME": null, "TYPOLOGY": "zap adivasi school", "NO OF HOUS": null }, "geometry": { "type": "MultiPolygon", "coordinates": [ [ [ [ 73.231126720045722, 18.533752892022683 ], [ 73.23117694082643, 18.533749630641925 ], [ 73.23117291740769, 18.533693935275419 ], [ 73.231122696626983, 18.533697196657236 ], [ 73.231126720045722, 18.533752892022683 ] ] ] ] } },
{ "type": "Feature", "properties": { "fid": 256.0, "NAME": null, "TYPOLOGY": "zap adivasi school", "NO OF HOUS": null }, "geometry": { "type": "MultiPolygon", "coordinates": [ [ [ [ 73.231504407834834, 18.533776373962294 ], [ 73.231535365850334, 18.533771808029847 ], [ 73.23151924280549, 18.533673535415677 ], [ 73.23148828478999, 18.533678101350752 ], [ 73.231504407834834, 18.533776373962294 ] ] ] ] } },
{ "type": "Feature", "properties": { "fid": 257.0, "NAME": null, "TYPOLOGY": "zap adivasi school", "NO OF HOUS": null }, "geometry": { "type": "MultiPolygon", "coordinates": [ [ [ [ 73.231459002745439, 18.533804421830379 ], [ 73.231505095790752, 18.533791376310909 ], [ 73.231490534083463, 18.533745124583156 ], [ 73.231444441038164, 18.533758170106154 ], [ 73.231459002745439, 18.533804421830379 ] ] ] ] } }
]
}
